,page_id,region_id,bbox_x1,bbox_y1,bbox_x2,bbox_y2,bbox_x3,bbox_y3,bbox_x4,bbox_y4,region_text,wayang_type,article_genre,event_city
0,UM-1956-01-01-1,31,3303.0,3357.0,4779.0,3357.0,4779.0,5767.0,3303.0,5767.0,"ڠکو عد الرحسن ممبايڠکن عبدالحميد جومة سسالم مرا يو کفد سموا اعل٢ امنو، للاکي بهوا دي تيدق منجشك فندافة تنتاڠن درفدکراجأن بريتيش فرمفوان، سفاي جاڠن تيدق٢ نتڠ تنتوتن٢ ترسبوة.اکراجأن حاضر در يفل هوتيل سبلوم جم2 بر يتيش سوده فون منيم تڠ اين. مريك جوك دمنته رکارا ايت فد فوکوءڽ، کات سفاي ممباوا چوݢنکات٢ يڠ ڠکو، دان رومبوڠن مرديکا 2سسواي دان بندينا أمنو عاڽ مرونديڠکن بوتيرڽ٢ ساج 2امنو٢چواڠن ݢيلڠ اکن ݢات(بليو:"" ,,کالو ملايا ميدياکن سبواه لوري أنتوق ماروسى ملالوءي دولوفمرنتاهن ممباوا اهليڽ٢ کريفل س هوتيل سنديري سبلوم مرديکا، اف لوري ايت اکن برتولق دري يڠ ساي منتا ايت، يڠ سميمڠڽ فڠݢوڠ وايڠ تاج، تفة جم 1.30 ساڠة سدرهان دان عاديل، فتڠ دان اهل٢ امنو ݢيلڠ دمنت مستيله د بريکن. سمفي دسان سبلوم ايت. ,,تتافي سکيراڽ ساي ݢاݢل حميد جومة مڽتاکن بهو دان تيدق دافة ممباوا کمبالي ي تله فون مندافة فرمية دري کماهوان٢ رعية، مک ساي اکن فيهق فوليس انتوق مڠادکن چف سباݢي فميمفينيڠ فرارقڠن ايت. اهل٢ امنو تيدق بيجق اتو فون دفندڠ هينا يڠ ايکوة دالم فرارقين اوله سݢنف لافيسن رعية. ساي رسبوة دمنتا سفاي منجاݢ ڠاکوءي بهوا ساي تيدق اکن کأمانن. تڠکو عبدالرحمن اکن منجادي فميمفين يڠ"" بݢيتو“ منايککي سبواه کريتا يڠ تيدق کات بليو لاݢي. برتوتف اتسڽ سمنتارا لوري٢ ستروسڽ کتوا منتري ايت دان موتورسيکل دان مو تورکار",other_or_undetermined,other,
1,UM-1956-01-01-8,472,1683.0,987.0,2362.0,987.0,2362.0,2350.0,1683.0,2350.0,فرجمفأن فيلم ڠکو- چين فيڠ د سيڠافورا هاري اين يڠ 2 مڠݢمبرکن 81 فيلم رجمفأن کأمانن د باليڠ انتار کتوا کوميونيسة چين فيڠ ڠن تڠکو عبدالرحمن، کتو منتري فرسکتوان دان توان يبيد مارشل، کتوا منتري يڠافورا اکن د تايڤکن دفڠݢوڠ وايڠ سيڠافورا هاري اين فيلم ترسبوة تله دتايڠکن,film,live_event,Singapore
2,UM-1956-01-07-4,2095,3067.0,2352.0,4549.0,2352.0,4549.0,6510.0,3067.0,6510.0,کن د بوکفد 12 فيبرواري دفن. سچارا کاسر دافة کيت سنديري نتارا لاين يڠ اکن دادکن ڽقسيکن بهوا تيݢ امفة بواه سيتو اياله کيرا٢ 200 ݢراي کدي فاجق يأيت دکاتوڠ دان رنيݢأن، 20 بواه درفداڽ اکن ݢيلڠ، ستيف هاري سبت فد بري کفد اورڠ٢ ملايو. اکن جم 9 فاݢي دان 4 فتڠ فنوه ادکن جوݢ فرماينن٢ دبنجيري اوله فارا تامو يڠ سفرت روڠݢيڠ، جوݢية مودرن داتڠڽ دري کاواسن ݢيلڠ ايڠ بڠساون، وايڠ چينا، سراي، کبون اوبي اتو لبه ايڠ ݢمبر، کودا٢ فوسيڠ دان فتڽ يڠ تيڠݢل دکاواسن تامن ملي اوفيرا يڠ دفيمفين اوله هيبوران ايت. اف لاݢي جك ادين سوديرو يڠ سبهاݢين تامن هيبوران ايت دبوك.. فارا فلاکونڽ اکن د باوا سلاين دري ايت، کريسيس اسوق دري اندو نيسيا مورال دان کرونتوهن اخلاق سيارن ايت دان فمودا - فمودي کيت اتو فون ممباچ مندڠکن ورڠ٢ ديواس يڠ جيواڽسوده همفيرڽ هاري مبوکأنڽ’مک سڠݢوه منچمسکن تيدق دافة دبنتوق لاݢي ن مبه کمبڠ بياق. کيت فراسأن فندودق٢ دکاو اسن تامن يبوران ايت تراو تماڽ اورڠ٢ ڠ ممبنته سکين لام اين  مريک تله مراملکن عاقبة٢ بوروق اکن تيمبول دڠناداڽ سبواه تامن هيبوران يڠ تيدق فرلوکن ايت لبه٢ لاݢي نق کامي دملي کوليج کلڠکفن سبواه تامن هيبوران ڠ بتول٢ اکن مروفاکن سفرت تأ دافة سکولرشيف  کامي باݢي فيهق ايبو باف جاس بايک توان٢ فننتوة٢ دري کلنتن يڠ سدڠ يدق اکن کامي بلاجر دملي کوليج کو الا کڠسر، فيرق، مراس دو کچيت و فاکن اتس سيکف فجابة فلاجران کلنتن يڠ تيدق منوهي جنجيڽ کامي مريد٢ درجه لافن دولو هندق ممبري سکولرشيف سکوله سلطان سليمان کوالا (ستية سکولرشيف) کفد انق٢ کامي يڠ بلاجر دکوليج ايت. رڠݢانو مڠوچفکن تريمکاسيه کامي مراس برة هندق کفد داتوء عبدالرازق، منتري منڠݢوڠ فربلنجأن سکوله انق٢ فلاجران فرسکتوان تانه ملايو کامي کران دري سفڠݢل کسفڠݢل ڠ تله مڠمبيل برة دأتس ايوان٢ کامي مڠنأي کنايککن برتمبه باڽق بلنجاڽ لبه٢ لاݢي بلنجا تمبڠ کريتا انتارا کوالا رجه سمبيلن. اتس چمفور کڠسر دان کمفوڠ کامي. کامي اڠن داتوء ايت تيدق اکن کامي لوفاکن سعمور هيدوف. هارف فرکارا اين مندافة,stage_performance,op_ed,
3,UM-1956-01-09-1,2888,4862.0,4589.0,6393.0,4589.0,6393.0,7780.0,4862.0,7780.0,کبکارن بسردکوالا لهفور 000و7 هيلڠ رومهتڠک ݢومبق ين بناس  کوالا لمفور 8 جنواري - کيرا٢ 5000 اورڠ فندودق٢ يڠ نديامي کاواسن سسق ݢومبق لين، دبلاکڠ فڠݢوڠ! وايڠ کوليسيوم تله هيلڠ رومهتڠݢ دالم ساتو کبکارن يڠ بسر سکالي دکوالالمفور فتڠ اين. کبکارن مولا برلاکو فد جم 3.15 فتڠ تله ممبناسکن کيرا٢ 200 بواه رومه دکاواسن ايت سبلوم کريتا٢ بومبا تيبا. ساتو  فرتيݢ فندودق٢ کاواسن ايت اياله اورڠ٢ ملايو. اڽق اورڠ تله چدرا. ببراف اورڠ د بريتاکن تله هيلڠ دالم کبکارن ايت. کملاڠن جيوا بلوم دکتهوي لاݢي سوقت اخبار اين دچيتق يݢ فوله اورڠ يڠ چدرا ريڠن تله دراوة دتمفة کبکارن ايت اوله فکرج٢ سوکريلا. سئورڠ فوليس، کفرال اسحاق بن محمد يوسف تله مڽلامتکن 30 اورڠ کانق٢ دالم ماس کبکارن يت سدڠ ممونچق کران بسرڽ کبکارن ايت مک تايڠن ݢمبر دفڠݢوڠ کوليسيوم تله دهنتيکن فد جم 3.50 فتڠ دان فڠݢوڠ ايت دجاديکن رومه فاسوڠ سمنتارا انتوق دݢوناکن برهو بڠ دڠن کبکارن ايت. اداله دفرچيأي هوبڠن تيليفون کأو تارا ملايا تله ترݢند الا مالم اين کران فساوة٢ تيليفون کأو تارا يڠ مرينتاڠي کاواسن  ايت تله بناس دالم کبکارن ترسبوة. اورڠ٢ ملايو يڠ کملاڠن تله دتمفتکن درومه امنو کوالا مفور، ديوان فرنيݢأن چينا، تأون هول دان لاين٢ تمفة. بدان٢ سوکريلا تله ممبنتو کراجأن مندفترکن اورڠ٢ يڠ مالڠ ايت. جباتن کبجيکن مشارکة تله ممبري ماکن دان سليموة کفد مڠسا٢ کبکارن کيرا٢ 500 اورڠ فوليس تله دکره ککاواسن کبکارن ترسبوة,film,live_event,Kuala Lumpur
4,UM-1956-01-09-8,3359,1603.0,4160.0,2332.0,4160.0,2332.0,5366.0,1603.0,5366.0,توده منچوري بسيکل براوي بن بهروم عمور 16 تاهون، تله دتوده دمحکمه ڠ کتوجه سيڠافورا، سمالم نچوري سبواه بسيکل دفڠݢوڠ وايڠ کوءينس، سيڠافورا فدفاݢي ءجنواري يڠ لالو. دي جوݢ توده مڽيمفن بسيکل ايت يڠ له دکتهويڽ بارڠ چوري فرکاراڽ تله دتڠݢوهکن هڠݢ 11 جنواري دفن دان اي بنرکن جامين 500ڠ دڠن ساتو,other_or_undetermined,other,
5,UM-1956-01-10-3,3597,5651.0,669.0,6392.0,669.0,6392.0,1677.0,5651.0,1677.0,يڠݢو درما تي. بي. کوت بهارو 9 جنواري - ميڠݢو درما کفد اورڠ٢ يڠ برفڽاکية باتوق کريڠ دکلنتن اکن دادکن دسيني مولاءي 29 مرچ هڠݢ5 افريل دفن. ببراف فرتنجوقين سفرت: سنديوارا مالم انيکا ورن، وايڠ ݢمبر دان تاري مناري اکن دادکن سفنجلڠ يڠݢو ايت د بلاکڠ هوسفيتل بسر,film,live_event,Kota Bharu
6,UM-1956-01-11-7,4299,2621.0,3276.0,3358.0,3276.0,3358.0,4735.0,2621.0,4735.0,فيليهن راي بئت کوالا ليفيس 10 جنواري - سفوله اورڠ چينا تله مڠموکاکن ام مريک سمالم انتوق برتنديڠ الم فيليهن راي لوکل کأو نسل کاواسن فکن بنتا. اهل کأو نسل ت کسمواڽ اياله سرامي 15 اکن ورڠ. 5 اورڠ اهل لاݢي لنتيق اوله کرا جأن فمبواڠن او ندي تله تتفکن فد 16 جنواري اين فڠݢوڠ وايڠ ݢمبر بنتا دان جوݢ دبالي راي بنتا سبرڠ سلما اين فکن بنتا ترلتق د باوه دبير دان فرهاتين مجاس,film,other,
7,UM-1956-01-15-2,5903,2250.0,1993.0,2975.0,1993.0,2975.0,4183.0,2250.0,4183.0,ارتي رعية بکرج کران کمرديکأن - بستمام بسره 14 جنواري - سودار حمد بستمام، کتوا فارتي رعية لايا، تله مڠادکن ساتو مجلس تراحن دفڠݢوڠ وايڠ ݢمبر بسره کوانتن، فهڠ، بر کنأن دڠن فارتيڽ دي مڽتاکن بهوا توجوان ارتيڽ اياله بکرج برسڠݢوه٢ اݢي منچافي کمرديکأن ملايا أيت کمرديکأن يڠ منجامين کبهݢيأن هيدوف رعية.  اير فاسڠ سيڠافورا جم 1154 فاݢي دان 1.02 د ينيهاري، سلة تبراو 12.17 ڠهاري دان 1.17 دينيهاري. فورق يقسن، 806 مالم دان 821 فاکي يسوق، فورة سويتنهم 7.38 مالم دان 7.37 فاݢي ايسوق، باݢن دا توء 36 5 نتڠ دان 5.18 فاکي ايسوق، فولو فينڠ 2.2 فتڠ دان 2.10 دينيهاري، فولو ڠکاوي 1.37 فتڠ دان 1.38 د ينيهاري کوا نتن 11.05 مالم دان 10.11 فاکي يسوق، کوالا ترڠݢا نو 10.22 ماام دان,film,live_event,Kuantan
8,UM-1956-01-15-5,6096,4100.0,5422.0,5584.0,5422.0,5584.0,7148.0,4100.0,7148.0,اتڠ منايڠکن وايڠ ݢمبرڽ کمفوڠ دڠن يڠ لاين ساڠتله لاݢي جاوه. مريک تيڠݢل دتفي٢ ساي سوک منرڠکن دسيني سوڠي ببراف کجادين يڠ برلاکو دکمفوڠ اين تله دبوک کتيک ببراف بواه موتور بواه سکوله سجق تاهون 1950. ملالوءي جرم ايت. دالم بولن کراجأن مڠهنترکن سئورڠ مو بمبر يڠ لالو سبواه موتور ݢورو انتوق مڠاجر دسکوله مله ترباليک کتيك فولڠ دري يت. ݢورو اينله يڠ برسوسه لويناڠسردا موق فايه مماجوکن سکوله ايت. فندودق٢ کمفوڠ تله کهيلاڠن سبواه اينجين مبواتکن سبواه رومه انتوق فد 7دسيمبر يڠ لالو، سبواه ݢورو ايت. فد تاهون لاݢي موتور تله ترباليك. 1952 کراجأن مڠهنترکن امفة سبواه ميشين جاهية دان سبواه ورڠ ݢورو لاݢي. رومه٢ ينجين تله هيلڠ وقت دالم مريک جوݢ دبواتکن اوله کملاڠن ايت. فد 16 دسيمبر يڠ فندودق٢ کمفوڠ ترسبوة تتافي لالو، سبواه موتور لاݢي يڠ ممواة بارڠ٢ تله ترباليک. اوله. سبب کايو٢ يڠ دبواة,film,other,
9,UM-1956-01-15-5,6119,4760.0,4432.0,6345.0,4432.0,6345.0,5429.0,4760.0,5429.0,باڽق موتورر يڠ سوه کراجأن ماسيم برديم (اوله: فترا ݢونڠ تاهن، فهڠ) داوتارا نݢري فهڠ اد انتوق فندودق٢ دسيني داتڠ سبواه کمفوڠ يڠ ترفنچيل يڠ فد تيف٢ بولن. تتافي سجق بولن سفتمبر تاهون لالو، دديامي اوله فندودقڽ٢ لبه کورڠ 500 اورڠ. کمفوڠ اين موتور وايڠ ݢمبر تيدق فرنه,film,other,
10,UM-1956-01-16-7,6705,2705.0,4724.0,3450.0,4724.0,3450.0,8142.0,2705.0,8142.0,"اداله دفهمکن بهوا فلية رسبوة مونکين اکن دديريکن رهمفيران دڠن فڤݢوڠ وايڠ ݢمبر اوديون، باتو رود” دڠن اکن بلنجا کيرا٢ ساتو جوت ڠݢية منتري فرومهن، أ. سليمان بن بدالرحمن، دفهمکن تله ممبري باهو مجلس مشوارة ميو نيسيفل کوالا لمفور تنتڠ رنچاڠن رسبوة دان منتا مجلس ايت ڠکاجيڽ. دالم مشوارة خاصڽ کلمارين مجلس اين له فون ميتوجوءيڽ. اي جوݢ له ملولسکن تيݢ لاݢي رنچاڠن فرومهن انتوق مڠاتسي ککوراڠن ومه دان مڠهافوسکن کاواسن٢ سق دالم بندر اين. مڠسا٢ کبکارن ݢومبق لين کن برفلواڠ مندافة رومه٢ اين رنچاڠن ترسبوة اکن دکلولاکن وله هأوسيڠ ترباسة دڠن فينجامن راڠ دري کراجأن فرسکتوان تيݢ رنچاڠن فرومهن تتف يڠ لولسکن اوله مجلس مشوارة ميو نيسيفل ايت اکن مماکن بلنجا کيرا٢ 4675,000. دکمفوڠ بارو اولو کلڠ” 100 يو نيه رومه يڠ مماکن بلنجا 8350,006 اکن ددبرايکن جوݢ اوله هأوسيڠ تراسة. هرݢ فاليڠ تيڠݢي اکي تيف٢ سا تو رومه بابا 4 3.50 يڠ د باير 35ه سبوان داير فانس، ستافق، 50 بو نبا رومه اکن دديريکن يڠ تيف٢ سبواه برهرک 4,000“ د باير 840 سبولن دا توء کرامة (دولوڽ دکنل سباݢي مفوڠ تڠݢ چينا) اکن دديريکن اݢي 50 بواه رومه بنتوق ملا يو يف٢ رومه اکن دجوال دڠن مرک 22,506 دان بوله د باير سبا ڽق 125",film,other,
11,UM-1956-01-19-4,7965,2232.0,7784.0,3701.0,7784.0,3701.0,8207.0,2232.0,8207.0,نتوان کيرا٢ (ستڠه باتو ساج). داتڠ کسکوله ايت. - سيد عثمان اوله کران کاواسن کمفوڠ بن علي، فݢاوي فنراڠن، باݢي فيهق فڠاره، جباتن فنرااڠن نجاي اين تيدق براف لواس انتوق تمفة منايڠکن وايڠ فرسکتوان تانه ملايو,film,other,
12,UM-1956-01-19-4,7979,694.0,6375.0,3703.0,6375.0,3703.0,7812.0,694.0,7812.0,"لبه کورڠ 3,000 اورڠ يڠ او توسن ملايو کلوارن 27 ݢمبر، مک فجابة فنراڠن تله هندقڽ مڽوکڠ تنتوتن٢ کامي منجادي فندودق مرات٢ دسيمبر تاهون 1955 درواڠن مميليه تمفة دسکوله ملايو يت. - دري رعية انتوق کمفوڠ دالم دأيره نݢري رعية، قدح منتوان. سکوله اين سنڠ ددا تڠي اد مڽيارکن منبر اورڠرامي کلنتن اين دفندڠ سباݢي فواق اوله فندودق٢ کمفوڠ ه بهوا فندودق٢ چابڠ امفة“ يڠ رنده- ساي يڠ طاعة، سيد انتوق وا يڠ. منو نتون ينجاي، کلنتن برهارفکن کچيک بن سيد دأود القدري. بايران اوفاهن بنوم دتريما اݢي فول فندودق٢ کمفوڠ سفاي فجابة فنراڠن منايڠکن  ياس داتڠ کسيتو، ݢتيک اد سبلوم ترتوبهڽ لوکل وا يڠ ݢمبر دتمفة مريک  فرتنجوقئن٢ وايڠ ݢمبر. کأو نسل دسوڠي رمبي، مرليمو ناريي سودارا دسيني ساي سباݢي فݢاوي دڠن کتراڠن اين دافتله ملاک، مك کمفوڠ اين ميمڠ سوده فنراڠن باݢي فيهق فڠارم سياف يڠ تأو دمان اداڽ سدياماجو. فارية٢ يڠ د برسيهکن فنوليس ايت ممهمکن بهوا جباتن فنراڠن فرسکتوان تانه سودارا ساي برنام عبدالرحمن دکمفوڠ ايت اياله دڠن بايران سڠݢهفون دکمفوڠ بينجاي تيدق ملايو ايڠين منرڠکن بهوا بن حاج يوسف، يڠ تله برفيسه رنه دتايڠکن وايڠ ݢمبر اوله کراجأن يڠ داوسهاکن اوله کمفوڠ بينجاي ايت لتقڽ تيدق فجابة فنراڠن، تتافي نمفقڽ دڠن ساي سجق تاهون 1945 فندودق کمفوڠ ملالوءي داتوء راف جاوه دري سکوله ملايو فندودق٢. کمفوڠ تيدق کبراتن مارفله برهوبڠ دڠن ساي ففهولو. تتافي انيهڽ سمفي",film,live_event,
13,UM-1956-01-19-6,8101,3854.0,6319.0,4593.0,6319.0,4593.0,7436.0,3854.0,7436.0,"فرتنجوقئن وايڠݢمبر قوم ايبو دان امنو چواڠن “اکن کمڤوڠ ملايو، سيڠافور .فيلم مڠادکن ڤي تنچوقين هندو ستان برنام ,رديدو“ دفڤݢوڠ بنترال ثياتر، جألن يونس کمڤوڠ ملايو فد جم 7 دان انتوق O.15 فد مالم اين کبجيکن مڠو تيف درها بوم ايبو دان امنو چواڠن کمفوڠ ملايو. تيکية٢ بوله دافة",film,live_event,Singapore
14,UM-1956-01-20-5,8607,2531.0,7602.0,3251.0,7602.0,3251.0,8067.0,2531.0,8067.0,. عمر مندسق سفاي او ندڠ٢ خاص ايت دادکن دڠن سݢرا ليو جوݢ مڽرو سفاي فڠواس٢ ڠݢوڠ وايڠ تورة ممبريکن,stage_performance,other,
15,UM-1956-01-20-5,8609,2527.0,6834.0,4016.0,6834.0,4016.0,7498.0,2527.0,7498.0,کاونسلر منتاأ فنجوالن تيکية٢ رايڠ کمبر فاسر کلف دهافو سکن لور ستار 19 جنواري - أ. عمر ايس. محمد، ددالم مجلس شوارة تأون کأو نسل الور ستار سمالم، تله مننتوة سفاي فيهق يڠ رکنأن مڠمبيل لڠکه مڠهنتيکن فنجوالن٢ تيکية٢ وايڠ ݢمبر چارا فاسر ݢلف د يڠ سدڠ برللواس“ دفڠݢوڠ٢ وايڠ کمبر,film,live_event,Alor Setar
16,UM-1956-01-22-6,9750,3116.0,4436.0,3833.0,4436.0,3833.0,5663.0,3116.0,5663.0,مسيحي 1511 - 1458) مئورة ررسجاره ملايو، چيتقين کتيݢ (تاهون 1948) هڠ تواه منيڠݢل دنيا دملاک سوقت دالم فمرنتاهن سلطان محمود شاه دان دمقامکن تنجوڠ کليڠ رودڠن سفنوه٢ عادة دانݢراه“ دان تيݢ هاري ݢندا (سلطان محمود) تيدق بوبة سلما اين چريتا مڠ تواه سلالو دتنجوقکن اوله وايڠ٢ بڠساون ملايو، سنديوارا٢ دان,stage_performance,other,
17,UM-1956-01-22-7,9824,4046.0,1655.0,4790.0,1655.0,4790.0,5652.0,4046.0,5652.0,"فصل فڠݢوڠ وايڠ ݢمبر: اف لتق جواتن توان يافڠفيڠ ݢيق، اهل جلس بندر رامي سيڠافورا يڠ لنتيق، فاݢي سمالم تله مڠهنتر سورة فمبرهنتينڽ درفد مجلس ت سورة ترسبوة تله دهنترڽ کفد فريسيدنة مجلس بندر راي وان جي. تي. ري دان اکن سمفيکن فول کفد ݢبنور سر وبرة بليق کمدين کلق سباݢي اهل يڠ دلنتيق29 ݢبنور مفو ڽأي کواس فنوه“ا تس فرلتقئن جواتن ايت. دياله يڠ اکن ملولسکن تو منولق فمبرهنتين توان ياف ايت توان ياف تله مڠمبيل تيندقين ترسبوة برا يکوتن دڠن کفو تسن مجلس ندو راي مالم سمالم يڠ تله نولق اوسولڽ برکنأن فند يرين فڠݢوڠ وايڠ دکاتوڠ بليو مڽتاکن بهوا دي تيدق رلالو ممندڠ برة اتس سوأل فڠݢوڠ وايڠ دکا توڠ ايت، تتافي ,,ساي مأو سفاي داسرمجلس اين دفرتاهنکن“ دفرنتهکن باير نوڤه امفة اورڠ انقڽ عبدا لحميد بن غفار، بکرج بي. او. دي. سيڠافورا تله دفرنته ممباير نفقه امفة اورڠ نقڽ سباڽق 860 سبولن کفد جنداڽ مريم بنت حاج فيچي يڠ ندعوا دمحکمه يڠ کأنم سيڠافورا کلمارين حميد تله دفرنته جوݢ باير نفقه کبلاکڠن انقڽ٢ ايت سباڽق 8360 کفد مريم يڠ تله چرا يکن اوليهڽ فد بولن جون اهون لالو. برکنأن دڠن ايران نفقه کبلاکڠن ايت دي بله دبنرکن ممبايرڽ دڠن را نسور٢ يأيت 315 سبولن",film,other,
18,UM-1956-01-24-5,10629,3239.0,2854.0,3971.0,2854.0,3971.0,3740.0,3239.0,3740.0,"فرتنديڠن ترسبوة دا نجورکن وله توان ايچ. عيم. شاه سئورڠ فمباوا ماسوق فيلم٢ لوار نݢري بليو بارو٢ اين تله ممباوا اسوق سبواه فيلم مصر برنام بلال، توکڠ بڠ رسول الله“ فيلم رسبوة تله د,ددا بيڠکن“ کدالم هاس ملايو دان اکن دتايڠکن دفڤݢوڠ وايڠ فرسکتوان دان",film,live_event,
19,UM-1956-01-25-4,11010,56.0,7644.0,1399.0,7644.0,1399.0,7934.0,56.0,7934.0,فرهاتين اتس بنتاهن فمبوکأن فنايڠن وايڠ ݢمبر ايت د تامن هيبوران يڠ اکن دوا تيݢ کالي سبولن منيمبولکن برباݢي٢ کبوروقئن بيرو، کمفوڠ کوانتن,film,live_event,Kuantan
20,UM-1956-01-25-4,11014,40.0,7065.0,3691.0,7065.0,3691.0,7541.0,40.0,7541.0,فيهق کتوا٢ کمفوڠ يڠ بافيس بن قادير في. او. نيلاي ڠ دسبوتکن دأتس. اوله براوتوس سورة. - برکاوي فرهاتين. - درعم“ عم، کوالا دافة کابر تنتڠ فنايڠن وايڠ فارية بارو، سابق برنم، سلاڠور نݢري سمبيلن. کلاوڠ، جلبو، نݢري سمبيلن. يت کماتين مريک ددالم يت، بريله تأو دان هي   کفد فندودق٢ کمفوڠ منتري حميد چومة دمنتا فرهاتينڽ برکناءن تامن هيبوران کيلڠ سراي مواسکنماتي مريدن,film,live_event,Kuala Lumpur
21,UM-1956-01-25-4,11024,32.0,4505.0,2980.0,4505.0,2980.0,6883.0,32.0,6883.0,"نتا هرک کته کفد فيهق يڠ برکنأن. شهيد، يڠ اوله ايت کفد سکلين کران مريک برفندافت دمکين واجبله دمندي دان دررانيو ملايا ددأيره مرسيڠ فندودق٢ کچيل ولو فون سوده دسمبهيڠکن. دفرايڠتکن بهوا سݢل را يوان٢ راديو ملايا سيڠافورا اداله برخدمة هڠݢ 30 مڠيلقکن سفاي انتوق بوليهله منروسي علامة ترسبوةن- لبه٢ لاݢي باݢي ݢورو دمنتا سفاي مڽيارکن هرݢ٢ جاڠن ترجادي ساله فهم کفد ستيأوسها امنو بهاݢين مرسيڠ، ݢته ددالم سيارنڽ ستيف مڠاجر دسکوله ة جالن کمفوڠ مرتيڠ کانن، هاري سديڽ دري ماي ميطو بوفوله٢ يو ايڠ اورڠرامي، مک ايلوقله فجابة ݢام يڠ مولا٢ مڠاشتهارکن مرسيڠ، جوهر. نتوق دکتهوي اوله فمبلي ترفقسا مڠلوارکن تمبڠ فوتسن ايت ممبري فنجلاسن ݢته بڠسا ملايو يڠ برليسين. 420 دان 30ة سبولن. - رکنأن ماتي شهيد ايت تراو تام الرمبوي، نݢري سمبيلن کالو دافة هندقله سيارن هرݢ کالي بݢيمانکه يڠ دکتاکن کيريم سورة ݢته ايت دادکن دوا کالي "",شهيد المعرکة“’.- کتوا کمفوڠ   لنجا 3 رڠݢية هيبههدن يأيت سبله سياڠ ت سکالي إدان و بهيرڠ اولو، فيرق سبله مالم سکالي. بيارله هرݢاڽ کامي فندودق٢ فارية بارو فندودق٢ کمفوڠ کو سروف دڠن هرݢ تياوکن اوڠد ديوان فرنيکڽ منتا داله مڠوچفکن سوڠي لڠ، سابق برنم، سلاڠور  ف تريمکاسيه اتس کون کامي ايبو باف فندودق٢ اداله مراس بڠݢا کالو سکيراڽ ݢته چينا. - فمبلي ݢته يڠ فجابة فرهو بڠن راي مقيم فرادوڠ دان فتاسيه جلبو، دافة کراجأن مڠادکن سبواه و برليسين. سودي منايڠکن وايڠ کمب فݢري سمبيلن برهارف ساڠة فوستل ايجينسي دسيني مالم 16 جنواري يڠ لبه کورڠ 10,000 اورڠ سفاي فيهق منيجر بس جلبو کمباليکن ليسة خيرات د تمفة کامي. دافة مڠادکن سبواه بس خاص فندودق٢ دسيني يڠت رفقسا تتافي دسمفيڠ ايت کفد سکلين قوم مسلمين يڠ نتوق ممباوا انق٢ کامي مڠيريم سورة دان رجيستر مڽتاکن دوکچيت کران ف تله ممݢڠ ليسة خيرات مسجد راولڠ اليك کسکوله. کهوتن ملينتڠ دڠن منايککي باتو 16 سفڠ رود، في. او. وايڠ ݢمبر ايت تيدق دبر موتور بوة. کامي ترفقس فد ماس اين انق٢ کامي نيلاي، نݢري سمبيلن اداله لبه دولو دان باڽق فندو کسکوله سلالو ترلمبة دان اد مڠلوارکن بلنجا سباڽق تيݢ کالاڽ مريد٢ درجه سوده رڠݢية انتوق تمبڠ فرݢي باليک دمنتا سفاي مڠمباليکن کفد کمفوڠ يڠ تيڠݢل جاوه",film,other,
22,UM-1956-01-25-4,11040,2220.0,3478.0,3874.0,3478.0,3874.0,3863.0,2220.0,3863.0,کامي برهارف سفاي بليو وايڠ ݢمبر دتمفة کامي. سلما نتوق اين تيدق فرنه سکالي فون داوة مڠوروسکن هاڽ مڠمباليکن سموا واڠ فجابة فنراڠن داتڠ منايڠکن ساج. فروبيدنة فند کامي ايت. - وايڠ ݢمبرڽ دتمفة کامي. -,film,other,
23,UM-1956-01-25-4,11044,2233.0,1698.0,3721.0,1698.0,3721.0,3475.0,2233.0,3475.0,"انتوق ممواسکن هاوا نفسو سمات٢ ارڠکاليي دسيني ساي برهارف سفاي . عزيز لوڤه فݢاوي٢ اݢامي دنݢري لاين منچنتوهي تيندقئن يڠ دجالنکن کامي بکس اڠݢوت فاسوقکن وله فݢاوي اݢام کلنتن سفاي کسلامتن سدڠ برتوڠݢو٢ اف يلاڠن فلاچور٢ برکوراڠن.- يڠ تله دجنجيکن دولو اوله بکس فلاچور، کلنتن. ڠ برحرمةأ. عبدا لعز يز اسحاق"" منتري فرتانين دان تنامن فرسکتوان تانه ملايو، هندق وايڠ ماهوي مڠوروسکن سفاي واڠ فرو بيدنة فجابة فنراڠن فند کامي دافة دکمباليکن سمولا فندودق٢ کمفوڠ اڠݢور کامي کواتير کالو٢ بليو سأوق، کوالا کڠسر، فيرق ترلوف انتوق مڠوروسکنڽ. اوله کران کامي سباݢي رعية ملالوءي رواڠن اوتوسن ملايو يڠ هيدوفڽ مسکين دان سوأل ين اداله مرايو کفد فݢاوي٢ فجابة فنراڠن فيرق سفاي واڠ اداله ساڠة فرلو انتوق کهيدوفن کامي سهاري٢، مك سودي کيراڽ داتڠ مننجوقکن",other_or_undetermined,other,
24,UM-1956-01-25-8,11248,3860.0,3297.0,4592.0,3297.0,4592.0,5179.0,3860.0,5179.0,ڠ سر يڠکالي مندافة تفوق سورق ري فننتوة٢ سکلين دڠن مندسق ريک ايت سفاي راجين بلاجر دان بکرج انتوق فرفادوان بڠسا مجلس ايت تله مندافة سمبوتن يڠ بسر دان ديوان ايت تله بادة دڠن فننتوة٢ دان اورڠ٢ ملايا يڠ تيڠݢل دلندن هڠݢاکن وسه هندق برݢرق. تڠکو بوله کتاکن تله دکروموني دان هيمفية اوله فننتوة٢ ايت سماس ي تيبا دديوان ترسبوة کمدين تتامو٢ سکلين تله هيبورکن دڠن ساتو فرتنجوقئن وايڠ ݢمبر، يڠ ساتو درفداڽ ياله فيلم فرتموان انتارا تڠکو ڠن چين فيڠ.اد دا نتارافنو نتون٢ ت يڠ تله مڠيجيق٢ دان اد يڠ رسورق افبيل واجه چين فيڠ,film,live_event,London
25,UM-1956-01-27-3,11417,4266.0,5522.0,4990.0,5522.0,4990.0,6830.0,4266.0,6830.0,19 ددندا. ملڠݢر وندڠ چوتي فکرج کوالا لمفور 26 جنواري - فڽات ولانن جياتن بوروه فرسکتوان يڠ تربيتکن سمالم مڠتاکن بهوا 19 ورڠ فکدي دسلوره فرسکتوان تلله دد عوا ان ددندا اتس کسلاهن ملڠݢر و ندڠ٢ چوتي ميڠݢوان باݢي فکرج٢ الم بولن دسيمبر يڠ لالو سئورڠ توان فوڽ وايڠ چينا تله دند! 00 925 دان سئورڠ توان فوڽ جوݢية مودرن 8200 کران کسلاهن ريک مڠݢاجي فکرج٢ يڠ بلوم چوکفب عمور دان تيدق مندافة يسين. کدوا٢ کجادين ترسبوة تلله,stage_performance,other,
26,UM-1956-01-27-8,11715,3043.0,3590.0,3782.0,3590.0,3782.0,7878.0,3043.0,7878.0,ورڠ٢ ساکي مڠمبيل هاݢين دالم تماش فاسر مالم امنو فولو فينڠ 26 جنواري - ساتو فرتنجوقئن بݢيمان اورڠ٢ اکي مڠݢو ناکن بولوه سومفيتڽ کن دادکن دالم تماش فاسر مالم منو دلوروڠ کولية، دا توءکرامة رود، فد 29 جنواري اين. فاسر مالم ايت اکن دادکن سلما سميڠݢو دان اکن دبوک ڠن رسمي اوله أ. سعدون بن حاج زوبير، کتوا فمودا امنو ملايا. فرماينن بوريا، سنديوارا کرونچوڠ فارتي، وايڠ کولية يلة، رمبوڠ دان جوݢية مودرن کن دادکن دان ببراف اورڠ ينتڠ٢ فيلم دري سيڠافورا اکن ورة مڠمبيل بهاݢين دالم تماش رسبوة کوانتس منمبه فرخدماتنڽ سيڠافورا - لندن 29 جم شريکة فنرباڠن کوا نتس - مفاير أيرو يس مڠعمومکن سمالم اݢي ساتو تمباهن دالم فرخدماتن فنر باڠنڽ دا نتارا سيد ڤي اوستراليا دڠن لندن. کلفتڽ ايچ. عيم. برچ“ مفبجي شريکة اين باکي کاواسن تڠݢارا سيا، وقت ممبواة فڠعمومن ترسبوق ڽتاکن بهوا مولاءي 2 مرچ دفن شريکتڽاکن مڠادکن توجه فرخدماتن فنر باڠن کفلتر بڠ دا نتارا کدوا٢ نمفة ايت دالم سميڠݢو. کفلتر بڠ٢ دالم فرخدماتن اين اکن تيب دسيڠافورا فد تيف٢ هاري احد دري سيد ني دان هاري سبت دري لندن کفلتر بڠ٢ اين تيدق اکن برمالم تيدق اکن سيڠݢه دسيڠا فورا، دجاکرتا اتو بڠکوق، دان برهنتي دسيڠافورا هاڽ دالم ماسسا تو جم ستڠه سبللوم منروسکن فنر با ننڽ سمولا اين برمعنى فنومفڠ٢ يڠ منيڠݢللکن سيڠافورا فد جم9.30 فاݢي هاري سبت دجڠک اکن تبيبا دلندن فد جم 2.30,puppetry,live_event,Penang
27,UM-1956-01-28-2,11819,3057.0,4044.0,4561.0,4044.0,4561.0,4817.0,3057.0,4817.0,کرات وفمودا٢کيت چادي سمسيڠ نفڠاروهيي اوله فيلم٢ هوليوفت، موسکو 27 جنواري - اليقز ندر کور نيچوق، سئورڠ فنوليس جريئا سوبية دان بکس نأيب فردان منتري يوکرين سمالم تله نچلا فرسوراتن، فڠݢوڠ وايڠ ݢمبر دان فنتس سوبية کران تيدق مفرسمبهکن کڤد اورڠرامي چريتا٢ يڠ صيحة، برفلاجران دان ومنتيق سفرت چريتا٢ برکنأن دڠن فراجورية٢ ريبولوسي دان,film,op_ed,
28,UM-1956-01-29-4,12407,2217.0,6287.0,3621.0,6287.0,3621.0,6672.0,2217.0,6672.0,فرتنجوقين وا يڠ ݢمبر فيبرواري: جم 10 فاݢي هڠݢ 12 تڠهاري فرتنجوقين مڠنأي کسنيان دان کبودا يأن، ربوک کفد فننتوة٢ دان وايڠ ݢمبر مڠنأي کسنيان ورڠرامي. جم 2 هڠݢ 5 فتڠ دان کبودا يأن. جم 11 هڠݢ,film,live_event,
29,UM-1956-01-30-8,13132,4569.0,4043.0,5298.0,4043.0,5298.0,5479.0,4569.0,5479.0,دتن فاسوقکن٢ لوار دان لاين٢ سبب اکي فرسا توانايت اکن مڠادکن مشوارة اهونن يڠ کأنم فد 9 فيبرواري دفن ام بيليق وايڠ ݢمبر شريکة شيل دکوليار کي، سيڠا فورا در تنجوقئن تواريخ سيڠافور أ دادکن فد بولن دفن فرسکتوان اهل٢ تواريخ لايا چواڠن سيڠافورا اکن ڠنجورکن ساتو فرتنجوقن فيجينة“ (لاکونن) دان ݢمبر٢ واريخ سيڠافورا د بيقتوري يمورال هول مولاءي 6 هڠݢ,film,live_event,Singapore
30,UM-1956-02-01-4,13759,10.0,581.0,4421.0,581.0,4421.0,7124.0,10.0,7124.0,"ا وان کاجا ن دي منتا فرهاتين تس  نصيب فمنتا٢ صدقه يڠ نجمفاءيڽ نکاکيليم٢ تانه انتوق تافق رومه دان کامي بکس اهل٢ ايس. فاڽيي وان ساي سڠݢوه مراس سديه اوله مشارکة دتفي جالن دان تراوتماڽ هرتاون3٢ فميمفين٢ سي. تاهون 1948 يڠ تله مندافة ايکر تانه کبون ݢته مليهة کادأن فمنتا٢ صدقه يڠ ساي تيدق تاهو فول سمأد دان ستروسڽ فيهق يڠ برکواس کربو ݢامي بنتوان درفد ريدا ساڠتله دبري بنتوان واڠ رسليرق دکاکيليم٢ فکن للاکي فمنتا صدقه يڠ ساي ساي فيکر وکيل٢ رعية يڠ بردوکچيت اتس سيکف سلما تيݢ بولن دالم کامي فلادڠ٢ دتلوق ريمبا، کوليم، بوکية مرتاجم دان سوڠي جمفأي ايت فون بکس قربان دفيليه مندودقکي کروسي کراجأن يڠ ممبيذاکن٢ ممبري مڠوروسکن تانه انتوق تاني دان ساي فرچاي فمنداڠن موارر جوهر ساڠتله مندريتا هيدوف يڠ ساله جالن اتو فون مجلس٢ مشوارة، سمأد مجلس رومه ايت بنتوان ايت کفد کامي. تراو تام سکالي تنتڠ کادأن ساوه ڠ مڽديهکن اد جوݢ تردافة هاڽسمات٢ بکس سيسا٢ مشارکة مفاتن، مجلس بندارن، نݢري ساڠة برلاينن دڠن ستڠه راکن٢ کامي تله ڠ تيدق عاديل. تتافي مريک دان ستروسڠ مجلس فيدرال لاين٢ فکن دان بندر دسلوره دان کربو٢ کامي دبري بنتوان رومه، ستڠه ايکر کامي يڠ مندافة فينجامن بتاله اورڠ٢ يڠ تيدق برداي افه ملايو فاتو تله منومفهکن فرهاتين کفد ساوه فادي کامي افبيل سوده ريدا ايت ترفقسا يڠ برکهندقکن بنتوان دان برتمبه سديه ساي مليهة نصيب فمنتا٢ صدقه اين. اداکن کمبالي. امفماڽڽ داوبه، هابيس دماکن اوله ڤمن کامي بوکن هوا کباڽقکن فمنتا٢ صدقه ايت فرهاتين سفنوهڽ دري مشارکة ڽباستن يڠ لواس، اداکن اختيار٢ اولة، سوکو بهاݢين درفداڽ سباڽق 43,000 ترفقسا دج ياله بڠسا ملايو سنديري. بڠسا نتوق ممبيلا مريک دڠن فرکاکس فنجاجه تيف٢ بولن سيڠݢ 0 تله روسق دان بناس، بيلا  ساي سنديري مڠمفولکنڽ دتمفة٢ يڠ ترتنتو فادي سوده بونتيڠ تيکوس فول ڠج بڤتوان کراجان کامي اهل٢ فاسوقکن کامي ممرها تيککن فرهاتيکن ساي دان ستروسڽ ادکن جالن٢ بو مماکنڽ. کسلامتن ملايا يڠ براݢام اسلام کباڽقکن فمنتا٢ صدقه يڠ سفاي جاڠن اد لاݢي فمنتا٢ کرق لڠݢکه امنو سوده فنة کامي براختيار کامي. الڠکه جاوه بيذاڽ تله دتوده اوله فنوليس٢ بهوا ممفو ڽأي لاکي ماسيڠ٢ صدقه. - احمد ايوب، سلاما. انتوق مڠهافوسکن تيکوس يڠ نتارا راکن٢ کامي اي کامي منجادي فرکاکس فنجاجه [قاف استية کعذوران باتڠ توبه بلاك فيهق کامي، فدحال تڠݢوڠ برمهراجليلا ايت. مولاڽ٢ دان الة کافيتاليسة لومبوڠ فرت تيمفڠ، چافيق کاکي اتو مأو برجمفا وکيل ساي اداله ساله سورڠ يڠ کامي دا لم ماس منونيکن کامي ݢوناکن راچون تيکوس سرت استية بسر دملايا اين. اڠن دان بوتا. منکل يڠ تورة حاضر دالم رافة رقسقس دبري اوله کراجأن، دولو اداله سام. کامي فندودق٢ دکمفوڠ يڠ جاڠنله توان٢ فنوليس رمفوا نڽ تيدق ممفو ڽأي چاچة مبنتوق فمبوکأ تامن هيبوران ݢولوق، لڠݢوڠ اولو فيرق کامي برهارف کر ممبري بکس تتاڤي نساڽ ڽڠکاکن بهوا کامي منجادي دان يڠ ڽات. تتافي کسديهن دافة مڠمبيل فرهاتين سد يکية فون. کمدين کامي يڠ دا نجورکن اوله کابوڠن ساڠتله بردوکچيت کران کامي فرکاکس فنجاجه دان ان راس فوتس اسا فد واجه منو السقاف استيةفد 11 دسيمبر جالنکن باختيار دڠن چارا کمبري تيمباڠن يڠ سقس تيدق کنل سيافکه وکيلد کاواسن کافيتاليسة. کامي بکرج سياڠ ريک تيدقله کورڠ دري تاهون 1955 ڠ لاين فول دان ددافتي عاديل - بوڠ تومو کامي يڠ منڠ دالم فيليهن راي دان مالم اداله انتوق منجاݢ کسديهن دان راس فوتس اسا بريبو٢ ايکور تيکوس ايت والڠ فيرق ساي تورة بربسر هاتي ݢري دولو دڠن تيدق فايه تانهأير دان ڽاوا توان٢ سکلين. ڠ کيت باچ فد موك٢ فمنتا دأتس اوچافن يڠ برافي٢ دري تله دافة کامي بونه. تتافي برتنديڠ. بليو تيدق فرنه سکالي  تيدق فايه فنوليس٢ دقه يڠ للاکي ايت. 9 هارفن ماسيه اد لاݢي تيکوس٢ يڠ ببراف اورڠ فميمفين٢ امنويڠ فون ملاوة ککمفوڠ کامي. مبري فتوى لاݢي برکنأن ساي تيدق تاهو سمأد کوننن هندق ممبيلا نصيب مڠݢانس دان مڽببکن کيرا٢ بليو تيڠݢل دلڠݢوڠ سجاوه ماتي شهيد. کالو ايڠين ممبري  رمفوان٢ فمنتا صدقه .اين فندودق٢ د کاواسن٢ ايت. اف فميمفين٢ ݢها ستڠه بهاݢين ساوه کامي تله دوا باتو دري کمفوڠ کامي سماڠة کفد کامي، دفرسيلاکن داله بکس٢ استري يڠ فرنه يڠ تله دفوتسکن دالم فرجمفأن اوله ايت ساڠتله سوکر کامي روسق اتڠ کتمفة کامي انتوق ڠ بارو ڽ في سسياکن اوله سواميڽ اتو فون ايت ساڠيله مڠݢمبيراکن هاتي جوݢ مڠنأي هندق مڠادوکن سسوات حال دمکين بري نصيحة [دان فڠاجران اݢام.  کس فلاچور٢ يڠ دهومبنکن ساي. ساي مماسوقکي ڤر کربو٢ کامي يڠ برفاݢر دڠن کفداڽ. کامي هارف دافة اخرڽ کامي فون تاهو بهوا ملايا کمس کران ممفو ڽأي کف کفوتسن يڠ فرتام مڠوتوس   بليو ملواڠکن مساڽ سديکية کاوة بردوري کيرا٢ امفة باتو سدڠ ممفرجواڠکن کمرديکأن ڠ فنوه بهوا کمس بنر سورة بنتاهن دان يڠ کدوا کالو شهيدڽريي کتاب کوير يڠ دجاݢ ستيف هاري دان کامي بوکنله سمات٢ نتوق منموءي کامي دسيني. - بدان يڠ برجواڠ دان تيدق برجواب دالم تيمفوه دوا تافي دسببکن موسيم کماراو بکرج انتوق سوأل هيدوف عيم. صالح دراسا لڠݢوڠ. بڠية المسترشدين صيب دان کفنتيڠن بڠس ميڠݢو، ساتو فرارقين مننجوقکن بارو٢ اين دان دسيتو تله ساج. -هاشيم عبدالله، سلامافيرق. ڠ تيڠݢل دفولو سيڠافور ساي برستوجو دڠن فتوى ڤراسأن اکن دادکن. کالو هوجن ککوراڠن اير، مک کربو٢  دسيڠافورا اين کمسل جابة اݢام فيرق يڠ منݢسکن تتافي هڠݢ هاري اين ايت مرمفوه فاݢر يڠ بردوري اهو وايڠ سکوله اݢام سري مندافة، فرتوبهن ملايو يڠ تو کماتين شهيد ايت (کماتين سوده همفيردوا بولن، تيدق اد باتو فهة، جوهر2 ساڠتله ايت’ دان لفس کلوار فجابة فنراڠن""راي مرسيڠ اڽق اهليڽ سرت ممفو ڽأي ورڠ٢ اسلام اهل فاسوقکن تمفقڽ اف٢ تيندقين يڠ تله کربو کامي ايت ماسوق مندوکچيتاکن کران سوده يدق فرنه سکالي فون داتڠ يڠ ممبيلا حق٢ فرتمفوران کسلامتن دالم دام سل .کسوڠي کسڠ لالو دتڠکف اوله ݢابوڠن امنوجاين السقاف بوروق. افبيل هوجن تورن ککمفوڠا يرميره’ مرسيڠ جوهر ملايو دفولو اين دڠن فڠݢانس کوميو نيسة) يڠ ورڠ٢ دسبله ملاك دڠن منوده برتمفيارن مريدڽ٢ لاري نتوق منايڠکن وايڠ ݢمبرڽ. هاري کهاري تردسق ستية هندقله برهاتي٢ کران ياله ڠهيد دنيا يڠ تياد فايه هوا کربو ايت ماکن فادي نتوق منچاري تمفة يڠ تيدق کامي فندودق٢ کمفوڠ اين مندي دان دسمبهيڠکن لاݢي. ترهيمفية اوله دسقئن٢ فندودق٢ دکاواسن ايت تله مريک. کمدين مريک ممباوا بوچور. کامي برهارف سفاي برهارف سکورڠڽ٢ ”دافتله اسيڠ دالم حال ايکو منومفهکن فنوه کفرچيأن اف دسيني دڠن حرمتڽ ساي کربو٢ ايت کرومهفاسوڠ. فيهق يڠ برکواس مڠمبيل فجابة فنراڠن ايت منايڠکن فوليتيک،کدودقين دالم م يڠ تله دفو تسکن دالم فرجمفأن نجمفوة عالم علماء سيڠافورا کامي هارف فرکارا اين وايڠ ݢمبرڽ سولن سکالي دان لاين٢ سباݢيڽ ممبايککي فرهاتين انتوق سرت مان٢ يڠ تياد فواس هاتي فد هاري ايت. فندودق٢ تف سکوله يڠ بوچور ايت. مندافة فرهاتين دري فيهق يڠ دکمفوڠ کامي. - عبدالله عباس، ناتف دان ممهمکن فتوى دکاواسن ايت سدڠ مڠيکوتي ساي - ماسيه ايڠة - اوله زين، سري مندافة، باتو برکنأن.- فلادڠ تلوق کوندڠ. کمفوڠ ايرميره، مرسيڠ جوهر. بݢيمان فميمفين٢ کم من زياد ددالم کتاب غاية دان ممرهاتيکن ݢرق لڠکه فهة، جوهر. لخيص المراد يڠ دتفي کتاب برسلوارا دان. برفيدا تو کتوا٢ امنو دسيتو سمأد مريک يڠدق رندي کام صيب اورڠ٢ ية ا لمسترشدين، موك سورة شهيل مجلح جوجور اتو تيدق. نمفقڽ سݢل ملايو ,10 يڠ مقصودڽ کيرا٢ بݢيني: سيڠافورا تله تردسق کفو تسن تيڠݢل کفو تسن ساج.-  تيلق رريي مونکين فد سوات سورڠ کافر هربي ماسوق واس، مرديکا، سيڠافورا کلق اورڠ٢ ݢارا اسلام مک ممبونه اي اکن ملايو  بارو٢ اين تله هيبوه دالم هندقله دسبوتکن ايات قرأن اتو ملايو فيرق ايت مک فد تيڠݢل دالم هوم کارڽ ئورڠ مسلم دڠن جالن تيفو اير اخبار برکنأن دڠن فتوي باݢي فيکران ساي تياداله بوله دافة دالم کڽتأنڽ تيدقله فون حديث يڠ برکنأن دڠن و فوکل چوري مک کماتين منتا ساکو هائي عسکر دان اهل٢ فاسوقکن فرکارا ايت سرتدڠن مننجوقکن سلم ايت تيدقله د بيلڠکن شهيد کفوتسن ملينکن اد٢ ساج يڠ حالڽ، مالهن سوات فيهق کسلامتن يڠ ماتي بر تمفور دڠن ياد فواس هاتي باݢي فيهق فول يڠ دسڠک سباݢي ساي سئورڠ اهل هوم ݢارد لينکن کالو مسلم ايت ممراڠي سي چنتوه٢ يڠ دبواة اوله رسول الله فڠݢانس اداله دکتاکن ماتي کاواسن فاݢر دالم فکن جوهل، سنديري ترهادف صحابتڽ٢ اورڠ٢عوام. افر ايت دان دالم فرتمفوران سيڠ ايت تله ݢري سمبيلن ساڠة بردوکچيت شهيد، تيدق فايه دمندي دان دمکينله جوݢ حالڽ باݢي ڠ دحکومکن ماتي شهيد دڠن ممفرجواڠکن نصيب ت اي تربونه مک شهيدله د کافنکن. سهڠݢ سکارڠ نمفقڽ يدق دمندي دان دکافنکن فيهق يڠ تياد ستوجو دڠنفتوى کران سجق ببراف تاهون ملايو دان جوݢ دالم ي. دان کالو سورڠ مسلم  سوأل ايت بلوم مندافة کفو تسن. کامي برخدمة دالم فاسوقکن سلاين دري ايت هندقله کبودا يأن دان بهاس ملا ترسبوة هندقله جوݢ مڠلوارکن رفرڠکف، ترتاهن اتو فد فيکران ساي سبب٢ يڠ سبوتکن تاريخ٢ کجادين٢ يڠ الاسن حديث دان قرأن سرت تاون دانتارا اورڠ٢ کافر دڠن دمکين، مک ين تيدق اد چداڠن دري منجاديکن فرتيکاين ايت اياله دجاديکن چنتوه ايت سرت کراجأن هندق ممبري واڠ چنتوه٢ دري تاريخ ففراڠن ك لاري دي دري مريکئيت يڠين مناريق فرهاتين سو کرانفتوى٢ ترسبوة دکلوارکن ددالم ميدان فرڠ يڠ مانکه رسول الله اتو صحابتڽ٢ يڠ يڠ دفيليه سباݢي فميمفين ان تربونه، مک اين فونتيدق ساݢو هاتي اتو ايلاءونس يلڠکن ماتي شهيد. دان کفد کامي. مونکين کران دڠن تيدق مبري اف٢ الاسن برلاکوڽ سفرت فرڠ خيبر، مننجوقکن بهوا اف، يڠ",film,other,
31,UM-1956-02-01-7,13870,3397.0,5449.0,4130.0,5449.0,4130.0,6266.0,3397.0,6266.0,رتنجوقئن نأ مندير يکن رومه (مئو فونتيان 31 جنواري - امنو چواڠن ندر فرمس، فونتيان، جوهر، مڠادکن رتنجوقئن وايڠ ݢمبرتيݢ مالم رتورة٢ مولاءي مائم اين دکومبيڠ سنيما انتوق مڠوتيف واڠ منديريکن ومه امنو چواڠن ترسبوة عيم سي ا يه سيني اکن ممبري بنتوان 4200 انتوق,film,live_event,Pontian
32,UM-1956-02-02-4,14164,1382.0,5500.0,2970.0,5500.0,2970.0,5592.0,1382.0,5592.0,- سديکية کران فنايڠن وايڠ مموهنکن سفاي فرتنجوقين ايت,other_or_undetermined,other,
33,UM-1956-02-02-4,14171,1373.0,3910.0,2850.0,3910.0,2850.0,5211.0,1373.0,5211.0,"يت تيدق او بهڽ سباݢي ففاته بݢيمانکه ڤول حکومڽ ,منوڠݢو بواه يڠ تأݢوݢور“ هل٢ فاسوقکن کسلامتن يڠ کامي هارف فيهق يڠ برکواس تله ماتي برتمفور دڠن دافة. ملقسانکن مڠمباليکن سمولا ڠݢانس٢ سبلوم مجلس علماء واڠ فروبيدنة فند ايت- بکس فيرق مڠلوارکن فتوى ماتي يس.سي. بوڠکوق’ مرسيڠ جوهر شهيد اين?- حمزه‘ فيرق.   بريتاهوڽولو ت باڽق انتارا مريک ايت يڠ کامي فندودق٢ کمفوڠ تيڠݢل برجاوهن تيدق برفلواڠ اجي، بوتا کيري، فارية، فيرق منونتون ڤرتنجوڤئن ترسبوق. کامي برهارف کالو فجابة مڠوچفکن ريبوان تريمکاسيه کفد فجابة برهوبڠن راي يڠ فرهوبڠن راي هندق منايڠکن تله سودي منايڠکن وايڠ ݢمبر وايڠ ݢمبرڽ فد ماس دفن",film,media_content,
34,UM-1956-02-03-5,14638,2473.0,2947.0,3198.0,2947.0,3198.0,3863.0,2473.0,3863.0,للي جوايڠ ککل دڠن سد يهڽ د بريتاکن بهوا چي يفه بنت عبدالوهاب، برعمور 57 اهون، تله کمبالي کرحمة الله دکمفوڠ رڠية، اولو با تو فهة، جوهر د جم 10.30 مالم 22 جنواري يڠ لالو الله يرحمه اين منيڠݢلکن تيݢ ورڠ انق، 32 چوچو دان 27 چيچية جنازهڽ تله سلامة دکبوميکن دتا نه,other_or_undetermined,other,
35,UM-1956-02-04-7,15218,2573.0,5708.0,3310.0,5708.0,3310.0,7138.0,2573.0,7138.0,"- 76.2 ميتر) جم 5 فتڠ بوڠا رمفي دلي“5.30 تر يوسم سا يمون. (76.2-49.63 4 133 ميتر) جم 6 فتڠ رمفاين نوسنتاراي 6.10 تينجاوان چارا سيارڽ، 6.15 ندونيسيا دان مسئله فلاجران? 6.30 ورکيسنق,هاوا ين 7 فرخبران٢? 7.10 ڠکاسن اخبار? 7.20 کسنيان کا بنجاهي، 7.30 اورکيسة راد يو جاکرتا: 8 فرخبران٢ 8.05 سيارن مرنته، 8.50 ايبو کوت هاري اين 8.40 سفتا ناداء و ريفوتيس، 9.15 ا يڠ کولية، 0ل فرخبران٢’ 10.15هڠݢ 11 سمبوڠن وايڠ کولية دان تمت ايسوق (4963 - 1339 ميتر) جم 7فاݢي فرخبراڽ٢? 7.10 ميڠݢو دفن 7.3 راديو اورکيسة سوراکرتاء 78 فرخبران٢“ 8.10 ميڠݢو ݢمبيرا، 9 فرخبران٢“ 9.10 فنتي اندالس، 930 واڠن چريتا. 9.40 امفة سرڠکي",puppetry,media_content,
36,UM-1956-02-04-8,15275,1473.0,982.0,2211.0,982.0,2211.0,3920.0,1473.0,3920.0,"کترفرق فرتنجوقئن وايڠ فڠݢمر٢ وايڠ کتوفرق افة برفلواڠ مليهة ساتو رتنجوقئن وايڠ ترسبوة يڠ کن دادکن اوله فرساتوان يدو تومو، کسنيان اندو نيسي سيڠافورا، درومه نمبر ,ا-196 أيم رود“ سيڠافورا، دوا مالم رتورة٢ فد مالم اين دان مالم يسوق فراتوران تأ فايه دافة کلولسن دتݢور کوالا لفور 3 فيبرواري - ساتو را توران يڠ ممبنرکن باڠونن کراجأن دديريکن دڠن تيدق فايه ترلبه دواو کلولسن دري فيهق منلافه يو نيسيفليتي تله دتݢور اوله اسل٢ جلس مشوارة ميونيسيفل کوالالمفور مشوارة ميو نيسيفل مالم را بو لفس برستوجو مڽرهکن فرکارا ايت کفد جوا تنکواس فرنچڠ بندر ميو نيسيفليتي نتوق دکاجي سمولا بݢيما نفون مشوارة جوا تنکواس کرج فيدرال بولن مرچ يڠ لالو رستوجو بووا فيهق٢ يڠ برکواس مفاتن مستي د بريتأو سبلوم باڠونن٢ کراجأن ديريکن. ايت اياله ستاکن مبريتأو ساج دان تيدق انتوق ندافتکن کلولسنڽ. فراتوران ايت تله دسبوتکن اوله سوفر ينتندنة انجنير کوالا لمفور يلا اهل٢ ايت هندق مڠادکن يندأن تنتڠ باڠونن٢ باريق فوليس ڠ هندق دديريکن د تريبرس رود",film,live_event,Singapore
37,UM-1956-02-05-2,15390,3655.0,3998.0,4385.0,3998.0,4385.0,6676.0,3655.0,6676.0,وقت سهبهيڠ کوالا فولو قت يڠافور فينڠ مفوو طهر 12.58 1.00 12.48 4.22 4.21 عر 4.11 مفرب 6.59 6.59 6.52 عشاء ? 8.10 10 803 بح 525 5.38 4 تهاري 6.59 7.03 6.46 ربية فڠݢوڠ٢ وايڠ تردده وئکين ݢتوتڤ ليم بواه فڠݢوڠ وايڠ ݢمبر ردده (اوفن ايه) دجالن ايسة کوسة سيڠافورا مونکين دتو تف ولن دفن کران تيدق دافة باروءي ليسين مڠيکوة شرط٢ اوليس. فوليس ماهو بيليق يوجيقتر فڠݢوڠ٢ ايت رد ينديڠ تيمبوق ستبل انتار هڠݢ 9اينچي توان فوڽ فڠݢوڠ مڠاڠݢف,film,live_event,Singapore
38,UM-1956-02-06-4,15971,1404.0,1841.0,4416.0,1841.0,4416.0,4950.0,1404.0,4950.0,کفد اڠݢوت فوليس). لڠکه دهارف فيهق مجلس اݢام فرتيمبڠکن سعاد يلڽ٢. - حاج ترماسوقله ليفتننة عدنان. کالو ن اداله ممفوڽأي حاصيل يڠ کلنتن مڠمبيل فرهاتين. - حسين نعيم، اولو يام بارو. بنرله فرکارا ايت، مك ساي واسکن سهڠݢ رامي فلاچور٢ مرديکا، فڠانوة اسلام، کلنتن. سوک مڠشورکن سفاي دبواة  سيني تله ملاريکن ديري  باتو فرايڠاتن انتوق مڠيڠة منچاريي انق کنݢري دان بندر٢ لاين سارڠ چوتي جساڽ٢ ايت امفماڽ بر تمفة ستڠهڽ مراس انصاف دان سدر ساي ايڠين مڠتهوي دمان کي ڤسا دا يليزا بيث والك سي ف يڠ تله دلاکوکنڽ. داڽ انق فرمفوان ساي برنام سکلينله انتوق فڠتهوان کامي فندودق٢ کمفوڠ منورة ڤنوليس ايت، فيهق يق فيرق، ايبوڽ برنام امبون فاسير فوتيه کلنتن يڠ تيڠݢل ڠ برکواس دنݢري٢ لاين عموم دان دهارف کالو اد بنت توء مة، براصل دري يدق مڠمبيل فرهاتين داأتس جاوهدري سوراو٢ ادا لها يڠين ورڠ٢ ملايو يڠ مڠتهوي کمفوڠ کوت، فهڠ. وقت دي بنر هندق مندڠر شراحن٢ اݢام ربواتن فلاچور٢ يڠ ترکوتوق فرکارا اين دڠن سبنرڽ بريله برعمور 2 بولنلاݢي، ساي تله دان لاين٢ لاݢي دري توان فيليا فنجلاسن سچوکفڽ. - رحمة يت. برچراي دڠن ايبوڽ ايت.  سفاي اوسها٢ فمبسميان اݢام. اوله کران دکمفوڠ اين حمد، سيڠاڤورا. ساي هارف کالو ادسسياف يڠ لاچور٢ ايت برتمبه ليچين تله منجادي٢سارڠ جود ي سفرت  أو انق فرمفوان ساي ايت کي، مك برهارڤله چف جي أووايڠ کمبر هارفله برهو بڠ دڠن علامة کامي سفاي فيهق يڠ برکنأن لااک دن ساي:- بکس فوليس طالب بن کامي فندودق کمفوڠ باتو سمدي مڠمبيل برة انق٢ کمفوڠ يڠ سحاق، کمفوڠ چئين، لڠݢوڠ، ٢ کاسيي 10 چاڠن رود، سيڠافورا ساڠة مفڠ ترفنچيل، فاسير فوتيه، کلنتن   فيرق کسوڽين کران دکمفوڠ کامي.  الم تامون 151 فيهق بريمݢاسيد يدق اد اف٢ يڠ بوله يدا فهڠ تله ممبواة امفڠ دفاي مڠهيبورکن هاتي کامي. کامي تولڠ کمباليکݢن کامي باݢي فيهق ايبو مباف کامي کمفوڠ تساي دان فولو دڠر دکمفوڠ٢ فمول لاين اد سرت اهل جواتنکواس سکوله مانيس، فکن، فهڠ. اتس يسة ڽرما دتايڠکن وايڠ ڠوچفکن ملايو فنتي موار، جوهر اد اله وسهاڽ٢ ايت کامي فجابة فرهوبڠن راي فيهق جوا تنکواس مدرسة تيڠݢي٢ تريمکاسيه مڠوچفکن ستيڠݢي٢ تريمکاسيه کامي دسيني مڠندوڠي الجنة الفردوس، سولوق تتافي يڠ مندو کچيتاکن کفد فجابة فلاجران جوهر کيرا٢ سراتوس بواه رومه سمبيلڠ، ملاك اداله برهارف کامي اياله امفڠ ترسبوة تيدق يڠ تله ممبري بنتوان واڠ ساڽق اوله ايت سبݢيمان ڤندودق٢ کفد فارا درماون يڠ ممݢڠ چوکف انتوق مڠايرکن ساوه 600ةکران ممبايککي اتف سکوله کمفوڠ يڠ لاين يڠ فرنه مندافة ليسة٢ خيرات مدرسهايت سفاي کامي يڠ تله بوچور کامي يڠ سلواس همفير سريبو ڠن بنتوان واڠ سباڽق هيبوران دڠن فرتنجوقئن مڠمباليکنڽ دڠن سبراف سݢرا. يکر يڠ داوسهاکن اوله سلوره ايت دان دتمبه لاݢي اوله وايڠ ݢمبر، مک کامي جوݢ کامي مڠوچفکن ريبوان فندودق٢ دري دوا بواه کمفوڠ ترسبوة. کامي برهارف فندودق٢ کمفوڠ سباڽق 300ڤ، برهارف سفاي فيهق يڠ تريمکاسيه کفد سکلين فارا سفاي فيهق يڠ برکنأن دافة مک دافتله کامي مڠݢنتيکن اتف برسڠکوتن تيدق اکن مڠهمفاکن درماون ترسبوة. - محمد طاهر,film,other,
39,UM-1956-02-10-4,17721,2218.0,4750.0,3394.0,4750.0,3394.0,5076.0,2218.0,5076.0,برکنأن کران دافة منايڠکن وايڠ ݢمبر سلما تيݢ تاهون کيستريك دتمفة کامي تتافي سݢوم,film,other,
40,UM-1956-02-10-4,17725,2218.0,3516.0,2919.0,3516.0,2919.0,4750.0,2218.0,4750.0,کيت ايت تأ تأوکن انق٢ بهاسڽ سنديري دان تأ بوله ماجو دڠن بهاسڽ ايت. - ڠوندي چيو سوي کي سيڠافورا.  وايڠ ناء ماڠو هاس اڠکر يسي کامي اهل٢ فوليس خاص لور کاجه، ديستريك ملاك داله مڠوچفکن ريبوان تريمکاسيه کفد فيهق يڠ,other_or_undetermined,other,
41,UM-1956-02-10-6,17821,3797.0,4185.0,4532.0,4185.0,4532.0,7232.0,3797.0,7232.0,ڠن چارا بکرج برݢو توڠ ويوڠ اوله اهليڽ٢. ساتو جوا تنکواس کچيل انتوق ڠلقسانکن کفو تسن ترسبوت له فون دلنتيق سکوله اݢام سوڠي نيفه تله نجادي جوهن فرادوان ممباچ رأندان شراحن دانتار کوله٢ اݢام دالم کمفولن اݢن داتوء. فرادوان ترسبوة له دسقسيکن اوله لبه 300 اورڠ دري سݢنف چروق هيلير فيرق مدرسة العلوم الدينيه، دوڠ أوب، فهڠ، اکن مڠادکن مشوارة ݢوڠ تاهو ننڽ فد هاري سبت 11 يبرواري اين. دا نتارا فرکارا٢ ڠ اکن د بينچڤکن اياله رنچاڠن عندق مبسرکن لاݢي باڠونن مدرسه ترسبوة.  مباݢ ديديقئن سکوله الايو تاسيق جنجوڠ، سبرڠفراي کن مڠادکن هاري ايبو باف فد فاري سبت اين دڠن مڠادکن رتنجوقين بارڠ٢ فرتوکاڠن ريد٢ دان اورڠ٢ کمفوڠ وکن دان تايڠن وايڠ ݢمبر,film,live_event,Sebarang Perai
42,UM-1956-02-10-8,17936,5271.0,531.0,5997.0,531.0,5997.0,1507.0,5271.0,1507.0,"ڠݢوڠ وايڠ ݢمبر بارو ݢسرمبن سرمبن 9 فيبرواري - ""جلس مشوارة بندارن سرمبن فاݢي اين ت1 ملولسکن دڠن لافن سوارا لاون توجا مڠنأي فرمنتأن شو براذرس هندق فڠݢوڠ متديريکن سبواه لاݢي  وايڠ ݢمبر د بندر ايت. فڠݢوڠ ترسبوة يڠ اکن دبري نام کا فيتول اکن د بينا دکفلا سيمفڠ بيمون سترية دان ويلکينسن ستريا",film,live_event,Seremban
43,UM-1956-02-12-8,18935,2233.0,6090.0,2961.0,6090.0,2961.0,7014.0,2233.0,7014.0,"وايڠ ݢتوفرق فرساتوان رعية ا ندو فيسي دسيڠافورا اکن مڠاد کن رتنجوقئن وايڠ ,وکتوفرق، اکونن .کادأن دنݢري مصر ان فرتنجوقين وايڠ ݢمبر بلوق جيه. نمبر 5، کوا ترس مار بر بورد سيڠافورا، فد مالم ن دان ايسوق جم 8 مالم",film,live_event,Singapore
44,UM-1956-02-13-7,19380,1943.0,1639.0,2661.0,1639.0,2661.0,2442.0,1943.0,2442.0,ديريکن فجابة بهاݢين کوت بهارو 12 فيبرواري - امنو هاݢين فاسير فوتيه، اکن ممباڠونکن سواه رومه انتوق ايبو فجا بتڽ سا تو حوا تکواس مڽلڠݢاراکن فمباڠوتن ومه ترسبوة تله فون دبنتوق. ستيأوسها امنو فاسير فوتيه ڽتاکن بڠوا چارا٢ يڠ اکن دجالنکن اياله دڠڽ نتوق مڠوتيف واڠ نادکن تايڠن وايڠ ݢمبر دان,film,live_event,Kuala Lumpur
45,UM-1956-02-13-8,19440,2228.0,1320.0,2956.0,1320.0,2956.0,3875.0,2228.0,3875.0,بارو چينا تاهون اهون اين لبه مرياه ورڠ٢ چينا سيڠافورا سمالم تله مراياکن تاهون باروڽ لبه مرياه دري تاهون يڠ لالو بريبو٢ رڠݢية تله د بلنجاکن کران ممباکر مرچون دان کرتس٢ هاري بسرمريك بݢيمان کبياسأن فد تيف٢ هاري راي- ملايو، چينا اتو انديا مک تمفة٢ فراڠينن سيڠافورا، سفرت کبون بوڠا کاتوڠ فارك، او افار بيللا،دان لاين تله منجادي تومفوار بريبو٢ اورڠ چينا يڠ برهاري راي سمالم. ڠݢوڠ٢ وايڠ جوݢ تله فنود سق سمالم دان باڽق فنومفڠ٢ بس ترفقسامنوڠݢو لام کران بس٢ سنتياس فنوه سسق سهارين٢ سمالم دري کسلورهنڽ تاهون اين اياله تاهون بارو يڠ لبه مرياه باݢي اورڠ٢ چين دري تاهون يڠ سوده٢,other_or_undetermined,live_event,Singapore
46,UM-1956-02-14-2,19542,1421.0,1587.0,2155.0,1587.0,2155.0,3398.0,1421.0,3398.0,اورڠ چدرا فاره يم کملاڠن يڠ فرتام برلاکو وايڠ ساتو فد جم 7.10 فاݢي سمنتارا سبواه لوري دان دوله حاج ماتهمون، سورڠ يم نوڠݢڠ بسيکل، برعمور 68 ماتي اهون. دوله تليه رومهساکية ستله ستڠه جم دراوة. فد تڠهاري سمالم سبوام وتورکار يڠ دتومفاڠي اوله ليم ورڠ - تيݢ فرمفوان دان دوا الاکي - ترماسوق سئورڠ کانق٢ رمفوان بوعمور تيݢ تاهون تله ملڠݢر سباتڠ ڤوکوء دباتو 10 وڠݢول رود. موتورکار ايت تله انف سامسکالي دريبر دان سموا قنومفڠ٢ وتورکار ايت تله چدرا فاره ان سدڠ دراوة درومهساکية.,other_or_undetermined,other,
47,UM-1956-02-16-5,20729,3416.0,1484.0,4143.0,1484.0,4143.0,2966.0,3416.0,2966.0,لله جوايڠ ککل دڠن سديهڽ حاجه مريم بنت حاج عبدا لمنان تله کمبالي کرحمة اللله فد هاري خميس 9 يبرواري يڠ لالو. الله يرحمه يت برعمور 78 تاهون، دان نيڠݢل دنيا درومهڽ دکمفوڠ أ تنجوڠ. جنازهڽ تله سلامة دکبوميکن تانه فرقبوران بيداداري ننتوڽ، حاج احمد سراج، امام سجد وأ تنجوڠ، مڠوچفکن رباڽق تريمکاسيه کفد سکلينڽ ڠ تله مڠهنتر جنازه مرتواڽ,other_or_undetermined,other,
48,UM-1956-02-17-6,21195,2514.0,2096.0,2875.0,2096.0,2875.0,2187.0,2514.0,2187.0,ان وايڠ کولية,puppetry,other,
49,UM-1956-02-18-4,21507,1465.0,3787.0,3730.0,3787.0,3730.0,6214.0,1465.0,6214.0,"ساي ايڠين مندافة تاهو قله فون تيمبول دالم مشوارة ايت هندقله برهاتي٢ مڠادکن ڠݢوت٢ مجلس فد 4 اکن علامة ستيأوسها فرسکتوان ساتو٢ رنچاڠن سفاي ممبري فيبرواري بارو٢ اين، يأيت دريبر ملايو کوالا لمفور. فواس هاتي کفد فندڠرڽ٢ يڠ مشوارة ترسبوة منيمبڠکن سسياف يڠ تاهو هارفله برهوبڠ مسئله بلنجاون تاهون 1956 يڠ دڠن علامة ساي سباݢي برايکوة: تله تيمبول سديکية کسوليتن ارڠد بن محمد ݢامة، 13 هاڽ کران اݢس دسببکن کفيچيقئن واڠ. ندرسن رود’ ايفوه، فيرق. وسها ريعية سڠݢهفون بݢيتو مشوارة فد هاري ايت تيدقله ممبواة اف٢ ا2ڽهرݢاکن ففرقساين يڠ کفو تسن دالم فرکارا فندودق٢ کمفوڠ ݢمبوة يلاءونس باݢي اهل٢ يڠ ساءيهبڠ ق اݢن، باتو فهة، جوهر تله بوکن رسمي. اوله سبب سيکف فجابة فلاجران فهڠ براوسهامندير يکن سبواه سکوله باݢي منجيمتکن بلنجا فرمفوان دسري فطيمه"". اوله منچوکفي اڠݢارن فربلنجأن اڠتله تيدق ممواسکن هاني سبب کراجأن مڠهندقکي تيف٢ تاهون اين، مک تيدقله دسنتوه کامي ݢورو٢ فلاتيه کران سکوله يڠ دديريکن اوله ايلاءونس ترسبوة. - حسين مبنرکن مريد٢ درجه خاص ورڠ٢ کمفوڠ سفاي دديريکن ماسوق ففرقسأن برسام٢ کامي عبدالغني، فمڠکو ستيأو سها فول رومه ݢوروڽ، مک سکالي بارو٢ اين يأيت ففرقسأن مجلس اݢام اسلام کلنتن لاݢي فندودق٢ کمفوڠ تله ککوليج تاهون 1956 براوسها انتوق مڠادکن رومه ماو وايڠ کمبر چارا دمکين اداله مربوة ݢورو ايت. ککوليج اوله فلواڠ کامي تتافي مالڠڽ ݢورو بسر يڠ کامي فمودا دان فمودي خاص ايت. مريد٢ درجه کمفوڠ بوکية ناݢ کلڠ ايڠين منديامي رومه ايت تيدق سمفي سڠݢهفون کامي دري کالڠن ببراف هاري تله فون فينده بنر هندق مليهة فرتنجوقين کورڠ مندافة ݢورو، تتافي کتيفة لاين دڠن الاسن کونن وايڠ ݢمبر فجابة فرموبڠن فلاجران دکلس٢ چوما",film,other,
50,UM-1956-02-18-7,21660,4127.0,6275.0,4866.0,6275.0,4866.0,8157.0,4127.0,8157.0,"راڽيو چاݢرتا (25249-49.63--1559 ميتر) جم 12 تڠهاري لسبارن وا نيتاد 1 فراخبران، 1.16 ڽايين٢. 1.30 سني جاوا ستود يو جوقجاکݢرتا،2 فرخبران5٢ 2.10 تريو سم سايمون“ 245 هڠݢ د فرخبران٢ دان ريحة. (49.63-2 76 ميتر) جم 5 تڠ ݢملن بالي، 5.30 اورکيسق دوفا نيرمالا (49.63-2 76-9 133 ميتر) جم 6 فتڠ رمفاين نوسنتارا. 6.10 ينجاون چارها سيارن، 6.15 مسئله بلاجران4 6.30 اورکيسة هاواين رامي يندڠ? 7 فرخبران٢. 7.10 رڠکاسن خبار“ 20. 7لاݢو٢ با تق?7.50 اورکيسق اديو جاکرتا? 8 فرخبران٢، 8.05 سيارڽ فمرنته“ 8.30 ايبو کوت هاري ين“ 840 سفتا نادا، 9 ريفورتيس 9.15 وايڠݢوليق“ 10 فرخبران٢ 10.15 مڠݢ 11 سمبوڠن وايڠݢوليق دان ح. ايسوق (49.63_133.9 ميتر) جم فاݢي فرخبراڽ3٢ 710 ميڠݢو دفن"" 7.36 اورکيسة ملايو بوکية سيݢو نتڠ! فرخبران٢ 8.10 سيڠݢو ݢمبيرا: و",puppetry,media_content,
51,UM-1956-02-21-3,22813,1766.0,964.0,2497.0,964.0,2497.0,4017.0,1766.0,4017.0,"""جوبلي مس"" درسة المصريه با ترورث 20 فيبرواري - مدرسة لمصريه،, بوکية مرتاجم، اکن مڽمبوق ولڠتاهونڽ يڠ کليم فوله فد 17 مرچ دفن دڠن مڠادکن فرايأن مجوبلي س“ يڠ مرياه. فرايأن ايت اکن دمولاکن دڠن جاموان دوقت سياڠداندسمبوڠ دڠن جلنس فرادوان ممباچ قرأن انتارا اري٢ للاکي دان فرمفوان دري سلوره فرسکتوان دسبله مالمڽ. قاري٢ يڠ هندق ماسوق فرادوان هندقلبه مڠهنتر نام کفد ستيأوسها مدرسه يدق ليواة دري12 مرچ. تمبڠ فرݢي اليک اکن دباير اوله فيهق مدرسه نورة کيرأن تمبڠ بس توان حاج احمد فوأد4 مدير مدرسه ايت. مڽرو سفاي رامي قوم سللمين تراوتام مريد٢ توا مدرسأ لمصريه يڠ برتا بوران دسلوره رسکتوان داتڠ مڠحاضري فرا يأن رجو بلي مس“ ترسبوة. فکرج٢ وايڠ ݢمبر قدح برساتو فولو فينڠ 20 فيبرواري - سرا توس ورڠ فکرج٢ فڠݢوڠ وايڠ ݢمبر سلورء دح تله مڠادکن ساتو فرجمفأن سيني بارو٢ اين دان برستوجو منو هکن سبواه کسا توان يڠ منجا دي چواڠن کفد کسا توان کبڠسأن فکرج٢ يلڠ دان فکرج٢ عوام فرسکتوان انه ملايو. کبا ڽقکن فکرج٢ ايت رديري دري اورڠ٢ ملايو فݢاويڽ٢ اياله فڠروسي أ. محمد عبيسي، ستيأوسها أ. عزيز بن بوسو نولڠڽ أ. هارون دان 8 اورڠ لاݢي",film,live_event,Pulau Pinang
52,UM-1956-02-22-4,23292,1480.0,7157.0,2192.0,7157.0,2192.0,7729.0,1480.0,7729.0,کامي بوکية چڠݢڠ. کامي مندافة تاهو بهوا دکمفوڠ٢ لاين تله فون دتايڠکن وايڠ ݢمبر اوله فجابة فنراڠن ايت  سڠݢهفون کمفوڠ کامي رماسوق ددالم کاواسن برسيه،,film,other,
53,UM-1956-02-22-4,23293,713.0,7056.0,2184.0,7056.0,2184.0,7153.0,713.0,7153.0,منايڠکن وايڠ ݢمبرڽ دکمفوڠ سکوله فرتوکاڠن يڠ اکن دبوك,film,live_event,
54,UM-1956-02-22-4,23297,699.0,6197.0,2976.0,6197.0,2976.0,7056.0,699.0,7056.0,اين کلوارن 11 فيبرواري يڠ رمراب سلوره توبه وانيتا“ يڠ کفد فيهق يڠ تله ممبيلا نصيب لالو اد منوليس برکنأن دڠن دکتاکن دلاکوکن اوله عسکر کامي ايتدان برشکورکحضرة ݢورو٢ يڠ اکن مڠاجر دسکوله بريتيش وقت منجالنکن توهن.- اوله دي. داچيڠ، اولو فرتوکاڠن يڠ اکن دبوک فد فمرقسأنڽ دسري لالڠ، سبݢيمان را نڠ، فݢري سمبيلن تاهون دفن. منورة توليسنڽ يڠ دسيارکن ددالم اخبار اين   ايت، فرکارا اين٢ ماسيه سامر٢ سديکية هاري يڠ لالو. اهو وايڠ ݢمبر لاݢي، بتولکه ݢورو٢ يڠ ممباچ بريتا ترسبوة، ساي سوده همفير توجه بولن برلاتيه دفوسة لاتيهن ݢورو٢ اداله مڽوکڠ قواة کفد توان شيخ انوار، اهل فرايکاتن، فجابة فنراڠن سلاڠور تيدق دکوالا لمفور ايت انتوق,film,other,
55,UM-1956-02-24-3,24174,1880.0,625.0,2604.0,625.0,2604.0,2641.0,1880.0,2641.0,"اليڠ سمبوة جيأ تڠکو لور ستار 23 فيبرواري - فکن باليڠ، تمفةفرتموان تڠکو عبدالرحمن - چين فيڠ هوجڠ تاهون يڠ لالو، فد فاري احدلفس تله مراياکن کجيأن رومبوڠن مرديک دلندن دڠن مڠادکن تماش٢ يڠ مرياه. مبوتن دمولاکن دڠن فرلاوانن بولا سيفق انتارا فاسوقکن نديا قدح دڠن فاسوقکن فيري ياڠسترس، فولوفينڠ.فد سبله مالمڽ، فجابة فنراڠن قدح تڠه تله مڠادکن مالم کسنيان دان تايڠن وايڠ ݢمبر ,رفرسيداڠن دباليڠ"" براف اورڠ ساکي جوݢ تله مڠمبيل بهاکين مڽاڽي",film,live_event,Alor Setar
56,UM-1956-02-24-6,24367,3201.0,4048.0,3923.0,4048.0,3923.0,5461.0,3201.0,5461.0,"کتاڽ. ,کالو بتول٢ کراجأن جوجور هندق مڠادکن هاݢين مڠاجر ݢورو٢ ملايو ي سهاروسڽ بوکن مڠادکن اتو بهاݢين ملايو دتي. تي يتافي هندقله مندير يکن ر باڠونن خاص ا نتوق ساتو ݢورو٢ ملايو“ موار23 فيبرواري -کيرا٢ 150 اورڠ تله مڽقسيکن ساتو رتنجوقئن وايڠ ݢمبر يڠ دادکن اوله فجابة فيياستن کته لايا يڠ تله دلنسوڠکن دفادڠ کوله ملايو سيمفڠ جرم، بکري",film,live_event,Bakri
57,UM-1956-02-28-5,26014,1163.0,2082.0,1884.0,2082.0,1884.0,4056.0,1163.0,4056.0,يلم رومبوڠن مرديکا دافة سمبوتن مرياه فندودق٢ سيڠافورا دافة مرد يک ليهة رومبوڠن رسکتوان تانه ملايو کلندن فڠݢوڠ٢ وايڠ يڠ بسر مولاءي تڠ سبت کلمارين فيلم ترسبوة يڠ دبواة اوله لايان فيلم يونية مننجوقکن رجلانن رو مبوڠن مرديک رسبوة دان فرسيداڠنڽ٢ سرت رجمفأنڽ٢ دلاندن سمفي کڤد مبوتن کنو لڠنڽ دسيڠافورا للاک دان کوالا لمڠور. فرتنجوقئن فرتام فيلم رسبوة دفڠݢوڠ کافيتول برسام٢ ڠن فيلم هيلين اوف تروي تله ندافة سمبوتن يڠ فنوه سسق ودق مرديکا فننتوة٢ ملاي,film,live_event,Singapore
58,UM-1956-03-02-8,27022,5488.0,834.0,6212.0,834.0,6212.0,1473.0,5488.0,1473.0,مڠادکن فرتنجوقئن وايڠ ݢمبر فڠݢوڠ سنترال جالن يونس فد مالم2 مرچ اين انتوق درم کبجيکنڽ فيلم يڠ اکن دفرتنجوقکن ايت اياله چريتا .کاسيه منومفڠ،,film,live_event,
59,UM-1956-03-05-5,27256,2577.0,6547.0,3287.0,6547.0,3287.0,8070.0,2577.0,8070.0,له جوايڠم کککل جوهر بهارو 4 مرچ - دڠن ديهڽ دبريتاکن بهوا چيء حليمه بنت اواڠ، برعمور 93 اهون، ا ببو مرتواارواح چيئݢو ان احمد بن عمر، بکس ݢور و سکوله اݢام جوهر تله منيڠݢل نيا درومهڽ دجالن ساليم جوهر بهارو، مالم سمالم ستله ڠيدف فياکية توا جنازهڽ تله سلامةد کبو ميکن تانه فرقبوران محمود يه .وان بکر، باݢي فيهق کلوارݢاڽ مڠوچفکن برباڽق٢ ريکاسيه کفد مريک يڠ داتڠ,other_or_undetermined,other,
60,UM-1956-03-05-7,27374,4162.0,1875.0,4892.0,1875.0,4892.0,4519.0,4162.0,4519.0,فرتنجوقئن دکمفوڠ٢ اکن ڽتهبة کوالا ليفيش 4 مرچ- توان ان تي سوڠ، فݢاوي فنراڠن نݢري هڠ، مڽتاکن بهوا تايڠن وا يڠ ݢمبر جابة فنراڠن دکمفوڠ٢ شفنجڠ بيڠ سوڠي جلاي، سوڠي تمبليڠ دان سوڠي فهڠ اکن دتمبه دري جدوال٢ فر تنجوقينڽ يڠ سوده٢ مليو منوڠکن اين کلمارين يلاديد بريتأوکن بهوا فندودق٢ کاواسن ترسبوة تيدق فواس هاتي تنتڠ لاواتن وايڠ ݢمبر جابة فنراڠن، کران دستڠه٢ مفة تايڠن ايت دادکن سکالي اج دالم دوا تيݢ بولن. فندودق٢ايتججوݢ برشوڠة يدق سوک مليهة ݢنمبر٢ کارتون ان مننتوة سفاي سموا ݢمبر٢ رخبران مڠݢوناکن فنراڠن الم بهاس ملايو. توان تان تي سوڠ منجواب بهوا ݢمبر٢ کارتون ايت بلوم افة دبرهنتيکن سهڠݢ هابيس يمڤوه کونتريق يڠ دايکة,film,live_event,Kuala Lipis
61,UM-1956-03-08-4,28665,2356.0,2197.0,4592.0,2197.0,4592.0,7495.0,2356.0,7495.0,"کفد سموا اهل٢ ,راليف فݢاوي دأيره الور ݢاجه، وک هاتي تله ممبرهنتيکن اتا. سلامة برجاي سلامة ملاک کتيک بليو ملاوة کمفوڠ مڠهيسف روکوء - دان واڠ رݢمبيرا دان سمفرندا نتاراڽ ايت کيرا٢ 9 بولن يڠ لالو فمبلي روکوء فد تيف٢ هاري ساي سنديري - توء فڠهولو کمفوڠ تله ترماسوق درماکن کفد فرتوبهن امنو ڽتاکن کفد توان تانه ايت فوکازيرا، اهل اليف با تاء ڠن نيتڽ سهڠݢ ورملايا سنديري يأيت سئورڠ توکيه جوڠر رديکا“ باروله در نتيکن چينا دملاک تتافي سمفي سکارڠ رماڽ٢ ايت. باڽق لاݢي چارا٢ ماسيه جوݢ تربيار دان بلوم ڠ لاين انتوق مڽوکڠ فرجواڠن منتا بايککي د برسيهکن کاواسن يڠ فنوه سق منو اتو لبه جلس لاݢي سامون ايت فادڠ ولا رايکاتن انتوق منچافي کامي برهارف فيهق يڠ کمرد يکأن تانه ملايو. بر تڠݢوڠجو اب مڠوروسکن حال کامي فکرج٢ لومبوڠ مس اد دانتارا فمودا٢ يڠ تله اين انتوق کفنتيڠن مريد٢ أوب، فهڠ ساڠتله برهارف برسومفه تيدق اکن براستري کمفوڠ اين. فيهق ݢورو٢ کفد فيهق ماجيکن سفاي لاݢي بلوم ترچافيڽ چيتا٢ سکوله سوده ببراف کالي مڽتاکن مڤر بايککي سمولا فادڠ بولا کمرد يکأن تا نهأيرمر يک. مريك حال اين کفد فيهق يڠ برکنأن يڠ کيني تله فنوه دتومبوهي ڠݢوف دچف اڠکاتن بوجڠ تتافي تيدق دامبيل برة. - اوله لالڠ دان فادڠ انتوق وا. بݢيتوله سکالي اقرار مريک مسحيرا’ ملاك برماين بيدميتن. رهادف تانهأيرڽ به! سکارڠ کمرديکأن تانه  اوله سبب تيدق اد اف٢ تريمکاسيه کفد لايو تله ترچافي سقدر فرماينن انتوق کامي سوقت نوڠݢو مساڽ ساج لاݢي کامي بريحة٢ ستله لف ابو بکر بݢندا بکرج، مک - هارفله فيهق أيت حاصيل دري رومبوڠن ساي باݢي فيهق کلوارݢ ماجيکن تيدق اکن مڠهمڠاکن رد يکا کلندن سبݢيمان يڠ تله احمد بن فڠهولو کاسا يڠ ا شتهارکن تڠکو فرمنتأن کامي ايت - ايس او له منداڤة کلاڠن دباتو 10 بدالرحمن، کتوا رومبوڠن عيم. ملايا چرس رود کاجڠ وقت دالم فرجئانن کملاک فد 18 يلم کاوبوي دان سباݢيڽ فيبرواري يڠ لالو، ساڠتله ترهوتڠ بودي دان مڠوچفکن  روسقکن فراڠي انق٢ کيت تريمکاسيه کفد أ. ستيڠݢي٢ بوبکر بݢندا، اهل مجلس ايت. ساله ساتو درفد فرکارا يڠ اوله کران ملايا تأ لام مشوارة فيدرال يڠ تله ممبري اݢيباکن منچافي کمرديکأن. تله مروسقکن فنديديقئن بڠسا سبسر٢ فرتولڠن کفد فيهق يڠ ک سوده سهاروسڽ تيف٢ بڠسا کيت دماس اين اياله کانق٢ مندافة کملاڠن ايت سهڠݢ لايو مڠهرݢأي فنديديقئن يڠ دبري کبيباسن سسوک هاتيڽ افة کمبالي کرومه ماسيڠ٢ منونتون وايڠ ݢمبر يڠ تأ ڠساڽ سنديري درفد منيرو دڠن سلامتڽ دسوڠي باکف نديديقئن بڠسا. اسيڠ يڠ دافة سسواي انتوق مريك. سبرڠفراي. - ايس. مصطفى روسقکن انق٢ مودا کيت يڠ مثالڽ چريتا ݢمبالا لمبو، سکوله ملايوتيتي سيروڠ، فارية ماسيه فرلوکن ديد يقين يڠ بايك فرومفق٢ دامريکا دان دتمفة٢ بو فتر. ݢري اسيڠ. کيت دافتي انق٢     مئچاري باف مرتوا کيت يڠ سسوده ساج مريك کالو ماءو بري منونتون فيلم٢ سروف ايت، ساي ايڠين برتمو دڠن ک مريک اکن منيرو سݢل دو نيفوررم اف مرتوا ساي بر نام جأيس، چارا يڠ دلاکوکن اوله ڠ تله برفيسه دڠنساي سجق5 ريله فرچوما فلاکون٢ دفيلم٢ ايت. مريك اهون يڠ لالو. بارو٢ اين ساي کن برتوتور کاس، برتوکر ساي ساله سئورڠ اهل هوم ندافة کابر بهوا اياڽاد تيڠݢل فراڠي ترهادف ايبو باف دان ݢارد ججاهن کوالا کڤس رسام٢ دڠن انقڽ بر نام اسمعيل اورڠ توا. کالو سوده دمکين فيرق، ساڠتله بردوکچيت ن جأيس دکمفوڠ فاسير بدمر يکف فمودا٢ کيت سڠݢوه افبيل مندافة تاهو دري کتوا لوق انسين، فيرق. ميديهکن. ساي بهوا يونيفورم يڠ دبري باف مرتوا ساي ايت اد اوله کراجأن ايت اکندکناکن کيت سکارڠ تله ممفوڽأي مفو ڽأي سئورڠ لاݢيا ق للاکي بايران سباڽق ک سفاسڠ. اوله منتري فلاجران يڠ ترديري ڠ لاين بر نام محمد عيسسى بن ايت ساي مرايو کفد فيهق جأيس، تيڠݢل د برواس، فيرق. دري بڠسا ملايو، مک سوده واس سوده ساي ممبواة فرهو بڠن سواجرڽاله کيت منچݢه سݢل کراجأن يڠ دفيليه اوله رعية ڠن مريک ايت، تتافي تيدق روف ݢمبر٢ بارة يڠ تأ ممبري سفاي ممبري کامي يو نيفورم",film,op_ed,
62,UM-1956-03-10-1,29410,1020.0,2345.0,1753.0,2345.0,1753.0,6883.0,1020.0,6883.0,"ڠمتين ڤراچ دن ڽسهبوة دڠن تيمبق 8 دس ااور ستار 9 مرچ - تڠکو عبد الحليم اج مودا قدح دان تڠکو بحياه، فتري يڠ دفرتوان بسر نݢري سمبيلن، اکن الوکن٢ دڠن لافن دس تيمبقئن مريم ان بو ڽبن٢ نوبة، بيلا کدوا٢ قڠنتبن دراج :يت دان رومبوڠنڽ سمفي دالور ستار فد 18 مرچ اين انتوڤ مڠاد ف ساطان دان نڠکو اسفوان قدح. ساتو فرارقئن دسوڠي ااورستار نورة عادة استعادة تورن تمورن راج٢ دح اکن دلنسوڠکن فد مالم 21 مرچ کدوا فڠنتبن دراجابت اکن منا يککي را مو ݢسفڠ دان اکن دايريڠي اوله راڠو ساناي، لايڠ مس (دان ناݢاساري فندأيوڠ٢ فراهو ايت اکن مندا يوڠ منورة چارا٢ برکايوه دزمان٢ راج٢ دح فربکالا، يأيت دسبوة دايوڠ بنم دايوڠ انق دوا دان دا يوڠ لڠ ملا يڠ. لمفو٢ ايليقتريك يڠ ترڠ بندرڠ کن مڠهياسي د سبله مڽبله تبيڠ سوڠي لور ستار دري توڠکڠ يارد هڠݢ کجيتي دمان فرارقئن ايت اکن لنسوڠکن. بيلا تيبا د ببتي، فڤنتين بارو يت اکن براڠکة کبالي بسر مڠعاضري تاموان ماکن مالم انتوق 210 اورڠ جمفوتن خاص، دان اکن دهيبورکن دڠن ڤرما ينن روڠݢيڠ مڠݢ جاوه مالم کراجأن قدح تله مڠا نتوقکن 40,000 ا نتوق استعادةرفرکهو ينن اج مودا قدح اين سمنتارا ايت، برباݢي٢ تماش سفرت ڠرماينن حضره، وايڠ چينا، وايڠ کولية، تارين انديا، وايڠ ݢمبر، بوڠا في دان لاين٢ اکن دادکن سللما 3 مالم برتورة٢ دفادڠ کورة الور ستار ولاءي هاري اثنين 19 مرچ اين چندرا مات رعية سمنتارا ايت فمبريتا کيت دسرمبن بريتاکن بهوا سبواه دولڠ فيرق چندرامات دري سلوره رعية نݢرى ممبيلن اکن دهديهکن کفد فڠنتبن راج - تڠکو بحياه دان راج مودا دح - کتيک مريک برسنديڠ دسريمننتي فد 11 مرچ اين. هديهايت کن دسمفيکن اوله ا. عبدالجلليل بن مين الدين. سلاين ايت، ساتو رومبوڠنروڠݢيڠ جوݢ اکن دسومبڠکن سلما تيݢ مالم برتورة٢ انتوق هييوران دالم وفچارا فرکهوين دراج ايت. قوم ايبو امنو سريمننتي اکن ڠهديمکن دوا بواه تيلم الس کروسي",other_or_undetermined,live_event,Alor Setar
63,UM-1956-03-10-6,29695,3946.0,5950.0,4675.0,5950.0,4675.0,8078.0,3946.0,8078.0,ݢسبير فد اول بوان اين  4اعل مجلس  ررسام ملاوة کوالا ليفيس 9 مرچ - امفد ورڠ اهل٢ مجلس مشوارن ݢري فهڠ باݢي ججاهن مرلوء اکن مڠادکن لاواتن رسام سلما 16 هاري انتوق نموءي اورڠرامي دسلور کمفوڠ٢ دتمرلوه دان مندڠر را يوان٢ مريک مولاءي بيسوق فݢاوي٢ امنو فهڠ سلاتن ڠير يڠي رومبوڠن ترسبوة رتنجوقيئن وايڠ ݢمبر اکن دادکن دتيف٢ نمڤه ڠ سيڠݢاهي. ا. يحيى محمدسيه سئورڠ دري مل٢ مجلس ايت مڽتاکن بهوا اواتن سرنتق سروف ايت اکن به ممواسکن اورڠرامي دان دافة مفرقواة لاݢي راس فرساتوار,film,live_event,Kuala Lipis
64,UM-1956-03-10-6,29698,3936.0,4251.0,4658.0,4251.0,4658.0,5421.0,3936.0,5421.0,هاري ايبو باف سابق برنم سابق برنم مرچ - مشوارق جوا تنکواس کماجوان سکوله ملايو سکوله اݢام کراجأن دان سکوله ݢامرعية سا بق برنم تله برستوجو اکن ڠادکن هاري ايبو باف دان احتفال کدوا دڠن چارا بسران٢ فد7 ڤريل دفن دا نتارا رنچاڠن يڠ اکن دادکن ياله فرتنحوقين وايڠ ݢمر اوله فجا بة نراڠن فرسکتوان تانه ملا يو، جاموان اسي دان برباݢي جنيس فرما ينن,film,live_event,Sebab Ranum
65,UM-1956-03-12-7,30702,4809.0,4023.0,5543.0,4023.0,5543.0,5315.0,4809.0,5315.0,"يڠکو قوم ايبو کوت بهارو 11 مرچ - قوم بو امنو چواڠن کتريه، کلنتن کن مڠادکن دميڠݢو قوم ايبو، دري 24 مرچ هڠݢ 1 افريل فن انتوق مڠوتيف درم باڠونکن سبواه رومه چواڠن برسبوة يڠ داڠݢرکن مماکن بلنج 84,000. برباݢي٢ فرماينن سفرت بوقسيڠ سيام“ مق يوڠد روڠݢيڠ، وايڠ کولي: ايڠ ݢمبرڠ فرتنجوقئن فراوسهأن تاڠن ان فرتنجوقئن کوء يه موء يه اکن دادکن نونون٢ دکناکن بايران ماسوق 25",puppetry,live_event,Kota Bharu
66,UM-1956-03-14-6,31546,2590.0,7023.0,4820.0,7023.0,4820.0,8085.0,2590.0,8085.0,جاموان تيه اکن. دادکن سبله رچادڠ مڠادکن فرارقئن يڠ سبارڠ جواتنکواس کساتوان٢ فتڠڽ دان دسبله مالمڽ فول کچوا لي منجادي سبسرڽ٢’ مڠليليڠي بندر دوڠون بورود و تنجوقئن وايڠ ݢمبر، مأيوڠ نحة. مد هاريي بوروء ايت. فݢاوي٢ بارو. کساتوان اکن دتنجوقکن دڠن فرچوما. توان چيو بيڠ چياة کبڠسأن فکرج٢ تر نسفورة تيأوسها اݢوڠ کساتوان فکرچ٢ سمنتارا ايت کساتوان کبڠأن فکرج٢ ترنسفورة فرسکتوان چواڠن ترڠݢانو يڠ ومبوڠ فنتي تيمور دوڠون رکات بهوا فرارقئن دان فرسکتوان تانه ملايو چواڠن دڤيليه اياله فڠروسي وان عبدالله، نأيبڽ أ. امبوڠ، ستيأوسه اين٢ فرايأن ݢران مڽمبوة ترڠݢا نو يڠ مڠادکن مشوارة هاري بوروه ايت اکن دبواة کرڠن سديکية هاري يڠ لالو چيو بيڠ چياة بندهاري حاج سچارا بسران٢ دسيئي تله ملنچرکن درما مختار دان انم اورڠ اهل ليو مفلاوا کساتوان٢ کيلة مبنتو فکرج٢ لومبوڠ جواتنکواس يڠ لاين,film,live_event,
67,UM-1956-03-16-1,32267,5601.0,2025.0,6352.0,2025.0,6352.0,3939.0,5601.0,3939.0,"رافة مريݢا ميڠݢکو اين جوا تنکواس فڽلشݢارا کيمفين مرديکاسيڠافورا تله مڠعمومکن سمال. تنتڠ رافة٢ عموم يڠ اکن دادکن فد ميڠݢو اين سفرت برا يکوة: - ماري جمعة - رافة عموم انجوران فارتي تيندقئن رعية دتانه لافڠ وروڠ تاي سيڠ دري جم 5 هڠݢ 7 هاري سبت 17 مرچ رافة عموم نجوران فتير دبيوتي ورلد باتو7 بوکية تيمه رود دري جم 5 هڠݢ 7 جم 7مالم - رافة انجوران ليب فرانة دباتو 6 سوکو ظومسن رود جم 5فتڠ - رافة عموم انجوران منو دسيمفڠ ستيل رود دان چاڠي رود (دکة جالن ماسوق ککمفوڠ ملا يو) هاري احد 18 مرچ- رافة عموم نجوران فتير د باتو 9 ستڠه چاڠي رود برهمفيران دڠن وايڠ سين] چيو دري جم 8,30 فاݢي هڠݢ 10.30 دري جم 11 هڠݢ 12 تڠهاري تفة نجوران فتير دسيمفڠ ايسة کوست",film,live_event,
68,UM-1956-03-21-6,34875,3212.0,7701.0,3916.0,7701.0,3916.0,8179.0,3212.0,8179.0,دري اورڠ٢ کمفوڠ ايت سنديري انتوق منچݢه فرمفوان٢ مودا دکمفوڠ ايت جاڠن سلالو برجالن اتو مليهة وايڠ کمبر کبندر وقت,film,other,
69,UM-1956-03-21-6,34896,1833.0,5052.0,2337.0,5052.0,2337.0,5148.0,1833.0,5148.0,رتنجوقئن وايڠ ݢمبر.,film,other,
70,UM-1956-03-23-7,36029,2595.0,4389.0,3318.0,4389.0,3318.0,4841.0,2595.0,4841.0,فسودا امنو چواڠن رأوب“ فهڠ، تلا مڤادکن سا تو جاموان تيا. کران مرأعيکن کتوا فمودا سرت ستيأوسڽ منو چواڠن ايت. فمودا٢ ايت تلن مو تسکن مڠو تيف درما فمودا دڠن مڠادکن فرتنجوقئن وايڠ ݢمبر بولن,film,live_event,
71,UM-1956-03-24-4,36292,2493.0,5231.0,3964.0,5231.0,3964.0,6703.0,2493.0,6703.0,اير تله ترفاسڠ. - طاهر بن کامي منتا کرج سباݢي فنوزيه اواڠ، فولو برا ني نته، جوافنڽ سروف جوݢ.  تمفتڽ تأ مناسبه بارو٢ اين کامي تله دهنتر کامي فندودق کمفوڠ مرات٢ تمفة د باهاو ديستر يك کمفادڠ کران ممبواة فکرجأن ايف. ار. مڠوچفکن ريبوان تريمکاسيه کفد فجابة فنراڠن يه. کامي تله براوسها مڠمفولکن کوا نتن يڠ تله منايڠکن وايڠ واڠ ايلاءونس ݢمبر دکمفوڠ کامي. تتافي کامي سباڽق 30 انتوق ممبنتو ق استري کامي يڠ تيڠݢل دوکچيت سديکية کران تمفة منايڠکن وايڠ ݢمبر ايت تيدق کمفوڠ. مناسبه يأيت ددالم دوسون کلاف کامي سوک مڠشورکن کفد يڠ بردکاتن دڠن لاوة دان يهق برکنأن سفاي مڠمبيل کدي چينا. دهارف فرکارا کامي سباݢي ساتو فاسوقکن سفرت اين جاڠنله برلاکو,film,other,
72,UM-1956-03-27-1,37064,4121.0,2093.0,5613.0,2093.0,5613.0,5163.0,4121.0,5163.0,عاقبه فمبونهن حاج عبدالصمل برسام٢ دڠن بريتا دري بڠکوق يڠ مڠتاکن تڠکو عبدالرجمن ترا، کتوا منتري فرسکتوان تانه ملايو، تله سلامة تيبا دسان دڠن ومبوڠنڽ، اوتوسن ملايو سمالم تله منريما ساتو بريتا دري سلاتن سيام مڠتاکن بهوا ساتو فرݢادوهن بسر تله برلاکودا تتارا اورڠ٢ ملايو دان سيام دکمفوڠ باکوڠ، ولايه بڠنارا، سجق ببراف هاري ڠ لالو. دالم فرݢادوهن اين امفة اورڠ تله تربونه دان 20 اورڠ اݢي لوك. مريک يڠ مڠمبيل بهاݢين دالم فرݢادوهن ترسبوةد بريتاکن لة مڠݢوناکن سنجات٢فارڠ دان فيسو. فونچا فرݢادوهن ايت ݢيمان فون تيدقله دکتهوي. ڠيکوة خبر٢ اڠين يڠ سمفي کسيني، فرݢادوهن ايت تله يمبول برايکوتن دڠن فمبونهن کأتس حاج عبدالصمد، فميمفين سلام يڠ ترکنل دسيتو، لبه سميڠݢو يڠ لالو. خبر٢ اڠين ايت جوݢ مڽتاکن بهوا کمونکينن برلنجوتڽ رݢادوهن سروف ايت اداله تربايڠ سکارڠ دولايه ترسبوة. فد ماس اين فڠݢوڠ وايڠݢمبر دبڠنارا هاڽ دکو نجوڠي وله اورڠ٢ چينا ساج. اورڠ٢ ملايو دان سيام تيدق کليهاتن نسوڠ، دمکين منورة خبر٢ ايت. لاݢي ݢاون٢ سکوله تڠکو عبدالر حمن ڠسا سيام اکن منمجاموڽ دبڠکوق ڠکوق 26 مرچ - تڠکو عبدالرحمن، کتوا منتري فرسکتوان افه ملايو يڠ هاري اين تله برلفس کبڠکوق اکن دجامو اوله کاون٢ سدرجه دڠنڽ دثيفيسرين سکول دسيني دولو فاݢي اين تڠکو عبدالرحمن، استريڽ، توان أوڠ يوق لين، منتري فوسة دان فرهو بڠن دان استريڽ، أ. عبدالعزيز بن اسحاق نتري فرتانين دان استريڽ تله برلفس دڠن کفلتر بڠ دري کوالا,film,other,
73,UM-1956-03-28-1,37519,398.0,381.0,3738.0,381.0,3738.0,1562.0,398.0,1562.0,"ڠکو برچاکف تنتڠ فنتيڠڽ فرهوبڠن رافت ملايا - ثأيلنل ثأيلنل نتنتوة ممبطلکن فرجنجين تنترا دڠن ملايا ڠکوق 27 مرچ- تڠکو عبدالرحمن. کتوا منتري فرسکتوان تانه ملايو مالم تادي برکات دسيني: ""داره سيام يڠ اد دالم دان ساي تله منجاديکن ساي سدر بهوا کسلامتن ملايا اداله برݢنتوڠ کفد فرهوبڠن يڠ رافة انتارا ثأيلند دان ملاياس ليو تله ممبواة کڽتأن ترسبوة ددالم سوات مجلس ماکن بسر يڠ دادکن کراناڽ اوله منتري لواو ثأيلند، فرينس وان وايڠايا کون. ڠکو برکات بهوا مسئله٢ يڠ دهادفي اوله ثأيلند اداله سام دڠن مسئله٢ يڠ دهادفي ملايا. ""فرسکتوان تانه ملايو",other_or_undetermined,other,
74,UM-1956-03-29-6,38186,3829.0,3399.0,5309.0,3399.0,5309.0,4396.0,3829.0,4396.0,"کالو وايڠ  راڠ اڽق توق مسجل وومئتا معاف6، باتو فهة 28 مرچ - سڠݢوه اينده فکن بارو فارية سولوڠ، اد فوڽأي فجابة دان تأون کأو نسل، دان لاين٢ دان د تد بيرکن فول وله چرديق فندي فندودق٢ نمفاتن، تتافي سايڠ، دسيني تيدق اد سجد، دمکين انتارا لاين کات فڠليما حاج صالح، فڠهولو مقيم مفة"" سيمفڠ کيري، باتو فهة ددفن کيرا٢ 350 اورڠ دالم اوفچار رسميکن فجابة دان تأون کأو نسل فارية سولوڠ بارو٢ اين",stage_performance,live_event,Batu Pahat
75,UM-1956-03-30-2,38480,3167.0,6995.0,3870.0,6995.0,3870.0,7793.0,3167.0,7793.0,کاوالن کراجأن. جوافن فيهق کراجأن أ. عبد الرحمن بن موسي، ستيأوسها کراجأن نݢري جوهر، وقت منجواب أ طب مڽتاکن بهوا فڠاد. ان ايت تيدق بتول ساءسکالي کتاڽ، لايانن يڠ بري کفد کمفوڠ٢ بارودالم نݢري جومر ايت سنتياس بايک هڠکاکن هيبوران وايڠ ݢمبر فون سنتياس,film,other,
76,UM-1956-03-30-3,38532,298.0,2591.0,2567.0,2591.0,2567.0,4906.0,298.0,4906.0,"   د       اورڠ ممڤراوله فاليده دڠن مڠکوناکن ”کيفلر“ه يا - کيفلريڠ سدڤراساتايت منج] د يکن سکلوار ددالم کادان يڠ ميحة دان سنتيأس برجا ييباڤوه دڠن بأهن ٢يڠ منيمبولکن ميحاتن، ذاة٢ بيتمين A 9،يڠ منداتڠکن کمواتن. مقمبألي دان سمبولکن کميحاتن. سأڠة برهرݢ کمد کانق٢، سرت سنا يککن بدان.اي ممبري تال کڤد اورڠ٢ مودا دان توايڠ ڤرلوبأݢي کهيد,ڤن بأيک ددالم سوال بکرج اتو برمأين ء  بفلر     ميبق ايکن کود ليبراورييل. يڠ د تمبه دڠن ڤا ي برس بلمندا تندابݢني سشريک1 باروهس ريلکرعمند کمفني کيل٢ توڠݢل باکني ملايا،جيکسن عندکيفني ليتيد. سيڠا قورا، کوالا لمفور، فولوفينڠ،ايفوه، جيسلتندان برستبش نورث بورنڽوه",other_or_undetermined,other,
77,UM-1956-03-31-4,39024,1709.0,450.0,3971.0,450.0,3971.0,7367.0,1709.0,7367.0,"سمبوتن فڠنتين دراج قدح ساڠة مرياه رعيت جلات منلرريتا نتافي سلوره لافيسن مشارکة دبهاݢيکن٢ کفد سݢل فقير باݢي فرتام کاليڽ. ݢري قدح تله مڽمبوة هاري مسکين يڠ براد دنݢري قدح اد ستڠه درفداڽ تله فون داتڠ جق فاݢي٢ لاݢي دڠن ممباوا فرايأن فرکهوين يڠ ترامة ملي اين? کمدين واڠ ايت دبهاݢيکن٢ فول کفد سݢل بکالن ناسي. فد جم 5.00 فتڠ راج مودا قدح يڠ دلنسوڠکن ڠسا. فد حال فربلنجأن د بالي کليها تنله کريتا سلما امفة هاري برتورة٢ يڠ برورن مولاءي 19 مرچ يڠ لالو. کفد بسر ايت ساج لبه دري 35000. کو نيڠ دان مڠيبرکن بنديرا جواتنکواس فرا يأن ايت فاتوة واڠ فربلنجأن ايت اياله دري برورن هيجو، کوتيڠ دان ميره بريکن فوجين کران بيجق واڠ رعية. اداکه فاتوة واڠ يڠ ددهولوءي فنوڠݢڠ موتورسيکل دبلنجاکن ايت انتوق مشارکة مڠاتور دان ميوسن رنچاڠنڽ٢ فول اوله سرت دتورتي تاسن ساج?. سفاتوتڽ رعية براتوس٢ کريتا يڠ د نايککي اينله فرتام کالي دادکن فرا يأن سفرت ايت سجق ببراف جلات دنݢري اينله يڠ برحق اوله ڤمبسر٢ نݢري دان اهل٢ يڠ لالو. بردويون٢ مندافة فأيده درفد واڠ ايت امنو (مڠيکوة کتراڠن بندير تاهون رعية انݢري قدح داتڠ دان بوکنله سباليکڽ. ڠ دفاکي اوله کريتا٢ ماسيڠ) يڠ لبه٢ مڽديهکن سکالي تتافي الڠکه همفا هاتي برهيمفون دفادڠ کورة، الور ياله کتيك راج مودا دان رعية يڠ منوڠݢو سهارين٢ ستار کران ميقسيکن فرتنجوقئن ستريڽ سمفي دقدح دري سونتوق سمبيل مننده کفانسن فرت وايڠ کولية، حضره ݢري سمبيلن فد تڠݢل18 مرچ دان کهوجانن کران تيدق غزال، سلامفية دان سباݢيڽ دڠن ڠ لالو. بريبو٢ رعية جلات دافة لنسوڠ مليهة اورڠ٢ يڠ تيدق مڠيرا هينا اتو مليا، کاي ترماسوق مريد٢ سکوله تله براد ددالم کريتا٢ ايت يڠ تو مسکين. دببراف تمفة سفرت استان برهيمفون دسفنجڠ جالن ترلالو درس لاريڽ. اين سموا اداله کسلاهن نق راج، استان چݢر دان يڠ سجاوه 50 باتو يأيت کألور فيهق يڠ مڠاتور دان مڽوسن بالي بسر تله دادکن جاموان٢ دري بومبوڠ ليم اکن. فربلنجأن انتوق فرايأن ستبار. ماسيڠ٢ دڠن فکاين يڠ رنچاڠن. لاݢي فول اهل٢ ين تله مماکن بلنجا سباڽق برا نيکا ورن منوڠݢو کتيبأن يڠ جوا تنکواس فرايأن ايت اداله ترديري دري کالڠن اورڠ٢ 40,000?. تتافي چوما سريبو ترامة مليا راج مودا دان استريڽ ايت دڠن تيدق رڠݢية تله دبهاݢيکن٢ کفد اتاسن دان هرتاون، بوکن دري ݢولڠن رعية جلات مڠهيراوکن سمأد هوجن اتو مسجد توء کوڠ، هيندو، سيام فون فانس. مريك ا يڠين مليهة انتوق منجادي دان چينا. ايڠاتن چوکفکه واڠ سباڽق ايت واجه ترامة مليا تڠکو بحياه دماس دفن، هارفله فيهق يڠ برسڠکوتن مميليه اهل٢    جوا تنکواس ايت دري کااڠن فيليهن وکيل اݢورو٢ کلنتن کأندونيسي يڠ برتيمبڠراس دالم سمو ممواسکن هاتي  تيلق افيسن مشارکة يڠ منديامي قدح اين. -] رعية جلات قدح سيکف جوا تنکواس کساتوان دان کبودايأن اتو فنديديقئن.   ݢورو٢ ملايو کلنتن مميليه بوراڠ ايت هندقله دهنترکن تا مأو ݢقتور براف اورڠ چالون انتوق کفد تيف٢ اهل سفاي مريک کي چحينا دهنتر کأندونيسيا دان کمدين منوليس سنديري نام اورڠ٢ يڠ مريک برستوجو منجادي چالون ايت] هندقله داو ندي ساي تله ممباچ بارو٢ اين وکيل. کرتس٢ اوندين ايت دڠن چارا سولية، ساڠتله تيدق دسبواه سورتخبر اڠݢريس يڠ بيجق دان تيدق ممواسکن هاتي عندقله دکيرا اوله ساتو مڠتاکن بهوا کراجأن تانه جوا تنکواس خاص. ساي فرچاي ملايو هندق مڠمبيل دقتور٢ سبݢيمان يڠ کامي فهم وکيل٢ کأندو نيسيا ايت هندقله دري نݢري چينا. ينله ساتو چارا يڠ عاديل. کامي تيدق ستوچو کالو ترديري دري اورڠ يڠ بنر٢ ميمڠ ساي اکوءي بهوا تانه واڠ کساتوان ايت دݢوناکن ملايو اين اداله ککوراڠن ممفو ڽأي باکة دالم بهاس دان فرسوراتن - سني دانکبودايأن بوکن فد تمفتڽ. جک باکل دقتور، تتافي بوکنکه دسيني چالون٢ يڠ دفيليه اوله جوݢ اد يو نيبرسيتي فراو باتن کامي تيدق نمفق چالون٢ يڠ جواتنکواس ايت سبنرڽ٢ سکيرا تيدق منچوکفي دري دفقسا فيليه اوله جواتنکواس جوجور دان بوکن کران مڠمبيل فلاجر٢ يوتيبرسيتي يڠ لولس يت اد برکبوليهن دالم حال يڠ کسمفاتن ماکن اڠين ساج، ترسبوة، فدحال ماسيه باڽق لاݢي دالم علمو فراوباتن، تيدق اد سيلاکنله مناريق ديري دان ورڠ٢ يڠ لاين يڠ بوله دفيليه سبب مڠافهندق مڠمبيل دقتور٢ منوڠݢو فيليهن يڠ سبنرڽ٢ بيلا دري نݢري چينا. منجهادي چالون دادکن کلق.- اهل فروݢريسيب ساي لبه برستوجو کالوکيت کفد تيف٢ چواڠن، کامي مڠمبيل دقتور٢ دري نݢري منتا دڠن سڠݢوه٢ سفاي ممبنته سيکف جواتنکواس يڠ تيدق جفون اتو جرمن، کران مريك تأ اناکن واڤ لبه بيجق دان فندي. بريله بيجق ايت. اداکنله چارا٢ يڠ سݢوله منڠه ريک ممݢڠ جواتن ايت دڠن لاين يڠ مناسبه سفرت اين:- مڠيکة کونتريق سلما ببراف کساتوان هندقله مڠادکن ݢام? تاهون يڠ کيت کهندقکي. بيلا دوا بوراڠ يڠ فرتام باݢي اهل ننتوة٢ ملايا تله باڽق لولس ساي ساڠتله براس مشکيل يڠ دچادڠ مواکيلي بهاس دان وليهله مڠݢنتيکن تمفة مريک کران کراجأن يڠ اد سکارڠ فرسوراتن، کدوا باݢي سني يدق مأو براختيار منديريکن يت   سکوله٢ منڠه اݢام بهاݢين بارو٢ اين سرامي 300 اورڠ فرمفوان دري فݢري أچين ملايو دان عرب سبݢيمان ڤله4 الڠکه بايکڽ کالو توليسن سکوله٢ منڠه ملايو يڠ تله تله ماسوق کملايا دڠن الاسن مڠيکوة سوامي مريک. ممبوک فينتو ايت دالم بهاس ملايو دڠن فون دديريکن دتافه ملايو اين. سايي شورکن کفد کراجأن کفد بڠسا اسيڠ اداله مروݢيکن حروف جاوي دأتس دان رومي دسله باوهڽ، امفماڽ ررفاسر سفاي منديريکن سکوله منڠه رعية نݢري اين.",puppetry,live_event,
78,UM-1956-03-31-7,39152,2613.0,6859.0,3341.0,6859.0,3341.0,8133.0,2613.0,8133.0,- 133.9 ميتر) جم 6 فتڠ رمفاين وسنتارا: 6.10 تينجاون چارأ سڽارن“ 6.15 اندونيسيا دان مستله فلاجران 30 6 اورکيسة هاواين راميديندڠ7 فرخبران٢’ 710 رڠکاسڽ اخبار” 720 ا ڽسن٢ 7.30 اورکڽس قراد يوجاکرتا 8 فرخبراڽ 8.03.٢ سيارڽ فمرنته، 8.30 يبو کوت هاري اين، 840 اورکيسة سفتا ناداء  ريڤورتيس، ت9.1 وايڠ ولڽة4 10 فرخبران٢? 19.15 مڠݢ!1 ممبوڠن وايڠ کولية دان تمت يسوق (63 49_2 976 123 ميتر) حم 7ڤاݢي فرخبران٢’ 7.10 ميڠݢو ڤن 7.30 اورکيسة فنچاريا، 8 خبران4٢ 810 ميڠݢو کمبيرا، 9 رسرا10٢تورکي سن تيورء 30 9 ڽريتا’ 949 ڽا ڽين٢,puppetry,media_content,
79,UM-1956-04-01-3,39394,1077.0,1074.0,1799.0,1074.0,1799.0,5600.0,1077.0,5600.0,"جاهة اتو بوروق، مک سلماله ورڠ اکن مڽڠک بهوا کيت لاکوکن کجاهتن ايت مکينله دبايڠکن دالم فيلم وفنچوري“ کلوارن تربارو يم. ايف. في.ڠيڠ تله د تايڠکن کفد فمبريتا٢ اخبار بارو٢ ن قيصه رفنچوري“ برفوتر سبواه وايڠ بڠساون يڠ بر فام رسري بولن اوفيرا“ کفو ڽأن الڽک سوتن مودا. چريتاڽ دمولاکن دڠن چاوا ساله فهم انتارا سورڠ ماين بيولا اوفيرا ترسبوة دڠن سورڠ سريفڠݢوڠ دان سورڠ مودا يڠا ترسفية دانتارا کسلاهن فربواتن منچوري ڠن کمسکيننڽ چريتا بوهڠ فمودا يڠ ايت منجادي يچوري ڠݢوه٢ سهڠݢ اي کاوين ڠن سر يفڠݢوڠ اوفيرا ترسبوة ݢيمان فون دالم هاتي کچيلڽ ريفڠݢوڠ ترسبوة تتف تيدق مفرچيأي کجوجوران سواميڽ ان بيلا برلاکو سوات کچورين بنرڽ بوکن کچورين تتافي يڠ هاڽ کسيلافن) اي تله منوده واميڽ. تودهن اين مڽيڠݢوڠ راسأن هالوس سواميڽ يڠ نسوڠ مڠهيلڠکن ديريڽ. چريتا ,رفنچوري“د تمتکن دڠن کݢمبيرأن دان کهاروان- رتبوان انتارا سوامي دان ستري فنچوري“ سفرت باڽق يلم٢ ملايو لاينڽ، ماسيه بلوم افة ملفسکن ديري وري ڠاروه کهئدوستائن، تراو تام الم ڽاڽين. دائم سوأل لاکونن يفوة سراوق داڤة دڤوجي لاکون٢ لاين اياله يوسف طيف، قادريسن، ماليك سوتن مودا، ايس. شمسالدين، سيتي نجوڠ فيرق، عزين ساتر، حفصه",film,media_content,
80,UM-1956-04-01-4,39421,1699.0,4607.0,2413.0,4607.0,2413.0,8148.0,1699.0,8148.0,26 ڠݢوڠ وايڠ کائي سيڠافورا يڠ ترکنل ايت فد تڠهمالم اين اکن منايڠکن فيلم بيلال، سبواه فيلم عرب يڠ منچريتاکن قيصه دزمان رسول الله دولو. اينله کالي يڠ فرتماڽ فڤݢوڠ ترسبوة منايڠکن فيلم عرب. يلال، مروايتکن سمولا قيصه هيدوف سئورڠ مأنسي عرب يڠ برنام بيلال، يڠ منجادي توکڠ بڠ نبي محمد (صلعم). فيلم اين مروا يتکنقيص4 بيلال سجق دلاهيرکن هڠݢ وفاتڽ اݢي اورڠ٢ اسلام فيلم اين بوکن ساج مليهة لاکونن ببراف توکوه عرب دالم دنيا فيلم، تتافي يڠ ترفنتيڠڽ اياله مليهة مأنسي بڠ بر نام بيلال ايت، يڠ تله,film,live_event,Singapura
81,UM-1956-04-01-5,39484,4161.0,7174.0,6420.0,7174.0,6420.0,7960.0,4161.0,7960.0,کن دمولاکن فد تڠݢل 1هڠݢ اورڠرامي، تمفتڽ د باڠونن في. کبودا يأن.... دبليو. دي. 723جالن اير موليق 6 اڤريل کسلورهن دان دالم بکس جيه. سي. ايس. ايه.) فرتنجوقئن ررمالم کسنيان دان چنيء زوبيده مسحمد سعيد ستيأوسها ميڠݢو فلاجر٢ جوهر اثنين2 افريل: لنجوتن کبودايأن ملايو“ ترسبوة فرتنجوقين فراوسهأن تاڠن دان بهارو دالم کتراڠنڽ تله مڽتاکن فلاجر٢ ملايو باتو فهة تله فاميران بوکو٢ فرفوستاکأن (10 رجاي ممبريکن ايسي ا نتوق مالم بهوا فمبچأن ساجق٢ اکن ڠ دنماکن مالم کبودا يأن ايت. دادکناجوݢ دالم ميڠݢوفلاجر فاݢي هڠݢ5 فتڠ). فرتنجوقئن کارڠ اوسها٢ اين تله اين. فمبچأن ماجق اتو ساجق وايڠ ݢمبر فرچوما دديوان,film,live_event,
82,UM-1956-04-02-6,40077,3910.0,4772.0,4639.0,4772.0,4639.0,6238.0,3910.0,6238.0,هاري ايبو باف مرليمو ملاك 1 افريل - سکوله ملا يو ان سکوله کبڠسأن اڠݢريس رليمواکن مڠادکن تماش هاري يبو باڤ ڤدهاري سبت 7 افريل ن دفادڠ سکوله ملايو دسيتو فد سبله فاݢي اکن دادکن رتنجوقئن بارڠ٢ فراوسهأن اڠن مريد٢ دان اورڠ کمفوڠ نکل فد سبله فتڠ همفير 30 جنيس فرماينن موکن اکن لنسوڠکن. فجابة فنراڠن دأيره جاسين له فون مڽتاکن فرستوجوانڽ نايڠکن وايڠ ݢمبرڽ فد سبله مالم,film,live_event,Air Jasin
83,UM-1956-04-05-6,43956,4848.0,2692.0,5564.0,2692.0,5564.0,4184.0,4848.0,4184.0,تيک مالم ورن رساتوان بکس کسلامتن کوالا ترڠݢا نو 4 افريل. رساتوان اهل٢ بکس فاسوقکن کسلامتن ملايا. بهاݢين ترڠݢا نو کن مڠادکن مالم ا نيکا ورن دان ن فير دملايا هوتيل، کوالا رڠݢانو فد 6 افريل سلما دو فاري مالم فرتام سنديوارا، چريت سروان فهلاون تانهأير“. مالم سنديوارا. دهنتو کدوا جادين“ وايڠ کولية، وايڠ ݢمبر، دانلاين٢ فرماينن جوك ادکن کران مڠو تيف درمارومه,puppetry,live_event,Kuala Terengganu
84,UM-1956-04-09-4,45253,1607.0,7843.0,2315.0,7843.0,2315.0,7939.0,1607.0,7939.0,وايڠ٢ ݢمبر? فرکارا اين تله,film,other,
85,UM-1956-04-09-4,45270,63.0,6088.0,2347.0,6088.0,2347.0,7467.0,63.0,7467.0,"بڠسا کيت يڠ ماسيه ککوراڠن فندريتأن .دأتس تانه فوساك انتي مرديکا دسيڠافور ايت. دالم سݢي ايکو فومي، فلاجران نينيق مويڠ کيت سنديري ساي مڠيڠتکن تڠکو بهوا دان لاينڽ٢ تيدقله عاديل کالوکرا جأن ݢرقين يڠ دمکين ڽايت اکن سسوده سموا ايت دميليقکي اڠݢريس مڽرهکن کفد بڠسا ڠکو هادفي دتانه ملايو جك اوله اورڠ ملايو باروله ڠ بوکن ملايو باݢي کمرد يکأن تيدق تڠکو سلسيکن فرتيأن٢ کمرد يکأن يڠ د تنتوة دان د منتا سيڠافورا اين. سفرت دباوه اين: يت دسرهکن کمبالي کفد دماس دفن بيلا کادأن اف کأنتوڠن کفد اورڠ٢ بڠسا ملايو دسيڠافورا لايق ملايو کمفوڠ جك دافة مرديکا   مݢڠ کواس فنتدبيران دالم رساله٢ وايڠ کلق سݢل سݢي دنݢري اين"" اداکه ملايو اکن مندافة ڽميبردن کراجأن اڠݢريس دکهندقکي نتوڠ دان تيڠݢي درجتڽ مڽرهکن نݢري اين کفد يعني ممرنته دنݢري منديري قمسجل سلطان2 بڠسا ملايو يأيت کفد سلطان جک مرديکا کلق? سهڠݢ بݢيمانکه فندافة عالم علماء ملايو دسيڠافورا بيلا دادکن سکارڠ امنو هاڽ برديري سام",other_or_undetermined,op_ed,
86,UM-1956-04-09-8,45502,4699.0,1392.0,5433.0,1392.0,5433.0,7476.0,4699.0,7476.0,"دي سيفکن فول - سمبوڠن دري موك 1 - دبري فام """"مليسيانس“ اتو ,ملينيشيانس“ کتاڽ. تيف٢ ورݢانݢارا ملا ي ندقله ممفو ڽأي کلا يقئن٢ ?يڠ رتنتو، دانرعية٢ اسيڠ ترماسوق عية٢ بريتيش تيدق برحق نجادي رعية ملايا مرديکا مريک کلق، کات داتوء عون. بليو تله ممبري امفة شرط سيلوم اتو٢ اورڠ ايت منجادي ورݢانݢارا کبڠسأن ملايا مرديک کلق يأيت دا نتاراڽ! رعية سلطان عية بريتيش يڠ تيڠݢل دان فرانقکن دالم نݢري اين اتو نروسي نيچراليشن، کتاڽ ردڠن سچارا اين، ساي فيکر الم تيمفوه 30 تاهون مريک دڠن سنديري اکن ممفوڽأي فراسأن نديري، منجادي ورݢانݢارا ݢري اين دڠن مموتسکن برهوبڠن٢ مريک دڠن نݢري٢ سيڠ لاين“ کتاڽ لاݢي. مڠنأي ديڠ دفرتوان بسر رامبݢأن بارو، اتو سباݢي فمر ننا ݢوڠ ملايا مرديکا کلق، دا توء عون ڠشورکن سفاي يڠ دفرتوان ايت مفو ڽأي کواس دان نمرنته يڠڠ قواة"" مک ر,لمتيقئنڽ هندقله تربوك? بوکن ساج ترحد دري راج٢ ملايو، تتافي مندقله جوݢ دري قرابة٢ دراج يڠ دفندڠ لايق دان برفا توتن“ کات دا توم ون. اوله کران ملايا مرد يکا کلق اکن مفو ڽأي ساتو ديوان اݢوڠ ترباݢي الم دوا ديوان، يأيت ساتو ديوان رتوانن دان ساتو لاݢي ديوان عية، داتوء عزن مڠشورکن سفاي بڠ دفرتوان فمرننه ايت دلنتيق اوله ديوان٢ ترسبوة وايڠ کولية سبلوم ايت، داتوء عون تله منچلا شور تڠکو عبدالرحمن مڠتاکن بهوا نتيفئن يڠ دفرتوان ايت اکن دلنتيق سچارا برکنتي٢ دانتارا راج٢ ملا يء دا توء عون منودهچارا ايت سباݢي وماين٢ وايڠ سولية“ ساج دان نوده يڠ دفرتوان بسر سروف ايت هاڽ سباݢي سا تو فمر نته فا توڠ“کتاڽ منرڠکن سفاي فرلمبݢأن بارو لايا مرديکا کلق دافة منجامبن کدوقئي دان حق٢ اتو کفنتيڠن٢ ورڠ٢ ملايو داتوء عون منرڠکن بهوا سناتو٢ فرکارا مڠنأيڽ هند قله دفقا دماسوقکن کدالم فرلمبݢأن يت سفرت فرکارا حق٢ ورݢا نݢارا. کتاڽ وکبيمباڠن اورڠ٢ ملايو، ايت وکن برصفة طمع"" ا تو اوله کران سماڠة کبڠسأ مڽ مللواف٢ کات داتوء ايت مفر تاهنکن ا يڠ دتنتوة ارله ا. رڠ٢ ملا ي ت اذا4 سم مڠ حق يڠ سبنرڽ ݢسڽ مشوارة اݢوڠ تاهونن فارتي نݢارا سلاڠور تله دتروسکن دسبله فتڠ ابن مچارا تدترتوتف ادان دا نتارا رکارا٢ يڠ دبينچڠکن اياله سوأل٢ مننتڠ جوس سولي دان مننتوة جوا تنکواس کرج اݢوڠڽ ممبواة ساتو ,ميمور ندم“ نتوق? دسمفيکن کفد سورهنجاي",other_or_undetermined,other,
87,UM-1956-04-11-5,46265,1710.0,1285.0,2452.0,1285.0,2452.0,4997.0,1710.0,4997.0,"ڠ ماسيه موݢوء سجق 6 بولن يڠ لا لو هڠݢ سکارڠ توان جامية سيڠ، ستيأوسه جوا تنکواس کرج ايت، مڽتاکن بهوا يهق ماجيکن بارو٢ اين ولا4 منچوب هندق مڠمبيل اورڠ٢ يڠ مڠڠݢور دسيڠافورا انتوق بکرج ددالم مريکتڽ سباݢي مڠݢنتيکن تمفة 400 ورڠ فکرج٢ يڠ موݢوء ايت جوا تنکواس ايت مڽتاکن بسر ماتيڽ دڠن سيکف اورڠ٢ يڠ ايت کران منولق تاوارن ڠڠݢور ماجيکن ترسبوة کران ممندڠکن بهوا موݢو,٢ ايت ماسيه منروسکن موݢوقئنڽ دان جوݢ بربسر هاتي تس سيکف فيهق جبا تن کمنترين وروه کران براوسها انتوق منمتکن موݢوقئن ايت جباتن کمنترين ترسبوة بارو٢ ين تله ممبري فرستوجوان کفد وکيل٢ موݢوء٢ يڠ منموءيڽ ايت بهوا اي کن براوسها لاݢي انتوق مڽلسيکن رتيکاين ترسبوة. فوليس چارري اورڠ٢ (ين فوليس سيڠافورا سدڠ منچاري ورڠ٢ يڠ برتڠݢوڠجواب يڠ لاکوکن فمبونهن کأتس دو ورڠ للاکي چينا دان ملوکاکن اره سئورڠ ملايو فد هاري احد ڠ لالو کدوا٢ اورڠ چينا ايت تله اتي عاقبة فرکادوهن٢ يڠ فرچيأياياله دا نتارا ݢيڠستر٢ سئورڠ چينا ايت ماتي د باتو 14 ستڠه، جوروڠ رود دان ئورڠ لاݢي دجو چياة رود. ورڠ ملايو ايت چدرا کنافوکل دفن فڠݢوڠ وايڠ کافيتول.",other_or_undetermined,other,
88,UM-1956-04-13-3,47029,516.0,8177.0,981.0,8177.0,981.0,8273.0,516.0,8273.0,2ئوايڠودڠ بيبن,other_or_undetermined,other,
89,UM-1956-04-14-8,47768,3996.0,2146.0,4762.0,2146.0,4762.0,8090.0,3996.0,8090.0,يڠافورا فد ماس دفن، کالو ومبوڠن مرديکا سموا فارتي يت برستوجو اتس چداڠن اين کتوا منتري ديبيد مارشل يڠ جوݢ اياله کتوا رومبوڠن رديکا ايت“ سمالم منرڠکن بهو وميوڠن مرديکا اکن منيمبڠکن رمنتأن قوم سراني بهوا قوم٢ يلاڠن کچيل دواکيلي دالم يوان فرهيمفونن سرومبوڠن قوم سراني تله نموءي توان مارشل کلمارين ان مرايو سفاي تيف٢ قرم يلاڠن کچيل اين برحق مميليه کيل٢ مريک سنديري انتوق دودق دالم ديوان فرهيمفونن الم سيڠافورا مرديکا کلق توان مارشل ممبريتاهو رسيداڠن اخبار سمالم بهوا دي کن مڠموکاکن فرکارا ايت کفد رومبوڠن مرديکاڽ انتوق نيمبڠکن. بݢيمانفون دي رجنجي سيڠافورا مرديکا کلق کن تتف منجاݢ کفنتيڠن٢ وم٢ کچيل رومبوڠن مرديکا اين اکن رسيدڠ باݢي کالي يڠ اخر فد مماري را بو دفن دلندن برسام٢ ڠن فنصيحة٢ فرلمبکأن رماسوق سر ايبور جينيڠس يڠ له داتڠ کسيڠافورا بارو٢ اين  فرساتوان ارتيسة ملايو فرسکتوان اکن دتوبهکن کوالا لمفور 13 افريل به 60 اورڠ فتري٢ جوݢية فق٢ وايڠ بڠساون، فلاکون٢ نديوارا راديو دان فنتس، اهل يوزيق دان اهل٢. سني تارين ڠ لاين اکن مڠادکن ساتو رجمفأن فد 15 افريل اين درومه امنو باتو رود کران نو بهکن فرساتوان ارتيسة ملايو فرسکتوان. ) فڠنجور فرجمفأن ترسبوة .حسن چيک، سمالم مڽرو سموا ورڠ يڠ اد برکأيتن دڠن کسنيان رسبوة سفاي حاضر فد هاري رجمفأن 1يڠ دتتفکن ايت قتوڽ اياله جم 10 فاݢي ٢توان رشيد منان، کو نسل ندو نيسيا دکوالا لمفور چيء حليمهتون اهل مجلس مشوارة و نداڠن فيدرال، أ. يعقوب حاج عبدا للطيف، فڠاره جباتن نراڠن  فرسکتوان دان توان ݢندا بويوڠ، سئورڠ توا يڠ باڽق ڠالمن دالم حال احوال کسنيان ملايو تله داو ندڠ انتوق ممبري و چافن٢ دالم فرجمفأن ترسبوة,stage_performance,live_event,Kuala Lumpur
90,UM-1956-04-15-2,47911,4668.0,4896.0,5397.0,4896.0,5397.0,5911.0,4668.0,5911.0,(فرا يکا تن) مڽتاکن دالم مشوارق ولانن مجلس بندارن کلڠ مالم سمالم درفنجاره٢ ترلالو برمهرا چليلا تمفه٢ منجوال تيکية وايڠ ݢمبر دسيخي بليو تله مڽروسفاي منمجر٢ تيف٢ ڠݢوڠ وايڠ دکلڠ بکرجسام دان ممبنتو کراجأن مڠأ تسي حال ترسبوق سکڽراڽ فرکارا اين تيدق چݢه، کيت سند يري ننتياکن مليهة فمبونهن٢ برلاکو دسيتو“ کات توان ي ليو تله منرڠکن بهوا فرکارا اين,film,other,
91,UM-1956-04-15-4,48076,824.0,3846.0,1577.0,3846.0,1577.0,4625.0,824.0,4625.0,مالهن تيدق برليسين. فلاچور يڠ ترديري دري فلاچور٢ ترحرمة. اين تنتو ساج حلال کران فݢاوي٢ ايت تأو وندڠ٢ دان تمفتڽ جوݢ تيدق دسبارڠ تمفة. توان کامي جوݢ سريڠ منونتون وايڠ ݢلف، مالم٢,puppetry,other,
92,UM-1956-04-16-8,48846,40.0,647.0,1535.0,647.0,1535.0,1341.0,40.0,1341.0,ررتيسية٢ ملايو نکوالا لمفور نو بهککن فرساتوان ارتيسية ملايا کوالا لمفور 15 افريل - فتري٢ جوݢية، انق٢وايڠ بڠماون، لاکون٢ سنديوارا دان فنتس، اهل٢ ميوزيق دان سني تارين کوالا لمفور دالم ساتو فرجمفأن يڠ دلنسوڠکن درومه امنو، باتو ود، هاري اين تله برستوجو فد داسرڽ منوبهکن ساتو,stage_performance,live_event,Kuala Lumpur
93,UM-1956-04-19-5,50179,1771.0,1288.0,2498.0,1288.0,2498.0,3647.0,1771.0,3647.0,"دوا دالم فرسيداڠن ڤرهيمفو نن و نداڠن سيڠافورا فد بولن جون فن منورة رڠ او ندڠ٢ ترسبوق نتوان فݢوام دڠن فرچوما دالم  قرسام سمبوة رنچاڠن منوبهکن فرساتوان رتيسة٢ ملايو ملايا فرسام"" فرسا توان ارتسة٢ لايا دحيڠافورا مڠالوکن٢ رنچاڠن عندق منو هکن فرسا توان ار تيسة ملا يو ملايا يڠ مليفوتي سکللين فتري٢ جوݢية، انق٢ وايڠ بڠساون، فلاکون٢ سند يوارا دان فنتس، اسل٢ ميوز يق ان سني تاري ݢاني، ستيأوسها فرسام صالح ڽتاکن بهوا فرسام بکن ساج ڠالهکن٢ رنچاڠن ايت مالهن مڠوچفکن تهنئه کفد سموا ارتيسة٢ لا يو يڠ مڠنجورکن فرسا توان ايت رنچاڠن هندق منو هکن فرسا توان رتيسة٢ ملابو ملايا ايت نلاء ستوجوءي دالم فرجسفأن يڠ تله ادکن اوله فتري٢ جوݢبة. اهل٢ ڠساون4 سند يوارا دان امل٢ ميوز يق لايو دکوالا لمفور فد 15 افريل يڠ الو ساتو جوا تنکواس انتوق مڽوسن تچاڠن ترسبوة تله فرن دتو بهکن",stage_performance,live_event,Kuala Lumpur
94,UM-1956-04-20-2,50410,3918.0,6568.0,4646.0,6568.0,4646.0,8205.0,3918.0,8205.0,لاراڠن ايت مليفوتي سمو کندرأن - بسيکل، موتورسيکل وتورکار، لوري دان لاين٢ ڠڠکوتن. مڠواتکن لاݢي سباݢي حکومن ايت سموا کدي٢ کوفي يستورا نة٢، فڠݢوڠ٢ وايڠ، هوتيل٢، کبارية٢ يڠ دفو ڽأي وله اورڠ٢ سيفرس تله دتوتف ولاءي فاݢي سمالم سهڠݢ 24 فريل فمبرونتق٢ تله ممبالس حکومن ايت دڠن ممفرهيبة راڠن٢ بوم د نيکوسيا هاري اين 10 بوتير بوم تاڠن تله دلتوفکن وله فمبرونتق٢ درومه٢ يڠ دديامي اوله تنترا٢ بريتيش,other_or_undetermined,other,
95,UM-1956-04-23-1,51698,4298.0,8084.0,4798.0,8084.0,4798.0,8180.0,4298.0,8180.0,رݢي منونتون وايڠ.,other_or_undetermined,other,
96,UM-1956-04-27-3,53673,2667.0,1886.0,3393.0,1886.0,3393.0,4290.0,2667.0,4290.0,قيصه٢ ملاك سجق زمان اهيرڽ نݢري ايت، ماسوقڽ ومبوڠن اورڠ٢ چينا، سراڠن ورڠ٢ ميام، فنچوليقين تون يجه دان فتري کونڠ ليدڠ کن دفرتنجوقکن دالم فيست رسبوة. سفوله بواه فنتس بسر ان سبواه ديوان بڠساون اکن جوݢ دديريکن دکاواسن ليک ݢاردن ايت انتوق برباݢي ٢ رماينن دان فرتنجوقين دري رباݢي٢ قوم حضره (قدح) تارين٢ نورا (قدح)، مأيوڠ (کلنتن) ٢ (فهڠ)، رودة (ترڠݢانو) ابي ݢيفڠ (جوهر)، بوري کودا فولو فينڠ)، سروني نفيري فهڠ) دان وايڠ کولية (فهڠ) کن دتنجوقکن. فرتنجوقڽ٢ بڠساون سرت رادوان ڽاڽي ميايو اصلي چوݢ اکن دادکن. لاݢو٢ نتوق فرتنديڠن ايت اياله: اکن سيريه، مس ميره، سري رسيڠ، دامق دان سيتي فايوڠ.,puppetry,live_event,
97,UM-1956-04-29-6,54717,4027.0,1657.0,6289.0,1657.0,6289.0,3642.0,4027.0,3642.0,ݢينيله بنتوقڽ فينتومݢر بڠ ماسوق ککاو اسن فيستا کبودا يأن ترسبوة صلي، مينورا، مأيوڠ، تاري لا بي ٢“ رودة، کودا کيفڠ مولاءي تڠݢل 13 هڠݢ 15 ملالوءي سالوران٢ يڠ ترتنتو، بوريا سروني نفيري، وايڠ جولي تاهون اين ايبو کوت سکوله، فيلم، فنراڠن دان لاين٢ کولية دان لاين٢ لاݢي. فرسکتوان تانه ملايو اکن فنديديقئن، مك تأ لام الاݢي ک اي يدق کتيڠݢاان فول وايڠ ملاهيرکن ساتو فرتنجوقين يڠ کيت اکن مليهة اوسها سوات بڠساون. سوات فنتس انتوق دنماکن رفيستا کبودا يأن.“ فمرنته يڠ مڠموکاکن کبودا يأن وايڠ بڠساون اکن دسدياکن فندودق٢ ملاياء کوالا رعية - مڠڠکة کمبالي اوسها برماسوقله فنتس٢ لاين يڠ مفور خصوصڽ اکن مليهة دان دايا سوات بئسا يڠ سجق سباڽق سفوله بواه انتوق وات فيستا کبودايأن يڠ بسر سکين راتوس تاهون ترتکن فرماينن٢ تارين٢ دان کسنياد ٢ يڠ سبلومڽ تيدق فرنه دادکن. دان تر تيندس. ترسبوة. دان اينله جوݢ مروفاکن فيستا کبودا يأن اين دادکن سوات تيتيق فرمولاءن دکبون بوڠا (ليک ݢاردن) باڠونن٢ فنتس ي فرکمباڠن کبودايأن رعية يڠ دديريکن دتيف٢ کوالا لمفور. لواسڽ سلواس فنجو رو مندافة دوکوڠن دري فمرنتهڽ. کبون بوڠا ترسبوة. کاواسن کبون بوڠا ترسبوة دان جک فد سوات ماس دولو، فنجڠڽ سفنجڠ کاواسن کبون فيستا کبودايأن اين اداله فمرنته کولو نيال منکن دان بوڠا ايت جوݢ سرت دمکينله جوݢ مروفاکن سوات کر جسام کبودا يأن رعية دڠن بسرڽ. منيندس کبودا يأن انتارا تيݢ فتدودق٢ سمبواه کمفوڠ ترفنچيل دفنتي,stage_performance,live_event,Kuala Lumpur
98,UM-1956-05-02-5,56000,2414.0,4652.0,3152.0,4652.0,3152.0,5842.0,2414.0,5842.0,کبکارن ايت مڽببکن بارڠ٢ رماسوق کاين باجو يڠ بارو بلي انتوق هاري راي تله بناس سماس رومه ايت رباکر ريک تيݢ برانق تي ق اد درو مهڽ. استريڽ دان نڠڽ رݢي ککلينيق سمنتارا کاريم کرج دنشݢوڠ وايڠ نيو الحمبرا دوا بواه کريتا بومبا تله ماديکن کبکارن ايت سبلوم مفة مريبق. فو نچا کبکارن ايت,film,other,
99,UM-1956-05-02-5,56011,2440.0,3353.0,3168.0,3353.0,3168.0,4641.0,2440.0,4641.0,توميوه برديرية٢ کمبر دأتس مننجوقݢن فوکوء نس ايت سأتو کلوارݢ دوکچيت کاين٢ بارو ترباکر  کاريم عبدالرحمن بن  وفريتر وايڠ کمبر نيو الحمبر ان استريڽ يڠ سدڠ حامل رت سورڠ انقڽ دالم دو کچيت باس ابن کران ساتو کبکارن رلاکو درومه مريک دسرڠݢون ود سيڠافورا فاݢي کلمارين,film,live_event,Singapore
100,UM-1956-05-02-7,56133,2517.0,2705.0,3248.0,2705.0,3248.0,4117.0,2517.0,4117.0,حاصيل فرتنجوقئن کوت بهارو 1 مي جواتنکواس رومه امنو فاسير وتيه مڠعمومکن بهوا فڠحاصيان رسيه امفة کالي تايڠن وايڠ ݢمبر ڠ دادکن سبلوم بولن فواس ين برجمله 185و3ڠ رنچاڠن٢ سدڠ دبواة سکارڠ نتوق مڠادکن ميڠݢو امنو سلفس هاريراي اين انتوق منمبه درم رسبوة. فݢاوي٢ فرماينن دان فيبوران اکن دفر تنجوقکن دالم ميڠݢو ايت. رومه امنو ايت اڠݢرکن اکن مماکن بلنج,film,live_event,Kuta Bharu
101,UM-1956-05-08-6,58624,3872.0,4674.0,4609.0,4674.0,4609.0,6729.0,3872.0,6729.0,ڽمبوة اولڠ تاهون امنو کسفوله دڠ سرمبن 7 مي - امنو بهاݢين کوالا فيله اکن مڠادکن ساتو رجمفأن رامي دفڠݢوڠ وايڠ کمبر مجيستيک، کوالا فيله فد جم3 فتڠ 20 سي اين کران رياکن اولڠ تاهون امنو يڠ کسفوله. سمنتارا ايت امنو چواڠن ڠݢارڠ، باتو فهة جوݢ اکن ڽمبوة اولڠ تاهون امنو يڠ سفوله ايت دڠن مڠادکن تماش٢ را يأن سلما ليم مالم بهاݢين٢ دان چواڠن٢ امنو سلوره ملايا جوݢ اکن راياکن اولڠ تاهون امنو رايت.,film,live_event,Kuala Pileh
102,UM-1956-05-10-12,58939,1241.0,4983.0,5046.0,4983.0,5046.0,5141.0,1241.0,5141.0,فد هاري دان سأعة يڠ بهݢيا راي اين. دڠن حرمتڽ کامي هيدڠکن رنچاڠن٢ وايڠݢمبر انتوق مڽريکن هاري يڠ برتواه اين !,film,media_content,
103,UM-1956-05-11-8,60255,908.0,834.0,2837.0,834.0,2837.0,960.0,908.0,960.0,نچاڠن٢ وايڠݢمبر يڠ تراݢوڠ انتوق مڽريکن هاري يڠ برتواه اين!,film,other,
104,UM-1956-05-12-7,60594,1635.0,1072.0,2380.0,1072.0,2380.0,4108.0,1635.0,4108.0,"12 لسڽارن وانيتا: 1 فرخران1.10٢ مفة سݢاون، 130 اورکڽسة هاوين تري ملوکو، 2فرخيران، 10 2 اورکيسق لايو سيئر ميداڽ، 245 سڠݢ و برخبران داڽ ريسة (49,63 - 76.2 يتر) جم 5 اورکيسة راد يوجوقجاکرت 5.3 ݢمللن بنجر ماسين. (4263 - 762-135.9 ميتر) جم 6 فتڠ رمفا ڽن وسنتارا2 6.10 تينجاون چارا سيارن 6.1 ا ندونيسيا دان مسئله فلاجران 6.3 اورکيسة٢ هاوين رامي د يندڠ فرخبران، 7.10 رڠکاسن اخبار? 7.20 اڽين٢’ 30. 7فنچراݢم فاسوقکن فوليس ݢارا?8 فرخبران2 8.05 لاڠين سوارا 8.40 سفتا نادا2 9 ريفور تيس“ 9.15 ا يڠݢوليق: 10 فرخبران، 10.15 مڠݢ 11 سمبوڠن وايڠݢوليق دان تمت وان حاج عبدالله بن حاج صالح اضي کفلا باتس، سبرڠفراي مڠوچفکن سلامة هاري راي عيدالفطري کفد سکلين قوم سلمين. من العائدين الفائزين ݢ83   اݢي کنچيڠ مانيس دفربواة سمات٢ درفد تومبوهن٢ دان کر٢ کايو يڠ ممبسميکن ݢولا دالم اير کنچيڠ سرت منمبه کصيحاتن دان ملبيهکن برة  بوبه. 100 بوتير 85.50. 4 (فتي سورة نمبر 123) ٢4",puppetry,media_content,
105,UM-1956-05-12-8,60654,1203.0,4577.0,5106.0,4577.0,5106.0,4733.0,1203.0,4733.0,فدهاري دان ساعة يڠ بهݢيا راي اين دڠن حرمتڽ کامي هيدڠکن رنچاڠن٢ وايڠݢمبر يڠ تراݢوڠ انتوق مڽريکن هاري يڠ برتواه اين!,film,media_content,
106,UM-1956-05-14-8,61673,2718.0,735.0,5417.0,735.0,5417.0,976.0,2718.0,976.0,تيجوايڠککروماي نورسنيمن تربايک دالم,other_or_undetermined,other,
107,UM-1956-05-18-4,63267,1607.0,3882.0,3875.0,3882.0,3875.0,3992.0,1607.0,3992.0,کڽاڽقکنڽ تردڽري دري اهل٢ دتمبه دڠن مچوکفڽ دان منونتون وايڠ ݢمبر ايت فد,film,other,
108,UM-1956-05-18-4,63270,1590.0,1029.0,4643.0,1029.0,4643.0,3799.0,1590.0,3799.0,"تأ فواس هاتي ڠ منوڠݢو بنتوان بر تمبد٢ مندريتا رکيتة رجهفأن فننتوة٢ منورة کفوتسن مشوارة کراجأن سفرت ايت. اداله تيدق مروفاکن سباݢي رݢولا٢ مجلس او نداڠن فرسکتوان تانه مڠݢاݢلکن چيتا٢ کراجأن ساج“. بريکنله واڠ ساڽق هيلير فيرق ملا يو، ند اول تاهون 1955 ممبري بنتوان باݢي ملفسکن 5,000,000ة ايت کفد بيڠك فد دوا هاري. راي يڠ لالو. ݢوڠ کمفوڠ. - حسن بن ايتم کرتس فوتيه نمبر 55]28 اداله مريک ايت درفد چڠکامن فادي باݢن داتوء تله دادکن ممبري بنتوان واڠ سباڽق کونچا. فکرجأن دبندڠ سکارڠ جروچاکف بيڠک فرساتوان رجمفأن هاري راي فطره دان. 5,000,000ڤ کفد فنانم٢ فادي شريکة بکرجسام٢ قدح او تارا. سوده مولاءي تيبا. تتافي واڠ جلسبرامه تامه دڠن انجوران دڠن توجوان هندق منولڠ نتوان ماسيه دتاڠن کراجأن. مريک ايت ملفسکن ديري دري ننتوة٢ سلوره هيلير فيرق. سيکف يڠ دمکين برارتيله دجاديکن سکوله چڠکامن توکيه٢ فادي کونچا کراجأن تيدق مناروه کفرچيأن ڠنأي فرجمفأن اين کامي باݢي ڠݢوڠ وايڠ کفد رعية کران فرتو بهن شريکة تو. فادي راتوس. واڠ ايت يهق فننتوة٢ باݢن داتوء ساڠة٢ دبريکن کفد بيڠكاݢوڠ کمفوڠ کرجسام ايت اداله دماجوکن يدق فواس. هاتي اتس دوا تله دوا بولن لماڽ سکوله بکرجسام٢. فرسکتوان تاته اوله رعية. رکارا. ملايو چڠلون، جيترا، فدج سڠݢهفون قدح اوتارا اد ملايو،. يأيت سبواه فرتو بهن دجاديکن فڠݢوڠ وايڠ فد فرتام”ددالم سورة٢ معلوماتڽ ممفو ڽأي لبه کورڠ 50 بواه شريکة يڠ اهليڽ٢ کباڽقکن مالم٢ هاري. سڠݢوه فون حدل بتاکن بهوا توان دڤتور برهان فنانم فادي، منروسي فرتوبهن شريکة يڠ دتوبهکن اوله اين تله منجادي سوڠتن لدين دان أ. اسحاق حاج شريکة بکر جسام دکمفوڠ٢ شريکة دان اهل٢ فݢاوي٢ فندودق٢ کمفوڠ"" نتاڤي حمد""دجمفوة مڠحاضري دفرچيأي دالم تاهون1955 شريکة ايت سنديري، تتافي برجالن فرماينن ايت ماسيه رجمفأن ايت، تتافي کناف ماڽ واڠ سباڽق 2.000.000? ساج شريکة٢ ايت تيدق دافة دکاول تروس ڠد بريکن کفد بيڠک اݢوڠ ايت کران ککوراڠن فربلنجأن"" ريک تيدق کليهاتن حاضر? ساي هارف فيهق يڠ دانو اڠ باقيڽ سباڽق 3,000,000? ککوراڠن فݢاوي٢ دان ککوراڠن کدوا، سماس برݢمبر رامي تيندڤئن ماسيه دفݢڠ اوله کراجأن. دان فربلنجأن باݢي مڠادکن کلس برکواس مڠمبيل کناف دبواة برفيهق٢، يأيت لاتيهن دان اين اداله لبه دأتس فرکارا اين. کانق٢ دالم تاهون اين، واڠ باقي فيهق للاکي دان. سفيهق تربهيادرفد فياکية فادي کو نچا. دسکوله ايت ترفقسا مڠڠکة سباڽق 3,000000? ايت بلوم اݢي فرمفوان? اداکه منجادي لاݢي دبريکن اوله فيهق کالو سبنرڽ کراجأن برتوجوان بڠکو٢ مريک فد سبله فتڠ دان  سلاهن جك دچمفورکن ساج? کراجأن کفد بيڠك اݢوڠ ايت. ,هندق ميلامتکن فنانم٢ فادي فاݢي. لاݢي فول مريک مالس",other_or_undetermined,other,
109,UM-1956-05-21-6,64849,3108.0,6304.0,3843.0,6304.0,3843.0,8433.0,3108.0,8433.0,ارو٢ اين. چييݢو احمد اياله بکس نورو مکتب تنجوڠ? ماليم يڠ اڠة دسايڠي اوله مريدڽ٢ يڠ اس اين مڠاجر دسلوره فرسکتوان انه ملايو - سيڠافورا. بليو تله ڠيدف ساکية باره موك يڠ تروق دان تله براو بة دسيڠافورا سهڠݢ مبوه اوله بنتوان سکلين بکس ريدڽ٢سرت کساتوان٢ ݢورو٢ ملايو فرسکتوان دان سيڠافورا. دا نتارا نصيحة چييݢو احمد له مڽرو کفد سموا مريد٢ تو الاکي دان فرمفوان دان لاينڽ٢ رسفاي جاڠن برجولي ساج ڠن فکاين برباݢي٢ ڤيشين فڠݢوڠ وايڠ، کتامن هيبوران تافي فاتوه کران هندقيله کواجيفن ماسيڠ٢. بکرجاله نتوق فرفادوان دان برجواڠله اݢي ممبيلا بڠسا، تانهأير دان,other_or_undetermined,other,
110,UM-1956-05-24-2,65117,861.0,605.0,1606.0,605.0,1606.0,2803.0,861.0,2803.0,"نديل بلي الة٢ وايڠ سوبية نيو ديلهي 23دمي - افديا ان سوبيةيو نيان سمالم تله ننداتاڠني ساتو فرچجنجين مبلي لة٢ ممبوريڠ ميڽق دري روشي رهرݢ ٢1,500,090 واڠ امريک ريکة. فرجنجين ايت دتندا تاڠني وله ار.ݢيه: راماياني، ستيأو سه کمنترين فڽليديقئنباهن٢ منته دان سأينتيفيک دان ايتاولينيکدن ان ايسيجي. سيزو نينکو باݢي يهق فرتوبهن فرداݢڠن لوار سو بية. ن نچاڠن٢ جوݢ تيله عمومکن2 دنيو ديلهي انتوق بينا سبواو کيلڠ مڠلوارکن الة٢ رکاکس زممبوريڠ ميڽق دان الة٢ رکاکس“ لومبوڠ دبنتو اوله هل٢ دان فاکر٢ تيکنيك سوبية",other_or_undetermined,other,
111,UM-1956-05-24-3,65181,4847.0,949.0,5604.0,949.0,5604.0,2642.0,4847.0,2642.0,فݢاوي٢ بارو چوايڠن ايت اله کتوا أ. يعقوب سليمان، تيأوسهاأ. عثمان محمد دان يم اورڠ اهل جواتنکواس. مشوارة فرواکيلن امنو فهڠ کوالا ليفيس 23 مي - تڠکو بدالرحمن فترا، يڠ دفرتو ݢوڠ امنو ملايا، اکن ممبوك شوارة فرواکيلن امنو بهاݢين٢ ملوره فهڠ دتمرلوه فد 27 مي ين سهاري سبلوم ايت، وکيل٢ هاݢين ڤمودا دان قوم ايبو اکن,other_or_undetermined,live_event,Temerloh
112,UM-1956-05-24-4,65231,0.0,5002.0,719.0,5002.0,719.0,5507.0,0.0,5507.0,نيف٢ سکوله اد ممفو ڽأي سورڠ ݢورو بسر داڽ مڠافکه فيهق ݢورو بسرڽ منديمکن دڽري ساج کالو بنرله اد فرتنجوقئن وايڠ ݢمبر سبݢيمان يڠ دکتاکنڽ,film,other,
113,UM-1956-05-24-4,65233,0.0,3707.0,1540.0,3707.0,1540.0,4992.0,0.0,4992.0," ولو فون فراوباهن اين سياف ممبنرکن4 يچوما سديکية""ساج، تتافي تربوقتيله بهوا - کراجأن باي تله ممباچ توليسن فرايکاتن سبنرڽ مڠهرݢاکن رفمرهاتي کسفوڠ“ دالم رواڠن بهاس ملايو منجادي بهاس ين تڠݢل 18 مي يڠ لالو يڠ کبڠسأن دان بهاس يڠ تراو تام برتاجوقکن ،,سکوله ملاڽو دنݢري اين. - مة .اندراء تايفيڠ چڠلون جيترا، قدخ دجاديکن فيرق. ڽ ڠݢوڠ وايڠ فد تيف٢ مالم“  ايڠين مندافة تاهو دري سباي مان بنتوان انتوق فنوليس ايت، سيانکه اݢقڽ يڠ سوداوکامي? دواڠڠتفت مو دوا بولن ايت? ستاهو ساي",other_or_undetermined,op_ed,
114,UM-1956-05-26-4,66158,928.0,1433.0,2439.0,1433.0,2439.0,1825.0,928.0,1825.0,ايت ارتيڽ رنتي يڠ دايکتکن ولو فون ملايا کات اورڠ درسوده مريك فد ليهير کيت ايت اکن مرديکا نتي“ مرديکاڽ هاڽ فوتس، کران کيت سوده سدر سفرت مرديکا دالم فڠݢوڠ وايڠ دان سوده مرونتا٢ مأو لفس. ساج، کران فد حقيقتڽ دي,other_or_undetermined,op_ed,
115,UM-1956-05-26-7,66262,4140.0,6372.0,4889.0,6372.0,4889.0,8532.0,4140.0,8532.0,"راديو چماکر تا (80 19 - 9? 25 - 1339 ميتر) جم 12 تڠهاري هݢ 1 فنڠ لسبارد وانيتا. فرخبران٢ 110 مڠݢ 3 ورکيسة ڤرساتوان کيت، سني سوند ا ستود يو جاکرتا، فرخبران2 اورکڽس راد يو جوقجاکرتا فرخبران دان ريمة (49.63 - 76.2 ميتر) جم 5 هڠݢ 536 فتڠ اورکيسة کرونچبڠ ايراما س. (4963 - 262 - 135.9 ميتر) م6 هڠݢ 7 مالم رمفاين نوسنتارا ينجاون اچارا سيارن4 اندو نيسيا دان سئله فلاجران، اورکيسة هاواين امي د يندڠ، فرخبران، 2.10 مڠݢ 9 قتسار فريس، کسنيان هلماهيرا اݢو٢ بارو، فرخبران“ سيارن فمرنته"" يو کوت ماري اين، سفا بادا يفورتيس، 9.15 هڠݢ 11 وايڠ کولية رخبران، سمبوڠ وايڠ کولية دان تمت ايسوق (63 47 - 133.9 ميتر) چم 5 6 هئݢ 10. فاݢي لاݢو ڤمبوکأن، رخبران، رنچاڠناکن. اتڠ، اورکيسة وسفا کنچان، فرخبران، ميڠݢو ݢمبيرا رخبران، اورکيسة سسندو تيمور",puppetry,media_content,
116,UM-1956-05-27-3,66496,233.0,3870.0,1754.0,3870.0,1754.0,8542.0,233.0,8542.0,ارتيڽ دالم فمکاين بهاس ملايو سکارڠ:-) اينله راديو ملايا دان اينله ورت بريتا دبچاکن اوله عثمان ووڠ ماريمو ئو. فد هاري اثنين يڠ لالو، سبواه کفلتر بڠ تله براڠکة کبولن. 15 اورڠ، ترماسوق کاکيتاڠن٢ کفلتربڠ ايت تله برلفس دري فادڠ تربڠ فاي ليبر فد جم 5 فتڠ اتنين ايت. انتارا مريک يڠ تله برلفس ايت اياله اواڠ موثوسامي، احمد چيوڠ سيڠ لوڠ دان اسمعيل فريتف سيڠ، تيݢ اهل سأينس يڠ ترکنل سلاين درفد ممبکلکن ديري مريک دڠن اودارا اوقسيجين، مريک جوݢ تله ممباوا باڽق مکانن سفرت برس“ سوسو، ݢولا. يکن - فنديق کات باڽقله يڠ تله دباوا مريک. فنوه سسق دفاي ليبر فتڠ ايت کران هندق مليهة اورڠ٢ ايت راڠکة کبولن. ررامبوي، بسرڽ“ کات سورڠ ملايو افبيل مليهة تاف بسرڽ کفلتر بڠ:ايت. سورڠ چينادڠن ترچڠڠ٢ فول برتاڽ: رايه، ايه، ايه، نأ کمان فول کفلتر بڠ ايت?“ سسوده سموا اورڠ ماسوق کدالم کفلتر بڠ ايت، اي فون رلفس کأودارا دان دالم سکجف ماس ساج تيدق اد سئورڠ ڠ دافة مليهة کفلتر بڠ ايت - سوده هيلڠ دتلن لاڠية هاري اين فددودق٢ سيڠافورا تله دبريتأو بهوا کفلتن بڠ يت سوده سمفي کبولن دان سموا فنومفڠ٢ ددالم کادأن بايك. ريک تله دسمبوة اوله فندودق٢ بولن - للاکي، فرمفوان، ابڠ، ديق - سمواڽ داتڠ منموءي مأنسي دري دنيا دان مريک تله برتوکر٢ فيکران سرت برسام٢ ماکن ناسي دالم ساتو مجلس ماکن يڠ بسر کران مراعيکن ليم بلس اورڠ دري دنيا تادي. منورة بريتا يڠ دتريما، وانيتا٢ دبولن سمواڽ چنتيق٢ دان ايک٢ بلاك. رمبوة مريکتلبة دان هيتم، کولية مريک هالوس دان فوتيه. دان فوتڠن موک مريک بوجور. سئورڠ درفد مريک يڠ فرݢيئکبولن ايت سوده فون ممبريتأو سبواه سورتخبر دسيڠافورا هوا دي مأو کاوين دڠنسورڠ وانيتا بولن. ستاکة اين بلوم اد تريما بريتا يڠ مڠتاکن اداکه مريک اکن کاوين اتو تيدق. کتوا رومبوڠن کبولن ايت منروسي الة راديو برکات بهوا فندودق٢ بولن راجين بکرج، تأ سوك برجالن٢ ماکن اڠين دان جارڠ٢ منونتون وايڠ. مريک جوݢ ݢمر ماکن ناسي دان مينوم کوفي. مريک جوݢ برفمر نتاهن ديموقراسي دان تيدق مڠنل نسوڠ فنجاجهن دان ففراڠن. بيلا دترڠکن ففراڠن کفد مريک، سئورڠ درفداڽ تله برکات: ربيا، توهنکو! سوسه سکالي کالو بݢيتو. فرکلاهين بوکن منداتڠکن کبايککن، کبوروقئن ساج ڠ اکن تيمبول. جاڠنله بݢيتو واهي کاون.“ رومبوڠن سيڠافورا ايت اکن فولڠ فد بولن دفن سکينله ورت بريتا، دان سهڠݢ فاݢي بيسوق فد جم 6.30 ينله راديو ملايا مڠوچفکن سلام بهݢيا دان سلامة سجهترا.“,other_or_undetermined,media_content,
117,UM-1956-05-28-2,66933,5482.0,4101.0,6192.0,4101.0,6192.0,6439.0,5482.0,6439.0,ووه فيبا اببسڠيروݢ فاداکوکران ڤرکوناڽ ببمکوله دمان٢ا 2668 فکيس يأمم  1551 همسو ت   1555 بروڠوکمميݢرنيک  2550. بم س   2550 بول2 ميڠڠ افوقهييليه فو مڠکنڠس . (صڠله مموايڠ وق بوات  وکيل، سيڠافوراه ملاي ڽويلدهورڽهبيئييد و ميقدوئلد هائوس، سمميڠاڤورا ?.,other_or_undetermined,other,
118,UM-1956-05-28-4,67032,2365.0,7661.0,3841.0,7661.0,3841.0,8469.0,2365.0,8469.0,رامي انتوق ممفرکوکوهکن ايڠ، ساڠتله مندو کچيتاکن کران اف يڠ دکتاکن. اوله فرفادوان دانتارا فندودق٢ نوليس ايت اداله تيدق بتول. دکمفوڠ سفاي دڠن چارا ايت سنرڽ ميمڠ اد وايڠ ݢمبر دافة فول ملنتيق سورڠ کتوا کمفوڠ يڠ بوله دهارف. موݢ٢ تايڠکن دسکوله ايت، تتافي سݢل چيتا٢ کيت باݢي کبجيکن بولن هاڽ دوا تيݢ کالي ساج يت فون سوده مندافة کبنارن دان کماجوان کمفوڠ اکن ري فيهق کراجأن. - انق برحاصيل. -قلم ستيا، کمفوڠ,film,other,
119,UM-1956-05-28-4,67035,1582.0,5835.0,3080.0,5835.0,3080.0,7664.0,1582.0,7664.0,فون انتوق مڠوروسکن اف٢ بارو٢ اين، سورڠ بيلال دمسجد حال. يڠ برسڠکوتن دڠن ايت تله فون مموهن بره تي کمفوڠ اين، مك سوده تنتوله دڠن الاسن بهوا فمبهاݢين مڠالمي برباݢي٢ کروميتن فطره تيدق عاد يل. اف يڠ دکتاکن اوله بيلال ان اد٢ ساج فيهق يڠ برفواق٢ يڠهندق مچهبلهکن انتاراساتو ايت ميمڠ بنر کران منورة ام لاين اورڠ٢ يڠ منولڠ ممبرسيهکن کالو ساي تيدق ساله،کيرا٢ دان مڠمس دمسجد ايت بهوا 30 تاهون دولودکمفوڠ اين اد سورڠ هاڽ مندافة دوا تيݢ مفوڽأي سورڠ کتوايڠ دحرماتي رڠݢية ساج، فد حال فوڠتن يڠ دان دسايڠي اوله فندودقڽ٢ دان دکتهوي انتوق بهاݢين عامل افتله بليو مڠوروسکن سݢل دان فنولڠڽ برجمله لبه 9200. فرکارا يڠ برسڠکوتن دڠن امان دمکين جوݢ انتوق بهاݢين دان دامي تيدق سبݢيمان فد فقير مسکين، ستڠه مريک تله هاري اين. فون دامبيل نماڽ، تتافي بلوم دڠن توليسن اين ساي برسرو منريما لاݢي فمبهاݢين ماسيڠ٢ سکالي لاݢي کفد فندودق٢ اوله ايت هارفله ساي کفد سيني مڠادکن ساتو فرجمفأن فيهق يڠ برکواس فجابة اݢام,other_or_undetermined,other,
120,UM-1956-06-01-3,68503,4862.0,5281.0,5620.0,5281.0,5620.0,7063.0,4862.0,7063.0,هل٢. لاوق ملايو سملايا برلاکون دالم ساتو فرتنجوقئن بڠساون امن بيلون، اهل جناك ملايو ڠ ترکنل دملايا اکن مڠادکن رتنجوقئن وايڠ بڠساون دلوروڠ 10 چاڠي رود سيڠافورا فد مالم ين دالم کمفولن فرتنجوقئن ڠساون ايت تورة برݢا بوڠ اهل٢ اوق يڠ تأ اسيڠ لاݢي سفرت حسن تمبيرڠ، فوتيه لاوق، دوله کواڠ دان رادين سوديرو. مريک مڠادکن فرتنجوقئن ڠساون اين انتوق سديکية ماس,stage_performance,live_event,Singapura
121,UM-1956-06-01-4,68568,0.0,3851.0,1537.0,3851.0,1537.0,6351.0,0.0,6351.0,فون مڠيندهکن کموندوران  بڠساڽ سبݢيمان يڠ سلالو أو وايڠ کهبر بينچڠکن. ساڠة دکسلکن کالو کيت سوده لام بنر راساڽ فجابة مڽالهکن ݢورو٢ يڠ مڠاجر فرهوبڠن راي تيدق منايڠکن دکمڤوڠ٢ ايت دڠن الاسن رايڠ ݢمبر دکمموڠ کامي سوڠي فڠاجران مريک سمات٢ انتوق فتي، الورݢاجه، ملاك. سکيراڽ ماتي ساج کران بيلاڠن مريك رايڠ ݢمبر ايت دتايڠکن دسيني ترساڠة کچيل. - صباح حسن“ دوا کالى سبولن مک دافتله سيڠافورا. مبري هيبوران کفد کامي دان  منمبه ملواسکن لاݢي فيکران باف منيد اين کامي. اوله ايت بسرله هارفن کامي سفاي فجابة فنراڠن ايت تأ فواس هاتي دافة منايڠکنڽ دسيني. - ايس. عيم. علي. ملاك. کامي باݢي فيهق ايبو باف مريد٢ يڠ بلاجر بهاس اڠݢريس،   دباڠونن رومه امنو فو فتيان يڠ  خل يسجه صليق بارو دبوک بارو٢ اين ساڠتله رتريم کاسيه تيدق فواس هاتي اتس فرجلانن سکوله ايت يڠ سلالوساج مبري ساي مڠوچفکن ريبوان کلفاسن چوتي کفد مريدڽ٢ تريمکاسيه دأتس کيريمن٢ سفرت ميمبوة هاري ايمفايردان يليݢرام دان سورة٢ تعزيه هاري جادي کوءين. فد حال کران کماتين سوامي ساي دقتور ستأو کامي هاري کلفاسن,film,other,
122,UM-1956-06-01-4,68578,37.0,3153.0,2306.0,3153.0,2306.0,3558.0,37.0,3558.0,دفڠݢوڠ وايڠ اتو دتماش٢ يڠ کبڠکيتن بڠساڽ. نورة فنداڠن ساي سموا فارتي ايڠين ساي برتاڽ، تيدقکه سنتياس مڠهياسي ديريڽ سفاي دسيڠافورا يڠ اد سکارڠ اين کموندوران بڠسا ملايو لبه بسر دفندڠ چنتيق اتو دݢماري اوله کيري مأو فون دفندڠ دري سودوة اقتصاد يڠ للاکي اتو فمودا يڠ مڽببکن,other_or_undetermined,op_ed,
123,UM-1956-06-01-5,68650,2699.0,794.0,4982.0,794.0,4982.0,1839.0,2699.0,1839.0,ݢميلڠ سواسان  انلونيسيا ترماتن بسر ري ررعيت   ري وکيل کيت دبندوڠ ندوڠ 31 مي - دݢدوڠ وايڠ ݢمبر تباريا. فاݢي سمالم برلنسوڠ اوفچارا بوکأن رسمي فرسيداڠن مهاسيسوا افرو - اسيا. کݢمبيرأن جلس کليهاتن دموک ستيف فرواکيلن مهاسيسوا يڠ تله سکين لام برکمفول دبندوڠ منوڠݢو فراستيوا يڠ,film,live_event,Bandung
124,UM-1956-06-01-6,68657,85.0,6127.0,2371.0,6127.0,2371.0,8505.0,85.0,8505.0,                         وااورڠ ممڤراوله فأنيده دڠن مڠکوناکن ”کيڤلون  يا - کيفلريڠ سدڤراساأتايت منجا ديکن سکلوارك ددالم کادان يڠ صيحة دان سنتيأس برجا ييا ڤنوه دڠن بأهن ٢يڠ منيمبولکن ميحاتن، ذاة٢ بيتمين 0 4،يڠ منداتڠکن کتواتن، مڠبأ لحي دان سيمبولکن کميحأتن. ستڠلة برهرڽ کڤد کانق٢، سرت نا يککن بدان.اي ممبري تنال کڤداررڠ٢ مودادان توايڠ ڤرلرباکي کفيدوڤن بأيک ددالم سوال بکرج اتو برمأين. کنل      يڽق ايکن کود ليبراوييل. ديڠ د تمبه دڠن ڤا تي برس بلندا     ضنداک سشربيکة باروه س ويلکم عمند کمففي وکيل٢ توڠݢل بکي ملايا،جيکسن عند کمفني لييدمسيڠا قورا، کوالا لفور، فولوفينڠ،ايڤوه، جيسلتن دان برنيتيش خورڽ بورتنيو,other_or_undetermined,other,
125,UM-1956-06-02-3,68986,2501.0,2983.0,3248.0,2983.0,3248.0,3508.0,2501.0,3508.0,فرتنجوقئن وايڠ ݢمبر کوالا لمفور 1جون - بريتيش کأو نسل دسيني اکن مڠنجورکن ساتو فرتنجوقئن وايڠ ݢمبر ليك ݢاردن فد 3 جون اين,film,live_event,Kuala Lumpur
126,UM-1956-06-09-7,72491,4115.0,8170.0,4846.0,8170.0,4846.0,8253.0,4115.0,8253.0,9 ريفوتيس: 13. وايڠ کولية2 10,puppetry,other,
127,UM-1956-06-10-3,72741,4161.0,4942.0,4902.0,4942.0,4902.0,5138.0,4161.0,5138.0,ترجاديله سوات فراستيوا ڠ مندو کچيتاکن دفڠݢوڠ وايڠ,other_or_undetermined,other,
128,UM-1956-06-10-8,73039,3785.0,2958.0,4539.0,2958.0,4539.0,8489.0,3785.0,8489.0,"سمبوڠن دري موك 1 چابوتن اوندي دديوان فرهيمفونن سيڠافورا، انم اورڠ هل تله ميتاکن کسڠݢوفن مريک نريما اوارن يڠ دبواة تجابة انهججاهن دلندن، منکل افتار ڽوکڠ٢ مارشل سنديري اد يڠ فرچيأي برستوجو دڠن فندافة ) اورڠ اهل ايت“ کات اخبارايت ستروسڽ ر,تأيمس“ برکات: ساتوايڠاتن تنتڠ اداڽ کتومبوقين٢ ڠ بوله ملڽفکن ديموقراسي سيڠافورا تله داتڠ دري رسکتوان تانه ملايو، دمان ساتو و ندڠ٢ ضرورة يڠ بارو دقانو نکن لارڠ کمفولن٢ يڠ ترديري ري ليم اتو لبه اورڠ مريد ݢورو دري سيڠافورا ملاوق تو سکتوان تانه ملايو يڠ داڠݢف ونکين مڠمبڠکن فيکران دان سيڠافور رݢرقين چينا فرسکتوان تافه ملايو، انچامن رهادف کماجوان يڠ تراتور وله فرݢرقين ايت مونکين دڠن سنڠڽ مو نچولهمولا دسيڠافورا. سباݢي فنوتف اخبار ايت رکات بهوا توان ليم بوله ڠکاجي سمولا فيکران رامي سيڠافورا سبلوم مننتوکن سمولا حسرة فولو ايت ترهادف رکراجأن سنديري. ررجك دي وله منچافي فرفادوان ددالم يوان فرهيمفونن، سماکين کورڠله انچامن ترهادف يڠافورا دان سرنتق دڠن ايت ماکين تݢوهله فلواڠ باݢي مندافة کماجوان سيڠافورا رلمبݢأن“- ايه. ايف. في يݢ فاسوقکن فوتبول هوڠکوڠ نأ ملاوة سيڠافور نيݢ فاسوقکن فو تبول هوڠکوڠ ڠ ياݢوس اکن ملاوة سيڠافور لمما سبولن دري 22 جون هڠݢ 2 جولي فاسوقکن٢ اين اياله اسوقکن٢ هوڠکوڠ ايسترن ايه ه.“ سأوڽ چاينا دان کاولون وتور بس منورة فراتوران يڠ تله ستوجوءي فاسوقکن يڠ فرتام جڠك تيبا اياله فاسوقکن ولود موتور بس يڠ اکن ڠادکن تيݢ فرلاوا نن دسيڠافور أيتفد 2422 دان 26 جون اين فاسوقکن يڠ کدوا اياله",other_or_undetermined,other,
129,UM-1956-06-11-8,73412,2381.0,4929.0,3118.0,4929.0,3118.0,5834.0,2381.0,5834.0,رومبوڠن اين اکن مڠندوڠي اسوقکن٢ وايڠ کولية، فناري٢ ان فڽاڽي لاݢو٢ اصلي دان جوݢ اورڠ٢ يڠ اهل دالم رماينن ݢاسيڠ، لايڠ٢ دان سيفق اݢي اڠݢوت٢ رومبوڠن ايت کن دفيليه دري فرتنجوقين يليهن يڠ اکن دادکن دتامن,puppetry,other,
130,UM-1956-06-12-7,73823,3252.0,5579.0,3998.0,5579.0,3998.0,6914.0,3252.0,6914.0,رجنيس٢ ڤرتنجوقن يڠ لاين رنچاڠن٢ سدڠ د تيمبڠکن انتوق ڠادکن فرننجوقئن٢ کو نسرق ان فنچراݢم، وايڠ چينا، وايڠ لايو، جوݢية مودرن، تارين يڠا دان چارا کونتاو چينا. فجابة کرج راي سيڠافور جوݢ سدڠ مڽوسن ساتو رنچاڠن مڠهيبورکن ستميوا انتوق سمنتارا فجايد نونتون٢ رهو بڠن٢. راي سيڠافورا اکن ڠادکن فرتنجوقئن وايڠ ݢمبر رچوما برکنأن دڠن فرايکافن,film,live_event,Singapore
131,UM-1956-06-13-6,74266,5652.0,1675.0,6433.0,1675.0,6433.0,4059.0,5652.0,4059.0, فيبا ابيتبرواڠ .خاصداکويکران فرکونان سکوله دمان٢!     2668 موڤفممو مأهم  15511 ئ مت  15551  رهکمسݢريک  2556. ممق  2550 بوكݢ افمتوڤ مممڤيه ففومحݢڠس ٥-فڠله سمصوايڠ وڽ بوات وکيل سمميڠا فوراه علاي وللد هورڤصبيئييڽ ميڠدوتلدهائوس، سيڠاڤورا٢ ,puppetry,live_event,Singapore
132,UM-1956-06-13-8,74393,1645.0,1612.0,2403.0,1612.0,2403.0,8478.0,1645.0,8478.0,"ولڠ تاهون دار العافيه دارالعافيه فوتبول کلب اکن ڽمبوة هاري اولڠ تاهونڽ يڠ رتام دڠن مڠادکن تاربن جوݢية مودرن فد مالم 16 جون درومه نمبر 4 فارر فارك سڠافورا. ݢمبر دليک ݢاردن ايڠ کوالا لمفور 12 جون - جابة فنراڠن فرسکتوان اکن ڠادکن فرتنجوقئن وايڠ ݢمبر ليک ݢاردن، کوالا لمفور فد 11 جون دفن مولاءي جم 7.15 مالم. ة سمبوڠن دري موك 1 9 بواه نݢري يڠ کاي راي ڠ مڠندوڠي فندودق سرامي 80 جوتا جيوا تتافي فندودق٢ ايت ارو چوما دافة منچاکر کولية ککيأن ايت ساج“. دنيا بارة، سمبوڠ سوکر نو هندقله مڠرتي اڤ ايت اشيو ناليزم. ر,اداله ناشيو فاليزم تريوليزم اتو چنتا کفد تانهاير نديري يڠ معناڽ اداله سام بلاک له منولڠ مأنسي مڠمبوسکن کدورجنأن٢ يڠ تله برلاکو ددالم اين“ اوجرڽ بد کݢليساهن يڠ برلاکو داسي کارڠ اداله عاقبة دان ݢارا٢ کولو نياليزم بوکنڽ کن٢ اشيو فاليزم يڠ تله ممبيبسکن رعين  ڠ دتيندس اوله کولو فياليزم ادي“ کات سوکرفو. بارڠکالي فميمفين٢ نݢار تراس بهوا اداله مربهيا باݢي سئورڠ ايت ممفوڽأي فيکران ڽتوجوءي فمبناسأن، تتافي رعية جلات چوما تأو بهوا مريک داله سڠسارا هيدوف دباوم کولو نياليزم دان مريك هاڽ ماهو کولو نياليزم دبيبسکن. سمأد دني ستوجو اتو تيدق، ناشيو فاليزم ان فمبيباسن نݢارا٢ يڠ ترتيندس داله فکتور٢ يڠ تيدق بوله نافيکن“ کتاڽ. لبه لنجوة لاݢي سوکر نو برکات: رانتوق ممهامي اسيا ان افريکا، کيت مستي ممهامي کفد اشيو ناليزم. کامي افق اشيو فاليز مله فتوق رتيندق“. سباݢي فنوتف توان حاج وکرنو برکات بهوا ولو فون فدو نيسيا کادڠ٢ مننتڠ فوليسي٢ ارة تتافي اندونيسيا تيدق انتي ارة. ررچوما اد ساتو ساج يڠ اد فد بارة يڠ دتنتڠ اوله سلوره سيا، يأيت کولو نياليزم، دالم اف چورق جوݢ، سبݢيمان يڠ تله ستوجوءي دبندوڠ فد تاهون سوده کتاڽ. سلما دسيني سوکر نو تله فون سنموءي فريسيد نة ايتالي، توان نيو بيني ݢرونچي، فردان منتري نتونيو سيݢني دان منتري لوار ݢايتا نو مرتبنو.-يو في. روءيتر",film,live_event,Kuala Lumpur
133,UM-1956-06-14-4,74670,2495.0,2752.0,3997.0,2752.0,3997.0,3163.0,2495.0,3163.0,سمأد تمفةايت براير اتو تيدق ميمڠ بنرکراجأن اد ممبري دان مڽياسة افکه جنيس فوکوء بنتوان فڠهيدوفن سمولا کفد مريک، تتافي اداله سفرت تايڠن يڠ بوله هيدوف سوبور جك وايڠ ݢمبر، بيلا سوده هابيس دتانم دسيتو. کامي تيدق دافة,film,op_ed,
134,UM-1956-06-14-4,74693,988.0,662.0,4019.0,662.0,4019.0,1055.0,988.0,1055.0,بنتوان کراجأن کفد بکس٢ ايس. سي. سفرتوايڠ ݢمير -هابيس تايڠن تيڠݢلله لايرفو تيم ,film,other,
135,UM-1956-06-16-5,75529,4035.0,2276.0,4798.0,2276.0,4798.0,4695.0,4035.0,4695.0,يدق مڠهندقکي تامن هيبوران ادکن دکاواسن کامي کران کارڠ سوده اد هيفي ورلد ان تيݢ بواه فڠݢوڠ وايڠ رهمفيران دسيني. کامي ماهو ريد فير ايت ککل دجاديکن ريد فير جوݢ“ کتاڽ. فرمنتأن فيهق تريد فير ايت عندق منجاديکن تامن هيبوران فهمکن سهڠݢ اين ماسيه بلوم لولسکن اوله فوليس سيڠافورا فيهق تريد فير کمدين تله ڠموکاکن رايوان کفد ݢبنور يڠافورا، تتافي ݢبنور، تله ڠموکاکن فول رايوان ترسبوق کفد مجلس منتري٢ سيڠافور ڠ هڠݢ اين ماسيه بلوم ممبوات ف٢ کفوتسن لاݢي. فڽياستن تربوك ترهادف مستر لن سيڠافورا تله دجالنکن سجق ل جون يڠ لالودان اکن تروسکن. هڠݢ تيݢ ميڠݢو اݢي دفڠروسيکن اوله توان يف. ايچ. کار يڠ ذداتڠکن,other_or_undetermined,other,
136,UM-1956-06-22-8,78323,5498.0,682.0,6260.0,682.0,6260.0,2232.0,5498.0,2232.0,شاه سمفيکن درما تامن فنل يليقڠن اسلام سکفيڠ چيق برهرݢ 737.72 تله دتريما اوله اوتوسن ملايو سمالم دري توان ابچ. عيم. شاه فمباوا ماسوق فيلم دبيلال“ يڠ اکن دتايڠکن دسيڠافورا فد ميڠݢو دفن انتوق درما باڠوتن تامن فنديديقين اسلام دکوالا لمفور واڠ رسبوة، کات توان شاه“ اياله سراتوس فراتوس حاصيل دري بوکو مسبدا اوتوسن الهي يڠ تله دجوالڽ دفڠݢوڠ وايڠ وقت فيلم. بيلال“ دتايڠکن دکوالا لمفور تيمفوه هاري,film,live_event,Kuala Lumpur
137,UM-1956-06-27-2,80188,5564.0,2369.0,6310.0,2369.0,6310.0,3696.0,5564.0,3696.0,کل فه  شوه     ودڤ.   ن اويبة    کورڤ قفاو ساڠتله بکق ناسام ان ݢاتراکونيسر٢ بديول توکين فيکية کوايڠ,other_or_undetermined,other,
138,UM-1956-06-28-8,81120,1503.0,511.0,2291.0,511.0,2291.0,3941.0,1503.0,3941.0, لله جوايڠ ککل أ. عبد الله دڠن سديهڽ دبريتاکن هوا أ. عبدالله بن عبدالحميد نق کدوا کفد أ. عبدالحميد حمة، فڠهولو کمفوڠ ملايو سيڠافورا، تله منيڠݢل دنيا فد فاݢي سمالم دجنرال هوسفيتل ستله مڠيدف فڽاکية داره تيڠݢي الله يرحم ايت برعمور 40 تاهون دان وقت اد حياتڽ ي برخدمة سباݢي ڤڽلي اديو فوليس سيڠافورا دان له مندافة کرنيأن بينتڠ بي عيم، فد تاهون 1953 ي. بݢند! کوءين ايليزا بيث. دري جنازهڽ تله دکبوميکن دتانه فرقبوران تيبن فد فتڠ سمالم م2هحدامن الله چوچوري رحسة اتسڽ,other_or_undetermined,other,
139,UM-1956-06-29-6,81458,2339.0,3526.0,3090.0,3526.0,3090.0,5851.0,2339.0,5851.0,ل جوايڠ ککل وڠ دڠن سديهڽ د بريتاکن يأيت ق سوکيمه بنت حاج عبد الرحمن سيورڠ بيدان ملايو يڠ ترکنل کمفوڠ باݢن باتو فهة، تله نيڠݢل دنيا بارو٢ اين دمکه سوقت منونيکن فرض حج دمکة لمشرفة. الله يرحمه برعمور 7 تاهون، سورڠ توا يڠ دسايڠي ان، دکاسيهي اوله سکلين فندودق٢ باݢن، باتو فهة سماس اد حياتڽ الله يرحمه له ممبيدا نکن لبه درفد 2000 ورڠ فرمفوان دڠن جياڽ. موݢ٢ لله چوچوري رحمة اتسروحڽ چيء بيبي عأيشه دان ا زهاري طيب، کدواڽ٢ ستية کأو نسلر دان دي. او. باليڠ، أ ان دأود سدڠ بربوال٢. دڠن سورڠ کلوارݢ اورڠ دارق فبيل کدواڽ٢ ملاوة ککاواسڽ نمفاتن سمولا اورڠ دارة,other_or_undetermined,other,
140,UM-1956-07-01-6,82365,2374.0,2645.0,3897.0,2645.0,3897.0,2757.0,2374.0,2757.0,کولية، زافين، وايڠ بڠساون، اورڠ فرمفوان دان انم اورڠ,stage_performance,other,
141,UM-1956-07-01-6,82367,2376.0,1159.0,4658.0,1159.0,4658.0,2655.0,2376.0,2655.0,ورق سوراي بناتڠ٢ بواس يڠ دهيدڠکن اوله رومبوڠن دري چورق٢ کبودايأن اسيڠ دري برکليارن دريمبا بلنتارا. ملاک دان فرليس دالم ايراما چينا دان افديا يڠ اورڠ٢ دو ندڠ سايڠ دان چڠݢوڠ. ݢري سمبيلن، جوهر دان منجادي قوم٢ يڠ تربسر دنݢري اين سکارڠ. دح اکن مڠهنتر رومبوڠن يڠ دالم تاهون يڠ لالو، ايراما کن مڠهيدڠکن ساتو چورق فرتنديڠن مياڽي لاݢو٢ جوݢية ملايو اين تله مندافة سني يڠ اکن منديديق جيو ملايو اصلي ڽتاله اکن مناون سمبوتن يڠ مرياه بيلا دي هاتي، تيف٢ نݢري دسمننجوڠ جادي براني تليتي دان دتنجوقکن اوله فمودا٢ سفادا، يأيت سيلة فنچق يڠ اندو نيسيا دالم فيستا فمودا تله برسڠݢوه٢ مڠادکن فيليهن٢ مڠݢوناکن کچفاتن اڠݢوت دوارسو، فولند. يڠ تليتي انتوق مڠموکاکن دان جوݢ مڠݢوناکن سنجات يدوان دان بيدوانيتا مريك سلاين اين، برفوله٢ لاݢي تاجم يڠ مڠريکن دالم فيستا ترسبوة. فري کهيدوفن اکن دکموکاکن فرماينن ݢاسيڠ يڠ امة دالم بنتوق دان کأينداهن نݢري سلاڠور تله مميليه دݢماري دکمفوڠ٢ کتك تاري، ڽاڽي، دان لاکون يڠ  فياڽيڽ فد 17 جون يڠ لالو ادي سدڠ بونتيڠ دساوه اکن اصلي، ترماسوقله بوريا، وايڠ دتأون مول، کوالا لمفور. انم,other_or_undetermined,live_event,Kuala Lumpur
142,UM-1956-07-02-5,82724,2614.0,7909.0,3348.0,7909.0,3348.0,8610.0,2614.0,8610.0,ڠکق 1جولي - جوا تنکواس منو بهاݢين تڠکق تله مموتسکن کن مندسق کراجأن جوهر سفاي جڠن ممبنرکن فڠݢوڠ٢ وايڠ ݢمبر دتڠکق برماين فد فاݢي يف٢ هاري جمعة. کفوتسن اين دامبيل کران,film,other,
143,UM-1956-07-02-5,82728,1848.0,8009.0,2580.0,8009.0,2580.0,8508.0,1848.0,8508.0,يڠ دتايڠکن فد فاݢي هاري ايت يلم ملايو. جواتنکواس بهاݢين ايت بريتاهو بهوا کباڽقکن اورڠ٢ سلام تله مبنجيري فڠݢوڠ وايڠ,film,live_event,
144,UM-1956-07-02-5,82730,1904.0,7601.0,3282.0,7601.0,3282.0,7903.0,1904.0,7903.0,منتا.کراجأن منو تڠککق  ݢه وايڠ ماين فاکيم جمحة,other_or_undetermined,other,
145,UM-1956-07-03-6,83250,5408.0,2459.0,6149.0,2459.0,6149.0,3257.0,5408.0,3257.0,وايڠ فارتي رعية مرسيڠ 2 جوأي - فارتي رعية دبهاݢين مرسيڠ، جوهر اکن منايڠکن فيلم دفڠݢوڠ وايڠ فد 5 جولى دفن سباݢي مڠوتيف درم انتوق منجياکن فارتي ايت بڠ بارو ساج دتوبهکن دسيني,film,live_event,Mersing
146,UM-1956-07-04-8,83887,2333.0,2998.0,3077.0,2998.0,3077.0,5450.0,2333.0,5450.0,کلنتن اکن ممفر سمبهکن وايڠ کولية د بريکير بارة، تاري سلافية بان بسر، تاري ايناي، برݢايوڠ اين ݢاسيڠ، دان لايڠ٢. ترڠݢا توا اکن مڠهنتر ساتو ومبوڠن ترديري دري 19 ورڠ دان اکن ممفرسمبهکن اري رودة ݢايوڠ اوت٢، ماين ݢاسيڠ دان لايڠ٢ جوهن مڽاڽي ترڠݢانو دالم فرتنديڠن يڠ دادکن باوه رعايه فجابة. فنراڠن رڠݢانو، عبدالرحمن دري ججاهن کمامن تله منجادي جوهن مڽاڽي لاݢو٢ ملايو اصلي هاݢين للاکي دڠن مڽاڽي لاݢو رسري مرسيڠ“ دان حسنه امبوڠ جوهن بهاݢين وانيتا دڠن مڽاڽي اݢو ايت جوݢ. کدواڽ٢ فنچراݢم ايريڠي اوله وسفا ورنا. فرتنديڠن اين دادکن7 فد الم تادي. سمبيلن فڽاڽي للاکي ان دوا فياڽي وانيتا تله مڠمبيل,puppetry,live_event,
147,UM-1956-07-07-7,85188,2748.0,7356.0,3506.0,7356.0,3506.0,8513.0,2748.0,8513.0,"مفاين نوسنتارا، 10 6 تينجاون چارا سيارن“ 6.15 ا ندونيسيا دانڽ مسئله لايران. (63 49 -76.2 - 133.9 ميتر) م 630 اورکيسة هاواين"" 7فرخبران 2.10 رڠکاسن اخبار. 7:20 بوڽيڽ٢ 30 7 فنحراݢم فاسوفکن فوليس نݢارا، 4 فرخران4 805 سيارن ڤمرنته، 8.30 ييو کوت هاري ين"" 840 سنتا ناداء ريفورتيسة7 9,15 وايڠ کولية"" 10 رخبران“ 1015 مفݢ 11 سمبوڠڽ ايڠ،کواية دان تمت. ايسوق (133.4963 ميتر) چم فاݢي فرخبران2 7.10 ميڠکو دفن? 73اورکيس قهاواين سوارا استان",puppetry,media_content,
148,UM-1956-07-08-2,85394,1725.0,954.0,2459.0,954.0,2459.0,1760.0,1725.0,1760.0,ايڠ ݢمبر دليک ݢاردنس کوالا لمفور 7 جولي رتنجوقين وايڠ ݢمبر انجوران وسيس (فجابة فنراڠن امريک ريکة) اکن دادکن دليک فاردنس، کوالا لمفور، مولاءي,film,live_event,Kuala Lumpur
149,UM-1956-07-11-3,86817,5556.0,1679.0,6344.0,1679.0,6344.0,4104.0,5556.0,4104.0,"و فبيااببستبرول ""جاصناکويکران فرݢوناڽ سکوله دمان٢ 2668 فوݢينمن ياهم  1551 بهيمتو ت ‏1555 ن مڠکسموݢريک  2556. ڤيس هڠڠق  2550 بول ف افوق مميڤيه ففومݢننتت هه افتئه سموايڠ وقبوات وکيل، سيڠافورا، ملاي ڽونلكهورڤهبيئئييڽ ميقدوئلدماوس، سميڠافورا -9",puppetry,live_event,Singapore
150,UM-1956-07-11-6,86997,4655.0,2431.0,5391.0,2431.0,5391.0,4462.0,4655.0,4462.0,"فن فير فڠاکف بفککن فونتيان فو نتيان10 جولي - کساتوان ڠاکڤ٢ دأيره فونتيان، جوهر کن مڠادکن مالم ݢمبير رسوکريا کران مڽمبوة هاري اي حج انتوق مموڠة درما فڠاکف أيره مولاءي دري 19 جولي ڠݢ 23 جولي اين برباݢي٢ فرتنجوڤئن دان رادوان اکن دادکن فد تيف٢ الم ترسبوة، سفرت وايڠ چينا وڠݢيڠ، فرادوان موسيق رادوان ڠزال، فرادوان فکاين راݢم، فکاين ينکي، فکاين جنتيق، فزادوبان""مڽاڽي تربوك کفد.. اورڠ٢.ديواس“ مريد٢ سکوله، فن تنجوقين سيلة فنچق کومفڠ، تيدق کتيڠݢالن يجوݢ ",stage_performance,live_event,Pontian
151,UM-1956-07-12-3,87297,1763.0,932.0,2511.0,932.0,2511.0,4055.0,1763.0,4055.0,"7,000  بنتواڽ کفل فکن سارريي کوالا ليفيس 11 جولي - مباݢ کماجوان کمفوڠ دفهڠ بله ممفرستوجوءي فرا فتوقين واڠ سباڽق 67000 کران ممبنتو تچاڠن منديريکن ݢراي٢ بارو فکن ساري کمفوڠ بودو. جوا تنکواس قکن ساري رسوة مڠاڠݢرکن فربلنجأن تديريکن ݢراي٢ ايت سباڽق 9006? ببراف رنچاڠن اکن جالنکن انتوق منچوکفکن جمله واڠ يڠ دکهتدقکي ايت ساتو رومبوڠن وايڠ بڠساون جوݢية دانفر تنجوقئن اولر ساو ڠ سکارڠ سدڠ براد دسيني اکن ندرماکن سبهاݢين دري کوتيفن رتنجوقين مريک کفد رنچاڠن فربايقکي فکن ساري ترسبوة کوالا ترڠݢانو 11 جولي کساتوان فݢاوي٢ بريو نيفورم فجابة فوسة دان تيليکومس ݢري ترڠݢانو اکن مڠادکن شوارة درومه کساتوان دتنجوڠ کافور دسيني فد 19 جولي اين کران ممبينچڠکن کادأن ݢاجي اين اداله برايکوة دڠن سقئن  اڠݢوتاڽ٢ يڠ تيدق بواس هاتي دڠن کادأن ݢاجي",stage_performance,live_event,Kuala Lipis
152,UM-1956-07-12-7,87567,4984.0,1025.0,5719.0,1025.0,5719.0,2420.0,4984.0,2420.0,چيء سيتي وان کمبڠ نأ ڽاتڠ کفيستا وت بهارو 11 جولي - اوله کران ککورأڠن واڠ مك رنچاڠن هندق مڠهنتر رومبوڠن ورچيء سيتي وان کمبڠ“ کفيستا کبودايأن دکوالا لمفور فد 13 هڠݢ 15 جولي اين تله دبطئکن ومبوڠن کسنيان کلنتن يڠ اکن کفيستا ترسبوة دهنتر مڠندوڠي فماين٢ ربان بسر وايڠ کولية ݢاسيڠ، برديکير,puppetry,live_event,Kuala Lumpur
153,UM-1956-07-13-4,87850,3934.0,3629.0,4642.0,3629.0,4642.0,4738.0,3934.0,4738.0,لايو، تتافي اف يڠ دسقسيکن وله مريک اياله وايڠ چينا دان تديا ساج. مڠافکه کتوا٢ ملايو يڠ نجادي جواتنکواس مالم کرامين ايت تيدق دافة براوسها نتوق مڠادکن فرتنجوقين ايڠ٢ ملايوڽ سبݢيمان بڠسا٢ اسيڠ، بڠسا لايو جوݢ اد ممفوڽأي کبودا يأن دان کسنيانڽ سنديري.,stage_performance,op_ed,
154,UM-1956-07-13-4,87865,3171.0,3029.0,4635.0,3029.0,4635.0,3424.0,3171.0,3424.0,لاڠور تله دادکن فد 7 دان 8 فرساتوان فننتوة٢ ملايو عولي يڠ لالو دفکن کوالا لاڠور، ساڠتله دکسلکن کران ترڠݢافو دالم مشوارة اݢوڠڽ يدقادفر تنجوقئنوايڠ٢ ملايو. بارو٢ اين تله برستوجو هندق,stage_performance,live_event,Kuala Langor
155,UM-1956-07-13-4,87867,3934.0,1548.0,4653.0,1548.0,4653.0,3016.0,3934.0,3016.0,يف٢ اورڠ يڠ هندق ممبري کاتڽ دڠن فادي اتو ݢندوم هندقله ترلبه دولو دبرسيهکن ادي دان ݢندومڽ. - فينا حاهل، سوڠي فتاني.  أ ان وايڠ ملايو کرامين کران مالم رتنجوقين بارڠ٢ فرتوکاڠن ان تنامن٢ باݢي ججاهن کوالا,other_or_undetermined,other,
156,UM-1956-07-14-4,88347,1595.0,3481.0,2330.0,3481.0,2330.0,6277.0,1595.0,6277.0,مناي برسرو کفد داتوم رازق سفاي جالنکن دڠن سݢر رنچاڠن داتوء ايت. اداکنله کلس٢ کورسوس سبݢيمان يڠ تله دچادڠکنڽ ايت. - ݢورو نورمل، فينڠ.   سيلاله داتڠ ماکن ناسي ميتق رورال کأو نسل مرليمواکن مبري جاموان ماکن ناسي ميڽق کفد سموا فساوه٢ ددالم ولايه مرليمو يڠ ترديري دري مقيم سيمفڠ دان تدوڠ فد. 20 جولي اين دسکوله ملايو تدوڠ مولاءي جم 2 فتڠ کران مڠوچفکن تهنيه اس کجيأن فرادوان فادي رورال کأو نسل فد تاهون اين ڠ ددافتي اوله مرليمو رورال کأو نسل. فد هاري ايت جوݢ اکن دلنسوڠکن اوفچارا مڽمفيکن هديه کفد فارا فمنڠ فرادوان فادي سدأيره جاسين. سمنتارا د سبله مالمڽ اکن دادکن فرتنجوقئن وايڠ ݢمبر اوله,film,live_event,
157,UM-1956-07-17-1,89474,2635.0,5986.0,3385.0,5986.0,3385.0,7091.0,2635.0,7091.0,دفن فڠݢوڠ وايڠ ݢمبر مجيستيک ان تله ماتي دالم فرجلانن کهوسفيتل. فوليس تله مڠادکن سکاتن جالن راي دان ممرقسا اورڠ٢ يڠ الو لالڠ کران منچاري فمبونه مودا٢ ايت. اداله دفرچيأي رݢادوهن ترسبوة دلاکوکن وله کمفولن٢ ݢيڠستر. سهڠݢ ين تيݢ اورڠ تله دتاهن انتوق,film,other,
158,UM-1956-07-17-1,89483,2643.0,5268.0,4156.0,5268.0,4156.0,5918.0,2643.0,5918.0,يک ترقربان دالم فر کادوهن کيڠستر ݢفر چيأيبر تڠکوڠجواب ايفوه 16 جولي - دوا اورڠ فمودا چينا تله تربونه دان ئورڠ لاݢي لوك ڤاره ليواة فد مالم تادي دالم ساتو فرݢادوهن ڠ تله برلاکو دلوار فڠݢوڠ وايڠ ݢمبر ريكس، ايفوه.,film,live_event,Ipoh
159,UM-1956-07-18-6,90123,1638.0,1708.0,2368.0,1708.0,2368.0,3905.0,1638.0,3905.0,ببوامنوجو هر تارين بوݢيل بنته شکق 17 جولي - قومڠايبو امنو سلوره جوهر: اداله چممبنته دڠن سکرسڽ٢ تارين بوݢيل دتنجوقکن دنݢري جوهر کفوتسن ترسبوة تله دامبيل دالم فرجمفأن قوم ايبو امنو سلوره جوهر يڠ دلنسوڠکن درومه امنو جوهر بهارو بارو٢ اين. کيل قوم ايبو تڠکق وقت مڠموکاکن کفوقسن ايت برکات بهوا تارين٢ بوݢيل دبنرکن دتنجوقکن سوينڠ٢ ساج دنݢري جوهر کيل ايت برکات تارين٢ سفرت ايت تله دتنجوقکن بارو٢ اين دسبواه فڠݢوڠ وايڠ دفکن تڠکق سلما امفة,stage_performance,other,
160,UM-1956-07-22-8,91830,3056.0,5546.0,3824.0,5546.0,3824.0,8346.0,3056.0,8346.0," وان فوڽ فڠݢوڠ کير يك ماتي توان ليم چوڠ فاڠ، فريسيد نف رسکتوان فرتنجوقين٢ فيلم لايا دان فرساتوان فمبهاݢي يلم٢ انديا سيڠافورا دان ملايا ڠ تله ماتي فد جم 10.20 فاݢي مالم درومه نمبر 29. امبر رود يڠافورا، ستله ساکية سلما تيݢ ولن""دي اکن دکبوميکن ايسوق ڠݢوڠ٢ وايڠ ݢيريک، سلطان ثياتر، ني سون ثياتر دان جابة سأوث ايسة اسيا فيلم اکن توتف ايسوق.",film,other,
161,UM-1956-07-23-5,92090,5713.0,3102.0,6485.0,3102.0,6485.0,7045.0,5713.0,7045.0,"سنديري ولبه تأو اکن فڠرتين ملڠݢر حکوم٢ اݢام ايت“ سمأد مکروه اتو حرام ستاذ ذهري، فڠروسي جوا تنکواس يڠ مڠݢوبل او ندڠ٢ فرساتوان ترسبوة انتارا لاين برکات بهوا باݢي فيهق ديريڽ سنديري دي اکن ممچة سسياف جوݢ انتارا اهل٢ يڠ ملڠݢر سبارڠ حکوم اݢام ,,سمأد حرام اتو مکروه‘. سله اوندڠ٢ ايت دلولسکن دڠن 13 سوارا. لاون 12 سئورڠ اهل تله باڠون ممبري امارن بهوا دݢورو٢ اݢام يڠ مڠݢوبل اوندڠ٢ سفرت ايت ستي مميکول تڠݢوڠجواب کفد توهن داخرة کلق اتس فربواتن مريکئيت“ او تدڠ٢ ايت سڠݢهفون تله دلولسکن ماسيه لاݢي دفرسوألکن ستله تمت مشوارة. ستڠه٢ ݢورو. اݢام ايڠين مندافة فنجلاسن اداکه سورڠ اهل فرساتوان ايت اکن دفچة سکيراڽ اي منونتون وايڠ ترچاکف بوهڠ، برݢأول دڠن يبس دڠن وا تيتا٢ دالم مشوارة تو مندڠ. کفد فرمفوان دڠن فنداڠن عاشيق، کران سمواڽ ترماسوق دالم باب ,ملڠݢر حکوم٢ اݢام“ فݢاوي٢ دان اهل٢ جوا تنکواس کرج ڤرساتوان ݢام سيڠانورا يڠ دتوبهکن ايت ياله سفرت برايکوة: کتوا استاذ دأود علي",other_or_undetermined,other,
162,UM-1956-07-24-8,92649,2362.0,1369.0,3111.0,1369.0,3111.0,2771.0,2362.0,2771.0,فرتنجوقين٢ وايڠ بڠساون لايو، فرادوان غزال، فکاين صلي دري برباݢي٢ بڠسا، وايڠ جينا، وايڠ کولية، دان سديوارا کن دادکن دوقت مالم، سمنتار د سبله سياڠ فرتنجوقين٢ رماينن کودا کيفڠ، چلاچف يلة فنچق، ݢاسيڠ دان سيفق راݢ اکن دادکن فول. ف تنديڠن تنامن٢ دان راوسهأن کمفوڠ فرتوکاڠن تاڠن ان ترنقئن اکن دادکن فد 12 ان 13 اوݢسة. فرتنجوڤين٢ کصيحاتن دان فراوسهأن٢ کمفوڠ,other_or_undetermined,live_event,
163,UM-1956-07-25-5,92946,4169.0,3640.0,4926.0,3640.0,4926.0,5350.0,4169.0,5350.0,فکه فڠرتين ساتو اوندڠ٢ ڠ ممبوليهکن فريسيدنة سبوام رساتوان ممچة اهليڽ٢ يڠ ملڠݢر حکوم٢ اݢام،? اداکه ئورڠ اهل اکن دفچة کالو اي ندڠ کفد وانيتا دڠن فنداڠن عاشيق، منونتون وايڠ، برݢأول يبس دڠن وانيتا٢ دالم مشوارة تو فون کالو اي سمات٢ ڠهيسف روکوء? او ندڠ٢ اين تله دلولسکن اݢوڠ فنوبهن الم مشوارة رساتوان. اݢام سيڠافورا فد ڠهوجڠ ميڠݢو يڠ لالو دمدرسة لهدايه، ݢيلڠ. او ندڠ٢ ترسبوة کموکاکن اوله. جواتنکواس ڠݢوبل اوندڠ٢ فرساتوان ايت,other_or_undetermined,other,
164,UM-1956-07-26-4,93308,1585.0,4771.0,3090.0,4771.0,3090.0,6798.0,1585.0,6798.0,مڽمبوڠکن بيتري هورن مڤهارفکن سباڠة و له داينجين کريتا ايت تيدق فرتنجوقين وايڠ ݢمبر فادمکن لکس٢ اوله حمزم فرسياڤن٢ تله دسدياکن سڠرت لڠ اکن افيڽ، نسچاي فولڠله هندقبر تماشلا يقڽ. هاري ݢلف سکارڠ. مأو فو اڠ کامي برليم ککوالا لمفور دڠن سوده يمبيولنس. سدڠ سدف کريت ول تيمبول. بوکن سوأل يت برجالن دريبرڽ يڠ تله کچيل سوأل رمأو فولڠ“ اين مستيڠ مڠݢنتي حمزه الڠ (مريك فولڠ، کات کامي اݢي ايسوق رݢنتي٢ مندريب کريتا ايت) ماهو سکو ڽڠ٢ ممبرهنتيکن کريت سرمبن. جاڠن. تيدور ساج يت، ملومفة تورن کباوه لالو ريسة هأوس اتو دسوڠي بسر، يسوق فاݢي٢ بوله براڠکة مبوک اينجينڽ. اد افي، اد افي لاݢي  ککوالا لمفور، کات ڽراج في!! !] اف ترياقڽ تهروم. تأ بوله، مستي فو لڠ مالم بون  تورن ترجون کامي  کباوه. فيوس يڠ برڽالا ايت نجوݢالبار ڽبرکرس. يا تأ ياڠکفوتسن دامبيل دڠن لکس دچابوة سبلوم سمفة  مڽمبر توڠ بينزين دان فيلم٢ رمستي فولڠ“ مالم ايت جوݢ. وا يڠ ݢمبر يڠ ترلتق د بلاکڠ تيمبول سوأل موتور سيکل. دڠن اف ماهو فولڠ?ڠ دڠن کريتا ايت. کامي اوروة دادا مڠوچفکن شکور کحضرة الله موتورسيکل.ڠيا الله، ساي مڠلوه,film,other,
165,UM-1956-07-26-8,93581,2356.0,1085.0,3895.0,1085.0,3895.0,2899.0,2356.0,2899.0,رمبوة“. نتافي کنا سورق جوݢ دڠن فيدريشن. کالو سيڠافورا داتوء محمود بن محمدشاه دساتوکن دڠن فيدريشن کو ننڽ چالون فارتي نݢارا دموار هابيسله اورڠ٢ ملايو تڠݢنم سلاتن جوݢ تله برشرح تتافي الم لاوتن اورڠ٢ چسنا. ڤراحنڽ ايت سبهاݢين بسرڽ بوقتيڽ?. دسبوتڽ ساتو دمي ساتو مرايو کفد فارا حاضرين سفاي انچي فندودق٢ چينا دالم برننڠ. بليو ممڠݢيل مريک تيف٢ نݢري ملابو کااو کالو تأ برتنڠ د بنديڠکن دڠن اورڠ٢ ملايو. درکانق٢“ يڠ انيهڽ، ليبر فرانة فون ترفقسا فرتنجوقن وايڠ ݢمبر دسبوة جوݢ اوله فنشرح ايت يڠ دادکن مالم ايت دبطلکن يڠ کالو ساي تأ سيلف بر نام دي مرايو. اورڠ تروس فکيق رمرد يکا، مرديکا.. چييݢو مناف بن اوڠ. تتافي ساي سچارا تأ سڠاج سبنرڽ يبر فرانة دسبوة اوليهڽ دالم دافة مندڠر اوچافن٢ فميمفين٢ فڠرتين لاين درفد سبوتنڽ فارتي نݢارا اين. سناي مأو ترهادف فتير انتوق کباتو فهة کران کوننڽ دسان فتس دسبوة٢ مبوروقکن چينا. ليبر فرانة داتوء عون هندق برفيدا تو مالم دسبوة٢ انتوق منݢقکن بنڠ باسه ايت. دالم فرجلانن اورڠ,film,live_event,
166,UM-1956-07-27-3,93692,221.0,3260.0,2463.0,3260.0,2463.0,5656.0,221.0,5656.0,           سموا اورڠ ممڤراوله فاليده دڠن مڠکرناکن”کيڤلر“ ا- کيفلريڠ سدڤراسأت ايت منجأ ديکن سکلوار ددالمکادان يڠ صيحة دان سنتيأس برجا ڠي! ڤنود دڠن بأهن ٢يڠ منيمبولکن فيحاتن، ناة٢ بيتمين A4 6، يڠ منداتڠکن کمواتن، مڤمبألي دان سيمبولکن کمبيحاأتن. سأڠاة برهرڽ کڠد کانق٢، سسرت منأ يککن بدان.اي ممبري تنانڽ کڤد اورڠ٢ مودادان توايڠ ڤرلوبأکي کميدوڤن بأيک ددالم سوال بکرج اتو برمأين ه   تمببفلر    ا  يڽقايکنکود ليبراويل. يڠ د تمبه دڠن ڤا تتي برسڽ بلدا ن ريلݢمعمند کسف نحي تندابکني سشريياة بأروه سن   کيل٢ توڠݢل بأکي ملايا، جيکسن عند کفني لسيد مسيڠا قورل، کوالا لفوره ڤولو فينڠ، اينوه، جيسلتن دان بريتسش نورث بورنيو,other_or_undetermined,other,
167,UM-1956-07-28-5,94301,5766.0,2131.0,6520.0,2131.0,6520.0,3034.0,5766.0,3034.0,"سبواه کولم مندي اکن دبين دفاي ليبر أيرفورة ستله سيف ݢل رنچاڠن٢ باݢي منديريکن باڠونن بارو أيرفورة ايت برهرݢ دري 87000,000 هڠݢ 8,000.000 دمکين دترڠکن اوله توان فرا نسيس طومس، منتري فرهو بڠن دان کرج راي کلمارين سبواه فڠݢوڠ وايڠ جوݢ",other_or_undetermined,other,
168,UM-1956-07-29-4,94664,4704.0,5689.0,6233.0,5689.0,6233.0,8571.0,4704.0,8571.0,"مستيك کلوارن استميوا فيستا  تله کامي اوسهاکن انتوق مڠيسيکن مجله مستيک کلوارن بولن اوݢسة 1956 اين دڠن سݢل ڤرتنجوقين کسنيان يڠ فرسمبهکن دفيستا کبودايأن يڠ دادکن دکبون بوڠا، کوالا مفور فد تڠݢل 13 هڠݢ 15 جولي يڠ لالو. فرتنجوقئن٢ سني، دري جوهر دڠن ,وکودا کيفڠڽ“ دري لاک دڠن روڠݢيڠ دان دو ندڠ سايڠڽ، دري سلاڠور دڠن يفق راݢاڽ دان لاين٢، دري ترڠݢانو دڠن ,ربرݢايوڠ وتاڽ٢“ ورودتڽ“ دان لابن٢ لاݢي، دري فهڠ دڠن تاري ينداوڽ دان لاين٢ لاݢي، دري کلنتن دڠن ""وايڠ کوليتڽ، وبرديکير بارة""، ݢاسڠ. ربان بسر، تارين سلمفية. لايڠ٢ دان لاين٢، دري قدح دڠن دحضرهڽ“ دان لاين٢ لاݢي. فرليس فول دڠن درالا چڠݢوڠ"" يڠ ترکنل ايت، دان رتنجوقئن استميوا دري کوالا لمفور "",سجاره ملاک“ کاراڠن وان شيفرد. دان کاراڠن استميوا تنتڠ فرادوانمڽاڽي لاݢو٢ بلايو اصلي، سيلة فنچق دان لاين٢ لاݢي. لڠکف دڠن ݢمبر٢. ي فمباچ٢ يڠ ايڠين مميليقکيڽ وله ممسن تروس کفد ڠوروس مستيک، او توسن لايو فريس، 185 سيسيل سترية، سيڠافورا هرݢ سبواه 60 سين.",puppetry,media_content,
169,UM-1956-07-30-4,95130,54.0,5830.0,1572.0,5830.0,1572.0,8695.0,54.0,8695.0,"مستيݢي کلوارن استميوا فيستا،، تله کامي اوسهاکن افتوق مڠيسيکن مجله مستيک کلوارن ولن اوݢسة 1956 اين دڠن سݢل فرتنجوقين کسنيان يڠ فرسمبهکن دفيستا. کبودايأن يڠ دادکن دکبون بوڠا، کوالا جفور فد تڠݢل 13 هڠݢ 15 جولي يڠ لالو فرتنجوقئن٢ سني، دري جوهر دڠن ""کودا کيفڠڽ“ دري لاک دڠن روڠݢيڠ دان دوندڠ سايڠڽ، دري سلاڠور دڠن يفق راݢاڽ دان لاين٢، دري ترڠݢانو دڠن ""برݢايوڠ وتاڽ٢“ رورودتڽ“ دان لاين٢ لاݢي، دري فهڠ دڠن تاري ينداوڽ دان لاين٢ لاݢي، دري کلنتن دڠن ""روايڠ کوليتڽ“ برديکير بارة“، ݢاسيڠ، ربان بسر، تارين سلمفية، لايڠ٢ ان لاين٢، دري ڤدح دڠن محضرهڽ“ دان لاين٢ لاݢي. فرليس فول دڠن ""الا چڠݢوڠ“ يڠ ترکنل ايت، دان رتنجوقئن استميوا دري کوالا لمفور ,رسجاره ملاک“ کاراڠن وان شيفرد. دان کاراڠن استميوا تنتڠ فرادوان مڽاڽي لاݢو٢ لايو اصلي، سيلة فنچق دان لاين٢لاݢي. لڠکف دڠن ݢمبر٢.  فمباچ٢ يڠ ايڠين مميليقکيڽ بوله ممسن تروس کفد فڠوروس مستيک، اوتوسن ملايو فريس، 185 يسيل سترية، سيڠافورا. رݢ سبواه 60 سين.   ",puppetry,media_content,
170,UM-1956-07-30-4,95142,1615.0,6112.0,4644.0,6112.0,4644.0,8326.0,1615.0,8326.0,"کورو٢ ملايو ميمڠ فرلو دفرقسا سهولا رلوکن سبواه فوندوق خاص نتوق تمفة مڽيمفن بسيکل توق کلايقئن مڠاجر نسکوله عهوم فاي ترليندوڠ درفد هوجن ان فانس. هارف فرکارا اين برهو بڠ دڠن رنچاڠن اکن منيڠݢيکن تارف فلاجران تله برکات بهوا ستيڠݢي مانله ندافة فرهاتين دري فيهق کتوا کمنترين فلاجران هندق بڠسا ملابو عمومڽ. دالم فلاجران يڠ اکن داجر دسکوله سجد ترسبوة.- فمرهاتي. مڠناکن ففرقسأن خص کأتس منجالنکن رنچاڠن اين اداله عموم کلق سهڠݢ ݢورو٢ ملايو ککاسيه امنو فرفة ݢورو٢ ملايو انتوق مننتوکن فد اساسڽ فرلو سکالي کفد يڠ اد تأ دافة مڠاجرڽ. کيت کلايقئن ݢورو٢ ايت مڠاجر ݢورو٢ يڠ بتول٢ برکلايقئن. منجواب، بهوايڠ منجادي سوأل بر سدرڤ سکارڠ بوکنڽ بوله تأ بوله"" دسکوله٢ عموم کلق نمفقڽ تله دان سوسنن فلاجران يڠ بايك امنو چواڠن فرفة، باتوفهة، منيمبولکن راس تيدق فواس سرت تراتور. اين ميمڠ تأ دافة تتافي اياله تنتڠ لايق تأ لايقڽ. دفاڤيکن. جق دتوبهکن توجه تاهون هاتي ستڠه ݢورو٢ ملايو. سورڠ مريد يڠ تله تمت دالم ݢورو٢ ملايو يڠ اد هاري درجه توجه تنتو بوله مڠاجر دولو، بلوم فرنه سکالي فون ميمڠ کنا فد تمفة راس ڠادکن مشوارة اݢوڠڽ. اين تيدق فواس هاتي تله تربية ددرجه انم، تتافي تنتوله تيدق اين جک داوکور دري فلاجران لاتيهن يڠ دتريماڽ دولو، اداله ممفوڽأي کلايقئن يڠ چوکف. درفد ݢورو٢ ملايو سکيراڽ اڠتله تيدق ممواسکن هاتي اݢي فيهق اهليڽ٢ ݢورو٢ ايت ميکرکن اکن تأ دافة ممنوهي کهندق يڠ ترسبوة دسيني بوکنله ساي هندق نافيکن يڠ اد جوݢ دانتارا فرکارا٢ يڠ مڠنأي ديريڽ دأتس (کچواليله يڠ بلاجز ڠݢهفون تله برکالي٢ امي مندسق ستيأوسها دان ساج. تتافي سباليکڽ فول دالم برسديرين، اين بوکن منجادي ݢورو٢ ملايو اين يڠ بتول٢ جواتنکواسڽ سفاي مڠادکن حال اين رکبوليهن لبه درفد سلايقڽ. وکوران). جادي سکيراڽ فيهق کيت هندقله ممدڠ شوارة اݢوڠ، تتافي تيدق کفد ببراف سݢي لاين يڠ مڠنأي تتافي کيت هندق مبري کمنترين فلاجران تياد مڠادکن کماجوان بڠسا ملايو دالم لانڠن اف٢ ففرقسأن، مک تنتوله تيدق کسيمفولن بهوا لڠکه کمنترين ايندهکن. سبلوم امنو چواڠن فرفة فلاجران کراجأن فرايکاتن اکن ممبري کسن اف٢ فول کڤد فلاجران، ايت ميمڠ اد الاسن٢",other_or_undetermined,op_ed,
171,UM-1956-07-31-4,95621,100.0,5561.0,1626.0,5561.0,1626.0,8457.0,100.0,8457.0,"مستماى کلوارن استميو وفيستا،، تله کامي اوسهاکن انتوق مڠيسيکن مجله مستيک کلوارن ولن اوݢسة 1956 اين دڠن سݢل فرتنجوقئن کسنيان يڠ فرسمبهکن دفيستا کبودايأن يڠ دادکن دکبون بوڠا. کوالا مفور فد تڠݢل 13 هڠݢ 15 جولي يڠ لالو. فرتنجوقن٢ سني، دري جوهر دڠن ""کودا کيفڠڽ، دري لاک دڠن .روڠݢيڠ دان دوندڠ سايڠڽ، دري سلاڠور دڠن يفق راݢاڽ دان لاين٢ دري ترڠݢانو دڠن .برکايوڠ وتاڽ٢“ ررودتڽ“ دان لاين٢ لاݢي، دري فهڠ دڠ تاري بنداوڽ دان لاين٢ لاݢي، دري کلنتن دڠن دوايڠ کوليتڽ"" وبرديکير بارة“، ݢاسيڠ، ربان بسر، تارين سلمفية لايڠ٢ ان لاين٢’ دري فدح دڠن .حضرهڽ“ دان لاين٢ لاݢي. فرليس فول دڠن مالا چڠݢوڠ“ يڠ ترکل ايت دان رتنجوقئن استميوا دري کوالا لمفور ,رسجاره ملاݢ“ خراڠن وان شيفرد. دان کاراڠن استميوا تنتڠ فرادوان مڽاڽي لاݢو٢ بلايو اصلي، سيلة فنچق دان لاين٢لاݢي. لڠکف دڠن کمبر٢. فمباچ٢ يڠ ايڠين مميليقکيڽ بوله ممسن تروس کفد ڠوروس مستيک، او توسن لايو فريس، 185 سيسيل سترية، سيڠافورا. عرݢ سبواه 60 سين.",puppetry,media_content,
172,UM-1956-08-01-4,96083,4791.0,5690.0,6210.0,5690.0,6210.0,7766.0,4791.0,7766.0,"مستيکي کلوارن استميوا فيستا ،، تله کامي اوسهاکن انتوق مڠيسيکن مجله مستيک کلوارن ولن اوݢسة 1956 اين دڠن سݢل فرتنجوقئن کسنيان يڠ فرسمبهکن دفيستا کبودايأن يڠ دادکن دکبون بوڠا. کوالا مفور فد تڠݢل 13 هڠݢ 15 جواي يڠ لالو. فرتنجوقئن٢ سني، دري جوهر دڠن "",کودا کيفڠڽ“ دري لاک دڠن روڠݢيڠ دان دوندڠ سايڠڽ، دري سلاڠور دڠن يفق. راکاڽ دان لاين٢، دري ترڠݢانو دڠن ""برݢايوڠ وتاڽ٢“ ,ررودتڽ“ دان لابن٢ لاݢي، دري فهڠ دڠن تاري ينداوڽ دان لاين٢ لاݢي، دري کلنتن دڠن ""وايڠ کوليتڽ، برديکير بارة، ݢاسڠ ربان بسر، تارين سلمفية لايڠ٢ ان لاين٢ دري فح دڠن دحضرهڽ“ دان لان٢ لاݢي فرليس فول دڠ ""الا چڠݢوڠ“ يڠ قرکيل ايت دان رتنجوقئن استميوا دري کوالا لسفور ,رسجاره ملاک“ ناراڠن وان شيمرد. دان کاراڠن استميوا تتڠ فرادوان مڽاڽي لاݢو٢ لايو اصلي، سيلة فنچق دان لاين٢ لاݢي. لڠکف دڠن ݢمبر٢",puppetry,media_content,
173,UM-1956-08-02-8,96735,29.0,795.0,1530.0,795.0,1530.0,4198.0,29.0,4198.0,"مسمتياي کلوارن استميوا فيستا،، تله کامي اوسهاکن انتوق مڠيسيکن مجله مستيک کلوارن ولن اوݢسة 1956 اين دڠن سݢل فرتنجوقئن کسنيان يڠ فرسمبهکن دفيستل کبودايأن] يڠ دادکندکبون بوڠا، کوالا مفور فد تڠݢل 13 هڠݢ 15 جولي يڠ لالو. فر تنجوقئن٢. سني، دري جوهر دڠن ""کودا کيفڠڽ“ دري لاک دڠن روڠݢيڠ دان دوندڠ سايڠڽ، دري سلاڠور دڠن يفق راݢاڽ دان لاين٢، دري ترڠݢانو دڠن ""برݢايوڠ وتاڽ٢“ ,ردودتڽ“ دان لاين٢ لاݢي، دري فهڠ دڠن تاري ينداوڽ دان لاين٢ لاݢي، دريکلنتن دڠن ""وايڠ کوليتڽ، برديکير بارة“، ݢاسيڠ، ربان بسر، تارين سلمفية، لايڠ٢ ان لاين٢، دري قدح دڠن ""حضرهڽ“ دان لاين٢ لاݢي. فرليس فول دڠن ""الا چڠݢوڠ“ يڠ ترکنل ايت، دان رتنجوقين استميوا دري کوالا لمفور ""سجاره ملاك“ کاراڠن وان شيفرد. دان کاراڠن استميوا تنتڠ فرادوان مڽاڽي لاݢو٢ لايو اصلي، سيلة فنچق دان لاين٢لاݢي لڠکف دڠن ݢمبر٢. فمباچ٢ يڠ ايڠين مميليقکيڽ بوله ممسن تروس کفد ڠوروس مستيک، او توسن لايو فريس، 185 سيسيل سترية، سيڠافورا. رݢ سبواه 60 سين. ککدکدکدکه ا ڠحهو من استميو.... ريتا برکنأن ,دڠن کݢنتيڠن دتروسن سوءيز اينله دي فلواڠ توان٢ يڠ فڠهابيسن انتوق مليهة راتو خر! فناري٢ ݢيليق فروة ساميه جمال ڽيڠ روفاون!",puppetry,media_content,
174,UM-1956-08-02-8,96803,3120.0,2400.0,4602.0,2400.0,4602.0,3333.0,3120.0,3333.0,"برکات تيݢ بواه کفل فڠڠکوة جوݢ تله دبري فرنته اوله تنترا درايمفاير“ دري هوڠکوڠ فيهق يڠ برکواس اڠکاتن لاوق دان سيڠافورا، دراستوريا“ دري سفاي برسيف سديا انتوق يڠافورا دان ,ردونيرا“ دالم برتولق کتيمور تڠه. مالم برجلاننڽ کهوڠکوڠ دري تادي کريتا٢ فلاءوڠ سوار فر نته بريتن تله دبري تله مڠليليڠي جالن٢ راي دان لالوءي افريکا سلاتن. کفل فڠݢوڠ٢ وايڠ ديبو نفورة مڠره مباوا تنترا ,ديبونشيار"" يڠ سموا فݢاوي٢ دان کلاسي٢ رلفس دري سيڠافورا کبريتن کدوا٢ کفل ايندوق کفلتربڠ",other_or_undetermined,other,
175,UM-1956-08-03-4,97035,2403.0,6411.0,3889.0,6411.0,3889.0,7319.0,2403.0,7319.0,کالو اد بريله لاݢي وايڠ ݢمبرڽ لاݢي دتمفة کامي کمفوڠ فولو روسا، کوالا ا و اهل٢ بيليق بچأن ترڠݢانو، سبݢيمان فننه کمفوڠ دلاکوکنڽ دولو تيف٢ بولن ترڠݢافو، مڠوچفکن ريبوان سکالي. هارف دافة فرهاتين تريمکاسيه کفد سکلين فارا فيهق يڠ برکنأن. - فندرما يڠ تله سودي مڠير يمکن دري عبدالرحمن بن محمد، فولو بوکو٢ڽبچأن، اخبار هارين دان اين٢ لاݢي انتوق منجادي روسا کوالا ترڠݢانو.,film,other,
176,UM-1956-08-04-7,97649,2556.0,7234.0,3304.0,7234.0,3304.0,8394.0,2556.0,8394.0,"4963 - .6 ميتر) جم 5.0 ڤتڠ اݢ.٢ هيبوران? ٢.30 اورکيسق هاراين،7 فرخبران. 7.16 رڠکاسن خبار. 7.16 ڽا ڽين٢ 7.70 فنچرأݢم ماسوقکن فوليس نݢارا? 8 فرخوان"" 0.ڠ سيارڽ فمرنته“ 8.30. ايو کوت ماري اين? 6.48 سفتا نادا4 و يفور تيس4 9.15 وايڠ کولية. 10 رخبران“ 1015 مڠݢ 11 سمبوڠن رايڠ کولية دان تمت. ايسوق (1980-1339 ميتر) جم فاݢي فرخبوان4 2.19 ميڠݢو داتڠ"" 7.3اورکيسة ليما سراما،8 فرخبران 1 8 ميڠݢو کمبيرا. 9 فرخبرأن 9.10 لاݢو٢ اچيه4 30ا چريتا“ 9.49",puppetry,media_content,
177,UM-1956-08-08-4,99288,796.0,3124.0,1545.0,3124.0,1545.0,5568.0,796.0,5568.0,نو فاسڠن ڤيئاج ڤسترمرهݢ فينا يڠ مڠيسي دڠن سنديي  وه ولين   ودوتولسن ڠ  فوق هميڤييه يوو بوك کفڠ ادو مڠکمتي  2و2 کولبسن لݢا هڠه سمموايڠ اوق بوات ...اينل سمباتڠ فيناجنيس بڤارو دعن ماتيوجڽ دسسيل باوه وان قبدق فد تفهة فيناسفت بياس. ڤينا اين دڠن لکس بولهه مڠيسيکن ديريڽ ستيف کالي اي دکمبالميکن کتمنتڽ فيليهن ورن هيم، اوڠو، هيجي کمياهن اق برسيه دبأوهن... وکيل، سيفا فوراه ملاي وولدهو بڤهبيئييد و ميقدوئلد هاوسء سميڠافورا 7. O,other_or_undetermined,other,
178,UM-1956-08-09-3,99735,1955.0,3233.0,2684.0,3233.0,2684.0,4143.0,1955.0,4143.0,فرايأن ايت دادکن دڠن توجوان مڠهالو مرفواک٢“دلاوة سفاي درسنڠ فندودق٢ منچاري ڤفقه مريک ددارة دان دلاوة“ کوننڽ جک فوجأن تيدق دادکن مک حاصيل٢ ايکن اکن برکوراڠن. سفنجڠ ميڠݢو فرايأن ايت رماينن وايڠ کولية دان فتري,puppetry,other,
179,UM-1956-08-09-7,99964,3369.0,2108.0,4094.0,2108.0,4094.0,3983.0,3369.0,3983.0,جلس فرأيأن امئو تلوق بلاڠا امنو چواڠن تلوق بلاڠا سيڠافورا اکن مڠادکن مجلس رايأن سلما تيݢمالم برتورة٢ مولاءي11اوݢس اين کران مڽمبوة ݢنف10 تاهون امنوملا ياد تو بهکن فد مالم فرتام 11 اوݢسة کن دادکن مجلس شراحن اوله ݢاوي٢ تيڠݢي امنو سيڠافور برتمفة دسوراو رادين مس ولاءي جم 8 مالم. فرتنجوقئن وايڠ ݢمبر رچوما اکن دادکن فد مالم کدوا دان مالم اخر 13 اوݢس ق کاواسن رومه نمبر 42 رادين س. اهل٢ امنو دان اورڠرامي داله دجمفوة انتوق مڠحاضري,film,live_event,Singapore
180,UM-1956-08-11-1,100563,206.0,5887.0,1696.0,5887.0,1696.0,6777.0,206.0,6777.0,فرسيداڠن“ دسولم دڠن برجنيس٢ سوکن، بهاݢين ددالم فرتنجوقئن الة سنجات وايڠ فرتنجوقئن٢ الة٢ تنترا دان سوکن يڠ اکن دادکن ايت. ݢمبر، روڠݢيڠ دان سباݢيڽ. وفچارا ميمفيکن فنجي٢ کفد توجوان فرسيداڠن ايت اياله انتوق ممبري فلواڠ کفد بتاليون کتوجه عسکر ملايو فݢاويڽ٢ مرو نديڠکن فرکارا٢ کن دادکن جوݢ. لبه 2000 اورڠ اڠݢوت ڠ مڠنأي کتنترأن ترماسوق فرکارا٢!مڠناي فڽياستن٢ دان عسکر ملايو دري سلوره فرسکتوان ترماسوق کيرا٢ 200 فلاجران٢ تنترا انتوق فݢاوي٢,other_or_undetermined,live_event,
181,UM-1956-08-12-7,101442,1059.0,1589.0,1779.0,1589.0,1779.0,4572.0,1059.0,4572.0,"کساتو ان تاني داکن فرتنجوقئن ايڠ کمبر کساتوان تاني دان کبجيکن سيڠافورا اکن مڠادکن فرتنجوقئن وايڠ ݢمبرا باݢي مڠوتيف درما رومه کساتوانڽ. فرتنجوقين اين اکن دادکن دفڠݢوڠ سنترال، جالن يونس کمفوڠ ملايو سيڠافورا فد 3 سفتمبر ايڽ دالم فرتنجوقئن جم 6.15 دان 9.15 مالم، دمکين دڽتاکن اوله سودارا محمد قيل جعفر، ستيأوسها کساتوان ترسبوة. أ. عبد الحميد بن حاج جومة"" يمبالن کتوا منتري سيڠافورا ان أ. سليمان بن حاج سراج تله دفيليه سباݢي فنأوڠ برتنجوقين اين. چريتا يڠ اکن دفر تنجوقکن ياله چريتا هندوستان بر نام رهازر راتين.“ هرݢ تيکية 1 دان 50 سين دان بوله دبلي سکارڠ اين دلوة 1110، جالن دم، کمفوڠ ملايو، اتو درومه مبر ه33 فاي ليبر رود اتو دنمبر 1مل6 جالن يونس",film,live_event,Singapore
182,UM-1956-08-14-3,102204,4870.0,4551.0,5610.0,4551.0,5610.0,6429.0,4870.0,6429.0,مالم کسئيان فد مالم تادي دادکن فول رتنجوقئن کبودايأن دان کسنيان لايو دان دافتارا فرماينن٢ يڠ هيدڠکن اياله چراچق دري راڤين دري بندر ڠ1 وار، بڠساون ملايو دري وتي سوريا نݢارا، باروڠن دري وڠي بالڠ، کودا کيفڠ دري رسيق، کومفڠ دري فارية اکر، وايڠ کولية دري اير هيتم ان فرأدوان٢ مڽاڽي لاݢو ملايو صلي دان دوندڠ سايڠ. فر تنجوقئن٢ تمباهن جوݢ ادکن اوله فاسوقکن سني ملايو ڠا يأيت فرتنجوقين٢ تارين ورڠ دارة برنام ݢلو ندڠ بينتاي، فاري لڠ دان ݢوبڠ,puppetry,live_event,
183,UM-1956-08-14-4,102259,3154.0,5571.0,3876.0,5571.0,3876.0,7202.0,3154.0,7202.0,جباتن کأواڠن امنو چواڠن کبون اوبي سيڠافورا مڠوچفکن ديبوان تريمکاسيه کفد سکلين ارا فنوفتون فرتنجوقين وايڠ ݢمبر يڠ دادکن اوله امنو چواڠن ترسبوة فد 6 اوݢسة يڠ الوکران مموڠة درمأ رومه امنو هاݢين سيڠافورا دان چواڠنڽ. کامي مننتوة محاف کران يدق داقة منايڠکن فيلم، بف- ي - بف“ سبݢيمان يڠ کامي جنجيکن دولو دسببکن ببراف حال يڠ تيدق داڤة دايلقکن. باݢي ݢتيڽ ايتوله کامي ايڠک فيلم ..لاهون مي ايك،. - ڠروسي” جباتن کأواڠن امنو,film,live_event,Singapura
184,UM-1956-08-15-4,102803,2357.0,1452.0,4611.0,1452.0,4611.0,3907.0,2357.0,3907.0,کفد سرجنة 85 يأيتأ. يادي کملاڠن ريبوة بسرفد5 اوݢسة ستاهون يڠ سدڠ دالم فڠکوانڽ و. سي. ايس. کمفوڠ بهارو يڠ لالو دکمفوڠ رڠية. تله ماتي دتيمفا اوله فوکوء بوليس ستيشين يڠ سوده مڠمباليکن   کارد فڠنالن سرت واڠ٢ يڠ کنتي ساج نماث کالو دمݢکين برايسي دالم بيݢ فد مالم 12.8.56 دان جوݢ کفد أ. وواينتر ناشيو نل سوشيال کلب“، عئمان کچوة ساله سورڠ فرساتوان فننتوة٢ ملايو اتو يڠ لبه سسواي لاݢي. وفريتر يڠ مماينکن وايڠ ݢمبر منو فد مالم ايت تله ممڠݢيل کفد يڠ دفرتوا فرساتوان جوهر تله مڠادکن ساتو يت، ايڠين ساي برتاڽن- ام ساي برکالي٢ انتوق مڠمبيل فرجمفأن بارو٢ اين کران فرتام، اداکه فرساتوان يݢ ساي ايت. اتس بودي مڠوچفکن سلامة برفيسه کفد فننتوة ملايو جوهر ايت ايک توان ايت ساي سرهکن اهل٢ جوا تنکواسڽ يڠ اکن دخاصکن کفد سݢولڠن فننتوة٢ کفد الله جوا يڠ اکن ممبالسڽ. ملنجو تکن فلاجران مريک ساج ?کران منورة دورت بريتا“ کلوار نݢري (اڠݢلند). ڠ دتربيتکن بارو٢ اين، چوما سباݢي سورڠ اهل، بارو ليم بواه سکوله ساج يڠ ممفو ڽأي جواتنکواس تأ يکرج? اينله فرتام کالي ساي واکيلڽ (کسمواڽ سکوله جواتنکواس سکوله ملايو مڠحاضري فرجمفأن يڠ اڠݢريس). بوڠيق رمبو، نݢري سمبيلن يڠ دانجورکن اوله ڤرساتوان ايت. کدوا’ مڠافکه فننتوة٢ سکو له٢ دلنتيق بارو٢ اين ساڠتله ساي سڠݢوه مراس کسل، کران ملايو، عرب دان اݢام تيدق ندوکچيتاکن کران مريک سڠکأن ساي تنتوله ددالم ممفو ڽأي وکيلڽ ددالم فرساتوان يدق منجالنکن توݢس٢ يڠ فرجمفأن ايت ننتي دادکن يڽ? له دتڠݢوڠکن کأتس مريݢ. شراحن٢ يڠ ممبڠکيتکن سماڠة کتيݢ، اداکه مريد٢ سکوله اين مفو ڽأي مريد٢ فنتوة٢ سفاي مدر دان دافة سکوله ترسبوة تيدق لايق,film,other,
185,UM-1956-08-15-8,102989,1608.0,4023.0,2352.0,4023.0,2352.0,5551.0,1608.0,5551.0,يڠݢو کبجيکن موار دافة سسبوتن فنونتون٢ موار 14 اوݢسة - ميڠݢو بجيکن مشارکة موار (بوکن يستا سݢيمان يڠ تله دسيارکن ولو) يڠ براخر فد ماام اين فادڠ موار کلب مندافة سمبوتن ايك دري فنونتون٢. تيف٢فنو نتون دکناکن بايران اسوق دان حاصيل دري کوتيفن ن دجاديکن درما کبجيکن عام برجنيس٢ فرتنجوقئن دادکن فرت وايڠ بڠساون، انيکا ورن وڠݢيڠ، غزال، تيکم نصيب، سيفق ,stage_performance,live_event,Muar
186,UM-1956-08-17-5,103687,2647.0,3697.0,3397.0,3697.0,3397.0,5380.0,2647.0,5380.0,"کرو تو يسسترو’ د نمبر33 فيترسن رود. وفچارا دمولاکن فد جم ,95 فاݢي. سلفس دکيبرکن سڠ يوي ورن، بنديرا ا ندو نيسيم ان مندڠر او چافن فرو کلاماسي فريسيد فة سوکر نفو، کو نسل د قتور جنرال هيرمن کرتوويسسترو اکن ممبربکن مافتڽ اوفچارا کرامين فتڠ اکن مولاکن فول فد جم 5 برماچم٢ رتنجوقئن سفرت فرماينن حضره، کودا کيفڠ، وايڠ کولية، کتوفرق، موسيق سومباڠن دري فمودا فمودي تفانولي، فنچق سيلة جوݢ دادکن هڠݢ 18",puppetry,live_event,
187,UM-1956-08-18-2,104000,2241.0,3394.0,4538.0,3394.0,4538.0,7244.0,2241.0,7244.0,"بليو ممبرتي امارن بهوا مصر محنجق 48 جم يڠ لالو ببراف کراجأن مصر تروس ممنوهي رعزم ممفر قاهنکن تروسن سويز سراڠن هيبة فمبرونتق تله ڠݢوڠجوابڽ کفد سلوره دنيا لاکو. بريتا٢ سݢيتر سراڠن منجواب فيتڽأن ورتاون٢ ڠن مڠداليکن تروس لالو يت بلوم دتر يما لاݢي. علي ضيري، برکات: دڠصر تيدق ينتس کفل٢ دترون سويز بأو برتولق انسور مڠنأي سوأل بريتا٢ يڠ دتريما دسکيتر وݢوء عموم دنيا عرب مڠاول دأن مڠنداليکن ترومن يبو٢ نݢري عرب مڽتاکن يت جوݢ تله ملومفوهکن ويز. سکيراڽ ککراسن دݢو ناکن هوا فموݢوقين عموم دنيا راوسهأن٢ ميڽق دنݢري٢ ايت ترهادف کامي، مک کامي اکن عرب ايت مندافة کجيأن ان فڠکالن٢ فرڠ امريکا فو تاهنکن، ديري کامي“ درانوس فراتوس. ان اڠݢريس دليببا، موروکو، ممبو يتاهو علي ڠبري. د يروت، لباي برفوله٢ جوردان دان لاين٢ نݢري٢ ورتاون٢ بهوا دي دانڠ کليدن ريبو اورڠ تله برارق دجاان٢  تله دلومفوهکن عرب مات٢ مباݢي سئورڠ فمرهاتي دالم فموݢوقين راي سمام. مريک ممباوا بنديرا امسکالي ردان تيدق برکواس مڠ ادکن سموا نݢري٢ عرب ترماسوق موم ايت. رونديڠن٢ دڠن سسياف فور ݢمبر٢ ناصر. فر يسيد نة دنݢري مصر موݢوء عموم کچوالي برتوکر٢ فيکران دڠن فراسأن سفرت نجوق ت دجالنکن دڠن مندافة ݢتوا٢ فرواکيلن يڠ حاضر يت چوݢ دادکن دعراق جيأن سراتوس فراتوس دالم فرسيداڠن لندن ايت“. ير يا، جوردان، موروکو تمجق ڠهمالم سماام هڠݢ بليو اڠݢن برکات اف٢ فون و نسيا اران“ لبنان، سودان، ابن سموا کدي٢ ڠهمالم افببل دسوأل اوله ورتلون٢ اداکه دنکن٢ .هڠݢ کديسا٢ نݢري٢ يڠک٢، فڠکوڠ٢ وايڠ، دان مض اکن ممنتا بنتتوان سوبية عرب ايت. دوڠ٢ فرنيݢأن ترماسوق ونيان مکيراڽ اي دسوڠ. دوتا مصر دفولند دان رخدماتن٢ کفلتر بڠ٢ دان ورتاون٢ تجوݢ تله بر تلڽ کاکيتاڠن٢ فجا.ة کدوتأن مس اداکه دي مماوا رنچڠن بارو کريت في کچوالي کريتافي٢ وارسو تله مڠادکن فرجمفأن ءوق ميلسيکن سوأل تروسن باوأ تنترا ککاواسن تروسن بنته رونديڠن لندن ايت موين ايت. ويز تله دهنتيکن دلانڠن فرلسبکأن دوارسو. بر تچاڠن کالمي تنف مفرت اکيستان جوݢ موݢوء سمالم قوم بوروه مصر تله ونچاڠن يڠ دبواة اوله فر يسيد تن قوم بوروه فاکيستانجوݢ مڠوتوس کاوة کفد سموا ناصر فد 12 اوݢسة يڠ لالو کتاڽ. لنچرکن موݢوء سيمفاتي کفد کساتوان٢ دان بدان٢ قوم قد 13 اوݢسة فريسيدنة رجواڠن رعية دنيا عرب ايت بوروه دسلوره دنيا ممنتأ ""وسلورة باضر منولق دڠن رسمي اونداڠن بڠسا يڠ برتمدون مڽوکڠ مر ببراف فراوسهأندان فلابوهن کواش٢ بارة منتارا. داندونيسيا رافة٢ دان دنيا عرب مننتڠ ڠناصير٢ مڠحضري قسقسا دان تنجوق فراسأن تله فنچروبه يڠ هندق ممبناسݢن رونديڠن لندن ايت، دان سبأليکڽ ادکن سباݢي مڽتاکن سوکڠن دنيا انتوق کفنتيڠن٢ کطنعنڽ مناورکن کسڠݢوفنڽ مڠ جورکن سنديري“. - روءيتر""ايه. ايف. سا نو فرسيدأاڠن يڠ لبه يسر لاݢي عية اندونيسيا، دالم سوأل يڠ دسر تأي اوله فݢري٢ يڠ في. دان يو. في. روسن سويز. کبيباسن ررعية أمصر ترسکة جك بدان اينتر ناشيونک",other_or_undetermined,other,
188,UM-1956-08-18-6,104182,96.0,4472.0,2821.0,4472.0,2821.0,8411.0,96.0,8411.0,"ارو ٥٥٥ و99 29  a2 بول ڤوين فارکو51“ نوق ڤاسڤڽ فينا فجارک51“ 9 دڤيربواة دڤن بنتوڤ خأصڽ انتوڤ دجاديکن ڤاسڠنکڤد ڤينأ يڠساڠة دايڠيي دسلويرهدينيأ، فارکرت1ݢ“ بول فوين اين مڠهاڤوسک تيڤ٢ کسلاهنڠ  تريسويڠ دداڤتيي درڤد فيا٢ بول فوين يڠ بيأسب يڠ مورههرکاڽ  حنرش ايبنله سباتتڠ ڤينا بول فوين يڠممبري توان٢ کلبيهن منوليسر يڠ ييذق ببوله دڤراوله درڤد فينا بول فوين يڠ لاين دقن سباڠ هر سازويڠ سڤة دعواة يڠ بسرمڠريي توليسن لبه بول فوين512 ممڤوڽاي بنتوڤ يڠکچيل موليق .کچنتيقنن اسميوايڠ سم کندا درڤدسلوران٢بياس يڠ کچل مارڽ دداڤني درڤد فينا51٠. يخ مسشهوس. ساروڠ تمڤة د عوا ةيڠبکندا٢ سرڽ ايت ممبري بنوان٢ توليسن سلماليم ک لحڽ ݢندا درقد فينا ببول توزين يڠ بياس..... سوات کبباريڠ دبوقتيکن اوله اوجينيڠ بتول  نات فارکرييڠ برڤو سسيڠ٢ ي يتترچاص باکيڽ سهاج ايت ممنداتڠکن تولليسن ڠسئم، تيدف ترتيڠݢل٢. دان بيسن درڤد سبارڠکسوساهن وڤتو مموليسن. دان لاݢي فارکر2 1 ݢ٠ بول فوين مننوليس بارين بيڠ تيدقاکن ڤادم داشر سبارڠ مڤة فارکن""51"" بول فون بول دراڤتي دڠن بربأکي٢ورن يڠبوله دتوليس سبڤرت ڽسيک""کرت٢ تتداهر اتولاين٢. فوسة کارد .دان کمبرفوتو دان ڤنوتڤن سماي ستواي اننوق منجادي ڤاسڤن ڤيا٢ 51“. يفة دانچوباله فارکر1ک٠ بول فوين يڠ ببهارو.... توان اکن کمبيراجک توان ممبواة دمکين! تڠرل ٢د بميڠاڤو را: قارکربوک هونين: درقد 5 7. 5 4 هتك 212.25 واڠ ملايأ. سألوران تسبأهن 1.75 واڠ ملايأ هرݢ٢ د ڤرسݢتوان: فا رکربول فوين، درڤد 26.10 هڠك 417.25 واڠ ملايأ. سأ لوران. سمباهن 85.اواڠ ملاي وکسيل توڠکن باکيي کبيلڠ دان تمتة ممي يککي سبسيڠتڤورا.ڤت سورة 393 تليقورسنه ا مو دنتورس لمسيتيد. ڽکيتارکسندد. رفلييي قليسن",other_or_undetermined,other,
189,UM-1956-08-18-7,104277,2511.0,7140.0,3262.0,7140.0,3262.0,8466.0,2511.0,8466.0,"6 رمفايڽ نوسنتارا، 6.10 تينجاون چارا سيارن، 1615ندونيسيا داڽ سئلله فلايران. (49.63 - 76.2 - 1339 يميتر م30ديندڠ هاواين دينديڠ،7 فرخبران، 7.10 رامي ڠکامن"" اخبار، 7.20 کسنيان کا بنجاهي،30 7 هيبوران، 8فرخبران، 8.05 سيارڽ فمرنته. 8.30. ايبو کوت فاري اين، 9.40 سفتا ناداء 9 يفورتيس، 9.15. وايڠݢوليق، 10 رخيران، 1015 هڠݢ 11 سمبوڠن ايڠݢوليق داڽ تمتم ايسڤوق. (1920-133.9 ميتر) جم ”فاݢي فرخبراڽ 7.16 ميڠݢو دفن“ 3 7. اورݢيسنة ملايو راکناڠن، ک رخبران 810. ميڠݢو. ݢمبيرا!9 رخبران"" 9.10 لاݢو٢ مکاسر، 9.30",puppetry,media_content,
190,UM-1956-08-22-2,105482,3933.0,1904.0,4683.0,1904.0,4683.0,8617.0,3933.0,8617.0,"ساتو درفداڽ اياله رنچاڠن الس يڠ دسوکڠ فنوه اوله ڠݢريس دان فرنچيس انتوق لتقکن تروسن سويز دباوه کاوائن اينتر ناشيونل سمنتار ڠ ساتو لاݢي اياله رنچاڠن نديا يڠ مڽوهݢن بولة٢ ککواسأن دان فنتدبيران تروسن ت کفد مصر دڠن فرتولڠن بواه بدان فنصيحة يڠ دبنتوق وله بڠسا٢ برساتو ائتوق نجامين کبيباسن ڤلايران کفل٢ دتووسڽ ايت. توان کريڠنا مينون ""وکيل اندي ڠموکاکن رنچاڠن برتولق نسور ايت اداله ممنوهي سبراف ڠ دافة رنچاڠن بارة تتافي نولق لنسوڠ لڠکه٢ يڠ هندق وجودکن سبواه بدان انتوق مڠواسأي ينتر ناشيو نل روسن ايت رنچاڠن توان مينون ايت فرکارا تله ڠندوڠي ليم کموکاکن اوليهڽ ستله ليم هاري برتوکر٢ فيکران دان ربينچڠ دڠن کتوا٢ فرواکيلن نݢارا يڠ مڠحاضري 22 رسيداڠن ايت. کتوا فرواݢيلن انديا ايت رکات بهوا کتوا٢ فرواکيلن ڠ برهيمفون دفرسيداڠن ايت عندقله براوسها مڽلسيکن سوأل روسن سوير ايت سچارا دامي سيا - افريکا بيمبڠ توان مينون برکات بهو رسيداڠن 22 نݢارا ايت تله ادکن دتڠه٢ فراسأن ملواف٢ نݢري مصر دان دنيا عرب. صلوره نݢوي٢ اسيا دان فريݢا ݢتاڽ تله ثرهأرواتس لڠݢه صرايت دان براس بيمبڠ اتس ڤکه٢ ڤوسيافن٢ تنتوايڠ دادکن ڠنأي سوأل تروسن سويز ايت وان مينون مڽتاکن انم رکاوا يڠ دکموݢاکن اوليهڽ ائم رئچاڠن ايت بوله منجاه ي اسي انتوق مڽلسيکن کݢنتيڠن روسن سويز ايت. دݢسلورهڽ کليم٢ فرکار ڠ دکموکاکن اوله توان مينون دالم رتچاڠنڽ ايت اياله: 3. مڠاکوءي کدولاتن نݢري صر. 2 مڠاکوءي تروسن سويز باݢي سبواه کاواسن مصر دان روسن ايت اياله سبواه ترومن ڠ ننتيڠ باݢي دنيا 3 منجامين بباسن ڤلايران دتيوسن ايت  اکي سموا نݢري مڠيکوة ڤياکم و نستنتينوفول 4 چوکي ملالوءي تروسن ايت دکناکن دڠن تيدق بيداکن تݢري يڠ مڠݢو ناکنڽ ان 5. کفنتيڠن نݢارا٢ يڠ ڠݢو ناکن تروسن ايت هندقله أکوءي دالس دسق مصر لفس توان مڽنون مڠمو کاکن",other_or_undetermined,other,
191,UM-1956-08-23-8,106237,2367.0,4248.0,3102.0,4248.0,3102.0,5520.0,2367.0,5520.0,"الم انيکا ورن مڠوتيف درما ايفوه 22 اوݢسة - امنو هاݢين فارية اکن مڠادکن مالم نيکا ورن فد 7 سفتمبر دفن فڠݢوڠ وايڠ ݢمبر فارية انتوق ڠوتيف درما رومه امنو، فيرق ڠ اکن دديريکن دايفوه دڠن ربلنجأن سباڽق 50,000ڤ. بينتڠ٢ راديو ملايا دري کوالا لمفور دجدوالکن اکن ڠمبيل بهاݢين اوتام ددالم مالم",film,live_event,Paria
192,UM-1956-08-26-7,107583,4987.0,7754.0,5724.0,7754.0,5724.0,8611.0,4987.0,8611.0,هاري ايبو باف ايفوه 25 اوݢسة - اوفچار ماري ايبو باف سکوله ملا. و لنجاکيري فارية تله دلنينوڠکن سان بارو٢ اين. برباݢي٢ رتنجوقئن فرتوکاڠن تاڠن وکن سند يوارا دان وايڠ ݢمبر له دادکن دڠن منداية سمبوتن,film,live_event,
193,UM-1956-08-26-7,107633,4182.0,1077.0,4926.0,1077.0,4926.0,1927.0,4182.0,1927.0,فڠهولو دراعيکن کوالا ليفيس 25 اوݢسة - فندودق٢ مقيم سݢا، رأوب، فد الم ثلاث يڠ لالو تله مراعيکن . فيلوس، فڠهولو مريك يڠ اکن رسارا. سلاين درفد مجلس چأن قرأن، جوݢية، تارين ساکي ان تايڠن وايڠ ݢمبر تله دادکن,film,live_event,Kuala Lipis
194,UM-1956-08-30-7,109260,4039.0,3780.0,4769.0,3780.0,4769.0,4757.0,4039.0,4757.0,بينا فڠݢوڠ وايڠ کرت بهارو 29 اوݢسة - مبينأن مبواه فڠݢوڠ وايڠ ݢمبر الم بند ماچڠ سدڠ سانجورکن وله توان حاج يعقوب، اهل شوارة نتري کلنتن دان ببراف ورڠ ملاي لاݢي دسيني. فڠݢوڠ ايت داڠݢرکن رهرݢ810000. جوالن شيرڽ,film,live_event,Kota Bharu
195,UM-1956-08-31-5,109636,1630.0,2595.0,3110.0,2595.0,3110.0,3021.0,1630.0,3021.0,مڠندوڠي فرتنجوقئن وايڠ ݢمبر فرچوما، فرماينن٢ 2بيليارد سکتيڠ، فيڠ فوڠ، تيکم٢ روکوء دان جوݢ فرماينن انتوق کانق٢. کدي٢ مکانن دان مينومن اکن دسدياکن. 30 ݢراي٢ دالم امن هيبوران ايت تله دخاصکن انتوق اورڠ٢ ملايو.,film,live_event,
196,UM-1956-09-01-6,110121,51.0,4550.0,3166.0,4550.0,3166.0,8434.0,51.0,8434.0,"فارک  ڠ اورڠ٢ميئ س مکڠءماڠماڽ سواڽ هلبه  عس   A OEE5 دڠن فأرکسر51 مري تله ممبتوق اکن انتوڠ صيب کبايفکن درڤد فميسفين٢ يڠ بسر ددالم دنيا - ترماسوق همفير٢ ياد شا . لاݢي اورڠ يڠ حاص کامو ݢساري - اداله دڠن مݢين ميليقݢي فارکر.اد. دان سنتياس برککالن براس ڠݢور کفد اورڠ يڠ ڠعديهکن کفدان دڠن فينا ايت مريک اداله مننچڤکن فراو باهن٢ کارا يڠ ممبنتوق نصيب کامو. تيادکه عجأيب جک اد سئورڠ   علياکن کامو دڠن سيوات هديه سفرت اين.    ارکر”31 وي فارکست منتيام جاوو لمبه ماجود رتي قيم ميڠ لاين٢ رڠن مڤوباکي ڤا سرد مڤيي دکواورڠن ردمي شري يڠ اميه را مات قال تيومڠ قول ڤين سيڠامة رکهندقکي رالمردنيا  دليق تريل يڠ سام جول تا ات بوايڠ ن   يت اي لمه جاو سمله الک کات جو  دبرعي دان دکوناکن اوله اورڠ٢ بيڠ مسڠبور  مرݢ٢ دسيڠافورا فارکر ,,51“ کفلا امس ڤمنا أکمو ما نما. و سأدوو. چ ڠيار. دانن .13 منسمس مسا فارکر ,,51 کفللا ڤينا کسل2 للوݢم (30.0 ,1“ سڠمتس 9).4) 3)3. سطمڤ ال هرݢ٢ دفرسکتوان فارکر .,51“ کفالا فينا باݢيو ما تک. 29.00 سادور امس ٢ 6142 جو فار دا سب دب فارکر ,,51 فمنا کفلا کلة لوݢم 21.50 .21“ سڠيسنسل  9. سليمفو ليد وکيل توڠݢل کيلڠ دان تمفة فرخدماتن ممبايککي: ذي ار کيد سونتور لميتيد. ريفل س فليس، في. او. بوقس 393. سيڠافورا تيڽيڤون 20693",other_or_undetermined,other,
197,UM-1956-09-01-7,110175,3286.0,7843.0,4024.0,7843.0,4024.0,7923.0,3286.0,7923.0,915 وايڠ کولية، 10 فرخبران، 1015,puppetry,live_event,
198,UM-1956-09-01-8,110251,2514.0,5558.0,3239.0,5558.0,3239.0,7059.0,2514.0,7059.0,جم 10 فاݢي: سايوران٢ رنهين، ايکن اير تاور دان ودڠ دان بارڠ٢ بواتن تاڠن اور انوق دعاديلکن، 2.30 تڠ: ڤسوکأن رسمي فرتنجوقئن وله ݢنور سيڠاڤورا يڠ اکن فرکنلکن اوله توان جيه. عيم جومهابوي منتري فرنيݢأن دان راوسهأن سيڠافورا. فاسوقکن نچراݢم فوليس اکن برماين جم 3 فتڠ. استعادة مڽمفيلکن ديه٢ کفد مريک يڠ منڠ. سبله فتڠ هڠݢ کمالمڽ رتنجوقئن٢ وايڠ چينا، جوݢية ودرن،سنديوارا دان برجنيس٢,stage_performance,live_event,Singapore
199,UM-1956-09-02-8,110693,3912.0,6120.0,4645.0,6120.0,4645.0,7622.0,3912.0,7622.0,جم 11 فاݢي: فرتنجوقئن بوک کفد اورڠرامي. سبله وڠن رتنجوقئن٢ وايڠ چينا، جوݢية ودرن، سنديوارا دان بڠساون لايو، وايڠ فاتوڠ دان موڽية هيبوران دادکن دان لاي٢ فرسلݢتوان اهوقسن اکن مڠادکن رتنجوقئن استميوادري جم8 مڠݢ11 مالم. اهل٢ فولو کلب سيڠافور کن مڠادکن: ساتو فرتنجوقئن و ڽين٢. فاسوقکن فنچراݢم کوءين رويال رجيمنة اکن رمايڽ. فرتنجوقئن دتوتف فد جم,stage_performance,live_event,Singapore
200,UM-1956-09-03-4,110928,4825.0,839.0,6348.0,839.0,6348.0,6964.0,4825.0,6964.0,"سفتامين 1956 28 ڤاحرم 6ڤ اواسي کرقڠن ”ولمفو سولوه،، مولاءي 27 اوݢسة يڠ لالو بوله دکتاکن سلوره فرهاتين ايبو باف خصوصڽ دان رعية فرسکتوان تانه ملا يو عمومڽ تله ترتومفو کفد ݢرقئن فندفتران انق٢ مريک يڠ دنماکن ݢرقئن ,,لمفو سولوه“ ايت. ݢرقئن اين اکن برجالن سبولن لماڽ هڠݢ ”2 سفتمبر اکن داتڠ. برکالي٢ تله دترڠکن کفد اورڠرامي بتاف فنتيڠڽ ݢرقين فندفتران کانق٢ اين باݢي ملقسانکن توجوان رنچاڠن فلاجران فرسکتوان تانه ملايو يڠ تله دلولسکن فد داسرڽ اوله مجلس مشوارة فيدرال ايت. تتافي برکالي٢ فول. تله تردڠر ککوا تيران دري. اورڠ٢ ملايو خاصڽ دان فجواڠ٢ بهاس ملايو سباݢي بهاس کبڤسأن عمومڽ تنتڠ چارا٢ ݢرقئن ترسبوة دجالنکن. اورڠ٢ ملايو دان فجواڠ٢ بهاس ملايو سباݢي بهاس کبڠسأن اين فد داسرڽ تيدق مبنته اداڽ ݢرقئن دلمفو سولوه“ ايت تتافي هراس کواتير هوا دالم چارا٢ منجالنکن ݢرقئن ترسبوة مونکين عناصير٢ يڠ مننتڠ بهاس ملايو سباݢي بهاس کبڠسأن دان برجوايڠ ديم٢ انتوق مڠکلکن فڠاروه بهاس اڠݢريس دالم کهيدوفن کبڠسأن رئݢري اين کن منجالنکن جارومڽ سچارا هالوس. اساس باݢي اورڠرامي انتوق مراس کواتير ميمڠ اد کران دالم سيارن يڠ دکلوارکن کفد ايبو باف تيدق دتݢسکن توجوان کراجأن هندق مماجوکن بهاس ملايو دالم سکوله٢ سباليکڽ دکموکاکن فرتڽأن٢ يڠ ممونکينکن ايبو باف ايت راݢو٢ اکن فصيب انقڽ٢ دماس دفن کالو اي مميليه سکوله عموم يڠ بربهاس  فڠنتر بهاس ملايو ايت. للاين دري ايت باڽق بنتاهن٢ يڠ دکموکاکن تنتڠ چارا٢ منجالنکن ݢرقئن ترسبوة دري ببراف دأيره. امڤماڽ بارو٢ اين يڠ دفرتوا فرسکتوان فلاجران ملايو نݢري سمبيلن تله منوده بهوا فجابة فلاجران نݢري سمبيلن دماسوقکي اوله عناصير٢ فنجاجه انتوق ممفڠاروهي اورڠ٢ کمفوڠ سفاي مندفترکن انق٢ مرک افتوق سکوله جنيس عموم يڠ مڠݢوئاکن بهاس اڠݢريس سباݢي بهاس فڠنترڽ. تودهن کتوا فرسکتوان فلاجران ملايو نݢري سمبيلن ايت تربوقتي ميمڠ بنر افبيل منتري فلاجران سنديري ملاوة نݢري سمبيلن دان مندافتي چارا٢ ڽڠ دلاکوکن اوله فجابة فلاجران نݢري سمبيلن ترڠبوة ,,تيدڤ بتول“ سکارڠ اد فول تودهن دان راس تأفواس هاتي تردڠر دري فهڠ برکنأن دڠن چارا٢ ݢرقئن لمفو سولوه“ ايت دجالنکن ددأيره تڠکق، جوهر، فون کدڠارن فڠادوان٢ تيدق رسمي دري ورڠرامي ملايو يڠ مڠتاکن اداڽ فݢاوي٢ فندفتران کانق٢ ايت يڠ منچوب مڠاروهي ايبو باف. دالم فد ايت بريتا فرتام يڠ کيت تريما مڠنأي حاصيل فندفتران اين ساڠتله ممواسکن. بريتا يڠ فرتام ايت داتڠ دري تڠکق جوݢ، يأيت تمفة يڠ اد سوڠتن ايبو باف ترسبوة. بريتا ترسبوة ڽتاکن سهڠݢ اين هاڽ کيرا٢ 50 اورڠ ساج ايبو باف يڠ فرݢي مندفترکن انقڽ کفوسة فندفتران دسکوله اڠݢريس سدڠکن دتمفة فندفتران دسکوله ملايو سوده منچافي اڠکا 500. مونکين ايبو باف کواتير فرݢي مندفترکن انقڽ کفوسة فندفتران دسکوله اڠݢريس ايت کران سچارا کبتولن مريک برفندافة بهوا دسکوله اڠݢريس تنتو اد فڠاروه اڠݢريس. ولو بݢيماتفون، مليهة کفد قواتڽ سماڠة کبڠسأن اورڠ سکارڠ ين دان قواتڽ حسرة اورڠ ملابيو لخاصڽ برکهندقکن بهاس ملايو کس ماجو دان چوکف لايق منجادي بهاس کبڠسأن، مک بسر سکالي کمونکيننڽ ݢرقئن ,لمفو سولوه“ اين اکن ممبوقتبکن حسرة کبڠسأن دان کمرديکأن يڠ قواة ايت تتافي اوله کران کمونکينن ماسيه اد بهوا ستڠه٢ ݢولڠن اکن ممفڠاروهي اببو باف دکمفوڠ٢ مفاي مميليه لاين درفد اف يڠ دايڠينکڽ ايت مک سفاتو تياله ݢرقئن لمفو سولوه“ اين داواسي دڠن لبه کتة لاکي. اف يڠ برلاکو اڤݢري سمبيلن ايت مونکين جوݢ برلاکو دلاين٢ تمفة.",other_or_undetermined,op_ed,
201,UM-1956-09-03-8,111165,2515.0,3734.0,3266.0,3734.0,3266.0,5934.0,2515.0,5934.0,بکس فادڠ تربڠ کالڠ. فد سبله سياڠ اورڠ تيدق ݢيتو رامي تتافي دري فتڠ هڠݢ کمالمڽ بوله دکتاکن اورڠ فنوه سق 230 فتڠ: فرتنجوقين  بوک کهد راهي سبله فتڠ: رتنجوقئن٢ وايڠݢمر، جوکية ودرن، سنديوارا دان لاينڽ٢ چراݢم کوءين رويال رجيمن ق کن برمايڽ. 12 ڠهمالم: فرتنجوقين تو تفه جاموان فريس کلب کوالا لمفور 2 مفتمبر - ريس کلب ملايا اکن7 مڠادکن جاموان ماکن دان تاري,film,live_event,Kuala Lumpur
202,UM-1956-09-04-2,111275,3900.0,3923.0,4631.0,3923.0,4631.0,7020.0,3900.0,7020.0,مبرونتق ملتوفکن بوم دتڠه٢ بندر الجيريا احيرس 3 سفتمبر - دوا ورڠ تله ماتي دان 25 اورڠ مالم تادي افبيل لاݢي چدرا فاشيو تاليسة مبرونيق٢ لجيريا ملتوفکن سبواه بوم دليقليق ايسفلينيد دتڠه٢ بندر کو نستنتين الجيريا. سموا اورڠ٢ يڠ ماتي دان چدرا ايت اياله بڠسا ايروهه سلفس لتوفن ايت برلاکو يهق برکواس فرنچيس تله نڠکف برا وس٢ اورڠ الجيري ڠ دشککي دفکن بتنا، 20 اورڠ لاݢي تله چدرا افبيل مبوتير بوم تاڠن تله لتوف دأتس فنتس فڠݢوڠ وايڠ سيتو - روءيتر دان ايه. ايف ي سروهبوڠن ههأميسوا٢ بونيبرميتي ملايا يڠ ملاوة اند ي ارو٢ اين کليهاتن سدڠ برتوکر٢ يکران دڠن توان جواهرلال يهرو، فردان منتري انديا. توان بهرو کليهاتن سدڠ برامه تامه ڠن توان هوڠ کتوا رومبوڠن هاسيسوا٢ ايت دان دڠن ببراف رڠ لاݢي اڠݢوت٢ رومبوڠن,other_or_undetermined,other,
203,UM-1956-09-05-6,112013,2366.0,2720.0,3116.0,2720.0,3116.0,4293.0,2366.0,4293.0,دفرتوان مودا ترڠݢانو، فد 25 وݢسة يڠ لالو. دالم اوچافن يڠ دفرتوان ودا ايت دانتاراڽ بليو مڽتاکن هوا فيهق کراجأن اکن ممبري برتولڠن تناݢ دان لاين٢ سفاي جلس اين اکن لبه ماجو لاݢي دري ستاهون کستاهون فد ماس کن داتڠ. سلاين دري برباݢي٢ جنيس ارڠ٢ تنامن دان لاين٢، برباݢي جنيس فرماينن سوکن، فرتنجوقئن ايڠ ݢمبر، وايڠ کولية، تماش رݢايوڠ دان لاين٢ لاݢي تله,puppetry,live_event,
204,UM-1956-09-05-8,112108,2443.0,4776.0,3176.0,4776.0,3176.0,5739.0,2443.0,5739.0,جم 230 فتڠ: [ڤرتنجوقيئن ولا دبوک کفد اورڠرامي. سبلا تڠة فرتنجوقئن٢ وايڠ، جوݢيڤ ودرن، وايڠ فاتوڠ دان لاينڽ٢ ادکن. ڤاسوقکن فنچراݢم يڠافور هاربربورد اکن برماين جم 12 مالم: فر تنجوڤئن د توتف فرتنجوقئن اين، ڠ دادکن بکس مادڠ ترڠ کالڠ براخو,puppetry,live_event,دبوک
205,UM-1956-09-06-4,112337,3954.0,5437.0,4689.0,5437.0,4689.0,6683.0,3954.0,6683.0,"فڽ فير ددوڠون دوڠون 5 سفتمبر - اوله کران هندق مموڠة درما رومه منو دوڠون، مک امنو دوڠون کن مڠادکن ,رفن فير“ سلم سبولن مولاءي دري 15 سفتمبر مڠݢ 15 اقتوبر دفن. برباݢي٢ جنيس فرماينن سفرت ق يوڠ، وايڠ کولية، رودة، جوݢية ودرن، سنديوارا، انيکاورن ايڠ ݢمبر دان لاين٢ لاݢي کن دتنجوقکن دالم فن فير ايت",puppetry,live_event,دوڠون
206,UM-1956-09-07-3,112649,1802.0,892.0,2547.0,892.0,2547.0,2379.0,1802.0,2379.0,سلطان اکن بوک ڠݢوڠ بارو اکاثي سلطان قدح اکن ممبوك دڠن سميڽ قڠݢوڠ وايڠ ݢمبر بارو کاتي اورݢانيزيشن يڠ باروساج يف دالور ستار، قدج، فد هاري حد 16 سفتمبر اين فڠݢوڠ ترسبوة اياله سبواه ڠݢوڠ يڠ مودرن سکالي دان وله برمواة 100 1 اورڠ فنونتون. لاين دري وايڠ ݢمبر فڠݢوڠ رسبوة جوݢ اد ممڤوڽأي الة٢ توق مڠادکن فرتنجوقين٢اتس,film,live_event,Alor Setar
207,UM-1956-09-10-6,114092,4860.0,2945.0,6335.0,2945.0,6335.0,4908.0,4860.0,4908.0,"   ي  215 کک1 مجنيس اوبة يڠ بارو بوله سيمبوهکن باتوق اي اداله وبة يڠ مجرب انتوق مڽمبوهلکن سلسماء يأتوق“ ساکية تکق ڤأهق، سوأرا، دان ڤأرو? سرت ساکية ادا. اي اکڽ ممبونه کومن٢ مڽمبوهکن باتوق هان کاهق دان منجاݢ فارو٢ اي تيدق مزبهيا دان کامو اݢين دافتي سلفس ماکي لوزينجيس خصيتڽ يڠ مڠحيرالڤکن  دوزي 12.09 سبوتل 1.0 مبه وايڠ قوسة 39 سين بوله داڤة دري سموا کدي٢اوبة چيئ ,‏SBEEHs,HPsO. 3s 319, B21",other_or_undetermined,other,
208,UM-1956-09-11-3,114339,1832.0,1123.0,2575.0,1123.0,2575.0,5075.0,1832.0,5075.0,فرخدماتن بو مبا هندق دفربايککي کوالا لمفور 10 سفتمبر - کراجأن فرسکتوان ممفو ڽأي نچاڠن٢ انتوق ممفربايککي اݢي فرجلانن فرخدماتن بومب تيف٢ نݢري ملايو دان سيتلمينة، دان کراجأن فرسکتوان جوݢ سدر تنتڠ کسوليتن٢ يڠ عالمي اوله فرخدماتن بومبا ماس يڠ سوده٢. فڠاکوان اين تله دبواة اوله .عبدالرحمن بن حاج طالب نولڠ منتري کراجأن تمفاتن ان فرومين، کفد امفة اورڠ وکيل٢ کساتوان فرخدماتن کرج٢ بومبا ملايا يڠ تله نموءيڽ دسيني کلمارين رومبوڠ ݢاوي٢ کساتوان ايت دکتوأي وله أ. قمرالدين بڽ عبدالله ريسيدنتڽ. فرو نديڠن ايت رجالن همفير٢ دوا جم. .تميز بن حاج حسن ستيأوسها کساتوان ايت، مڽتاݢن هاري اين بهوا فرکارا٢ مڠناي براتوران کرج، سوأل ݢاجي دان رومهن تله جوݢ دکموکاکن الم فرو فديڠن ايت فنوايڠ شتري ايت قله برجتجي اکن تجالتکن اوسها٢ ممفر بايککي اݢي کادأن فکرج٢ بومبا سلاي ري سماس کسماس، کات ٢ ميز. عبدالرحمن طالب نچادڠکن سفاي سوأل ݢاجي يت هندقله دسرهکن کفد ويتلي کأونسل انتوق دفر تيمبڠکن.,other_or_undetermined,other,
209,UM-1956-09-11-4,114377,834.0,7442.0,2316.0,7442.0,2316.0,7738.0,834.0,7738.0,بري نصيحة سفاي فندودق٢ دڠن فرمنتأن خاص دري لوکل يت فاتوه کفد لوکل کأو نسل. کأو نسل اين تله مننجوقکن اي جوݢ تله منصيحة کفد وايڠ ݢمبر دان ممبري فنراڠن,film,other,
210,UM-1956-09-13-3,115210,2712.0,6601.0,3448.0,6601.0,3448.0,7134.0,2712.0,7134.0,فرتنجوقين فيلم کوالا لمفور 12 سفتمبر - جباتن فنراڠن اکن. مڠادکن رتنجوقئن وايڠ ݢمبر بولانن ليݢ ݢاردن فد فتڠ هاري احد,film,live_event,Kuala Lumpur
211,UM-1956-09-15-7,116317,2634.0,7321.0,3365.0,7321.0,3365.0,8708.0,2634.0,8708.0,ينجاون چارا سيارڽ615اندونيسيا داڽ مسئله فلاچراڽ. (483 -76.2- .138 ميتر) چم 6.30 فتڠ اورکيسق ماواين رامي ديندڠ، 7ڤرخبران 7.16 رڠکاسن سور تخبر، 7.20 ڽاڽين 7.8 سيمنچو فتق، 8 فرخبران، 3.05 بيارن فمونته، 8.20 ايبو کوت ماري بن 8.0 سڠتااناد4? 9 ريڤور تيس 91 وايڠݢوليق: 10 فرخبران، 15 10 مڠݢ 11 وايڠ ݢوليق دان تمت يسوق (1980 - 4963 - 133.9 يتر) جم 7 ڤاݢي فرخبراڽ، 7.10 يڠݢو دفن. 730 اورکيسة ليم سرأما، 8 ڠرخبراڽ، 810 ميڠکو مبيرا، 9 فرخبران، 9.10 چيفتأن توکنل، 930 چريتا، 940 لاݢو٢ مره، 10 سني چاوا ستوديو چاکرتا,puppetry,media_content,
212,UM-1956-09-17-5,116623,4104.0,5568.0,4840.0,5568.0,4840.0,6584.0,4104.0,6584.0,دا فتارا سمبوتن٢ يڠ ادکن ايسوق کران مراعيکن هاريجادي سلطان جوهر يڠک 5 اياله فرتنجوقئن وايڠ ݢمبر رچوما انتوق کانق٢ يڠ اکن ادکن دفڠݢوڠ کافيتول دار رودوي فد جم 11 فاݢي. فرلومبأن کوليق دان يفورة لاوة دان جوݢ لومب ارة اکن دادکن دفادڠ ايرموليق,film,live_event,Johor Bahru
213,UM-1956-09-19-3,117424,1869.0,6390.0,2594.0,6390.0,2594.0,7473.0,1869.0,7473.0,ڠݢوڠ وايڠ بارو بئدر فاسير فوڤيه کوت بهارو 18 سفتمبر - ڠکو مهکوت کلنتن، کلمارين له ممبوك سبواه فڠݢوڠ وايڠ ݢمبر بارو يڠ دديريکن دبندر اسير ڤو بيه دڠن بلنجا 100.000 وله أ. وان ابراهيم بن حاج ان اسمعيل دان سوداراڽ٢ ڠݢوڠ بارو ايت دئماکر,film,live_event,Pasir Puteh
214,UM-1956-09-20-1,117723,5588.0,5668.0,6359.0,5668.0,6359.0,8572.0,5588.0,8572.0,ادريس يڠ مينس 15 جم دافة دتڠکف کوالا لمفور 19 سفتمبر - ستله بيبس سلما کيرا٢ 15 جم جق جم 9 فاݢي سمالم، ادريس بن مجيد تله دافة دتڠکف سمولا اوله فوليس دباتو کيبس کيرا٢ جم 30 11 فاݢي اين. ادريس تله ملاريکن ديريڽ دري فوليس فاݢي ممالم مدڠ دباوا کمحکمه اتس تودهن منچوري، دري سبواه بين دباتو رود. دي تله ماسوق ددالم سبوام لوڠکڠ بسر دباوه تانه. ادريس مڽتاکن کفد فوليس جوروس سوده دتڠکف بهوا سبايک٢ دافة ملفسکن ديريڽ دي تله ماسوق کدالم لوڠکڠ ايت لالو کلوار سمولا دفڠݢوڠ وايڠ مدرس. مالم تادي دي تيدور دسکوله ملايو فرينسس رود اݢي٢ تادي دي ملالوءي کريتافي جالن دان بيلا ممفي دباتو کيبس، سورڠ کونتريقتر کنتين، برنام زينل تله مليهتڽ لالو ممبري دي ماکن دڠن تيدق دمداري فوليس تله بريتأو أوله زينل دان دي فون,other_or_undetermined,other,
215,UM-1956-09-20-3,117848,4045.0,5237.0,4786.0,5237.0,4786.0,6981.0,4045.0,6981.0,سمبوتن هاري جادي سݢامة 19 سفتمبر - ساتو وفچارا برباريس دري فاسوقکن٢ فوليس، هوم ݢارد فوليس بولنتيار ريزب، فڠاکف ݢرل ݢأيد دان فالڠ ميره بريتيش له دادکن دفادڠ دسيني کلمارين کران مڽمبوة هاري کفترأن سلطان جوهر يڠ کلافن فوله يݢ. باريسن ايت دفرقسا اوله ݢاوي دأيره سݢامة. برباݢي٢ تماش سوکن باݢي کانق٢ سکوله تله دادکن سلاين رفد فرتنديڠن بولا، جاموان اکن دان فرتنجوقئن وايڠ ݢمبر ان روڠݢيڠ. بارڠ٢ مکانن جوݢ تله دهديهکن کفد اورڠ٢,film,live_event,Segamat
216,UM-1956-09-27-4,120878,894.0,1410.0,2414.0,1410.0,2414.0,2423.0,894.0,2423.0,کن فکرجأن کامي دفجابة٢ امڤة بولن سوده کراجأن، يأيت کامي ممبواة تأ تيڠوق وايڠ کرج مولاءي جم 7 فاݢي هڠݢ کامي فندودق٢ کمفوڠ جم 5 فتڠ چومادافة ريحة ماس اسم جاوا کوالا سلاڠور، ساڠتله ماکن ساتوجم ساج ستيف هاري، بردوکچيت کران تله امفة بولن دان تنتڠ اين سوده تنتو تيدق لوم سکالي فون فجابة فنراڠن سام دڠن توان٢ ݢورو ايت، يڠ نايڠکن وايڠ ݢمبرڽ کفد مڠاجر دوا تيݢ جم ساج فندودق٢ کمفوڠ اين. فد حال فد مهاري دان مندافة کلفاسن دکمفوڠ٢ يڠ برهمفيران تله فول سبلوم مڠاجر دان سسوده,film,op_ed,
217,UM-1956-09-29-7,121750,4087.0,6359.0,4825.0,6359.0,4825.0,8597.0,4087.0,8597.0,"اديو جاکر تا (19.89 - 25.49 - 1539 مبتر) حم 1200 تڠهاري لمبارن وانيتا، فرخبران، 1.10 لڠݢم سيڠافورا? 30. سئي سوندا ستوديو جاکرتا، 2 رخبران، 2.10 هيبوران، 30ي2 بوڽي ورݢن، 245 مڠݢ د فرخبران دان يحة. (49.63 - 762 ميترا) جم 5 فتڠ لاݢو٢ هيبوران، بوڠا رمفي دلي، 6 مفاين نوسنتارا، 6.10 تينجاون چارا سيارن، 615 اندونيسيا دان سئله ڤلايران، (49.63 - 762 - 133,9 ميتر) جم ٢.30 فتڠ اورکيسق ماواينڽ وامي ديندڠ، ٢فرخبران، 7.10 ڠکاسن سور تخبوء 7.20 بويين٢ دري کوت اودڠ، 7.30 لاݢو٢ بارة 6 فرخبران، 8.05 سيارن فمرنته، 8.30 يبو کوت ماري اين4 40. سفتأ نادا يڤورتيسة، 9.15 وايڠ کولية. 10 خبران، 1015 مڠݢ 11 سبوڠن ايڠ کولية دان تمت. ايسوق (19.80 - 4263 - 9.,153 يتر) جم 7فاݢي فرخبران، 7.10 7.30 اورکيسق يڠݢو داتڠ، هاواين سوارا استان، 8 فرخبران، 810 ميڠݢو ݢمبيرا، 79 فرخبران 9.1 اورکيسة، بسبو، 9.30 چريتا",puppetry,media_content,
218,UM-1956-09-30-6,122188,168.0,4133.0,1638.0,4133.0,1638.0,5530.0,168.0,5530.0,کورڠ دفرهاتيکن دان کورڠ ساله سورڠ فڠاديل دالم دفليهارا. فرادوان لاݢو٢ ملايو دفيستا سواتنچونتوه امفماڽ کبودا يأن کوالا لمفور. اياله مڠݢمبنکن سبهاݢين دري  مليهة اوسها دمکين باڽقله فرادوان٢ مڽاڽي يڠ سريڠکالبي مارفن کيت ترتومفه کفد دادکن اوله فرکمفولن٢ يڠ فيهق فڠاومها٢ فيلم تمفاتن مناروه فرهاتين ترهادف سي اݢر ميکرکن سوأل٢ فڠݢمبارن سوارا اتو فون مڠݢمبرکن فيلم٢ بريتا اتو فيلم٢ فنديق موات ڽاڽين دالم لاکونن وايڠ سوأل٢ مڠنأي ڠساون دان لاين٢ لاݢي. جك تراو تام کسڠݢوهن دالم اوسها اين کبودا يأن. فيام٢ سروف اين، جك دعملکن اوله فڠلوار٢ فيلم دسلڠݢاراکن دڠن بايک دان تمفاتن“ مک جاس مريک دالم سقسام دالم مڠݢمبرکن اتو ممفرکمبڠکن دان ممليهارا,film,op_ed,
219,UM-1956-10-03-5,123535,1799.0,4144.0,2544.0,4144.0,2544.0,6868.0,1799.0,6868.0,"منو بها کين سلاتن سو کڠ مجلس فلاجر ان ملايو امنو بهاݢيڽ سلاتن اکن رسميکن فنوبهنڽ فد7 اقتوبر ين هاري احد جم 930 اݢي دنيوستار سينيما، فاسير فنجڠ  اتو 5 ستڠه منورة أ. احمد رحمة، ستيأومه ڠلولا امنو بهاݢين ترمبوة، امفة لس چواڠن ترماسوق چواڠن وم ايبو فولو براني اداله رݢابوڠ دالم بهاݢين ترسبوة. تيݢ اوسول دري جواتنکواس ڠلولا اکن دبنتڠکن دالم شوارة ترسبوق ساله ساتو کفو تس ايت اياله ننتوة ,کمنترين فلاجران فمرنته چمفوران فرايکاتن - ليبرفرانة نريما رنچاڠن فلاجران مجلس لاجران ملايو سيڠافورا دڠن ݢرا“ ساتو تايڠن وايڠ ݢمبر اکن فرتنجوقکن ستله مشوارة ايت هل٢ امنو يڠ مڠحاضري شوارة ايت هندقله مماکي ببج",film,live_event,Pasir Panjang
220,UM-1956-10-04-8,124070,3897.0,3944.0,4634.0,3944.0,4634.0,6161.0,3897.0,6161.0,"دوا بينتڠ فيلم دفينڠ فستا دالم دوا بينتڠ فيلم ماي فيام رودقشن اکن مڠمبيل بهاݢين الم فرتنجوڤئن فيستا يڠ اکن دادکن دفولو فيڠ دري 5 هڠݢ 9 اقتوبر اين. مريکئيت اياله نورماديه ان ايه. رحيم. مريك اکن رلفس دري سيڠانورا دڠن کعلتربڠ فد فاݢي سبت اين دان الم فنتس ترسبوة مريك اکن ننجوقکن برجنيس٢ تارين رماسوق تارين ,روق عند رول، بو دان ملايو. دانتارا فرتنجوقين٢ يڠ کن دادکن دالم فيستا ايت اياله ضره، وايڠ کولية، ݢمبوس نچق ميلةک ونچوڠ برريا سندوارا، سيفق رأݢ، تارين ورڠ٢ دارة دان امتعادق",puppetry,live_event,Solo
221,UM-1956-10-06-1,124515,2563.0,7921.0,2975.0,7921.0,2975.0,8017.0,2563.0,8017.0,وايڠ کواية,stage_performance,other,
222,UM-1956-10-06-5,124813,4141.0,1231.0,4883.0,1231.0,4883.0,4294.0,4141.0,4294.0,"فرادوان شراحن فننتو ٢5 ساتو فرادوان شراحن اکن ادکن اوله فرساتوان فرسوراتن مودا فمودي ملايو سيڠافور ربوک کفد سکوله٢ ملايو، اݢام ان اڠݢريس سلوره سيڠافور د جم 2 فتڠ7 اقتوبر اين ريفلس اينستيتيوشن. دجڠک دوا فوله بواه سکوله کن سڠمبيل بهاݢين. انتوق مريد٢ هاݢين تيڠݢي اجوق٢ شراحن ايت دا نتاراڽ ياله .چارا٢ دافة کيت مناهن رونتوهن مورال دکالڠن ننتوة٢“ فرتنجوقئن چابول داله ممبري ساتو بهيا بسر باݢي عية“ رددالم سسبواه نݢارا، قوم وروهله يڠ ممݢڠ فرانن، چارا٢ نݢارا ديموقراسي يڠ باي کهندقکي“ ..کدودقئن ريد٢ بوکن ترحد دبڠکو سکوله اج“ ,سفندي٢ توفي ملومفة خرڽ جاتوه کتانه جوݢ، رمشارکة ملا يوهاري اين“ .اسلام الم زمان مودرن“ ,فاتوتکه وم وانيتا برفوليتيک"" ""تمفة انيتاخاصڽ ددافور“ ""وايڠ ݢمبر باݢي فلاجران کفد مشارکة“ ان تاجوق٢ لاين فول انتوق",film,live_event,Singapore
223,UM-1956-10-06-5,124819,4926.0,1812.0,5664.0,1812.0,5664.0,3189.0,4926.0,3189.0,"فرتئجوقئن فيام امنو جباتن کأواڠن امنو چواڠن کبون اوبي اکن مڠادکن رتنجوقين وايڠݢمبرفد15اقتوبر فڠݢوڠ سنترال ثياتر فد جم 6.3 فتڠ دان 9.15، مالم باݢي وڠة درما انتوق رومه چواڠنڽ تيکية٢ برهرݢ 100ڽ دان 56 سين بوله دافه دبلي دري کارڠ دعلامة نمبر 75 - 96? کبون اوبي دان دعلامة نمبر - 495 کبون اومي. ݢمبر ڠ دتنجوقکن اياله دالبيلا""",film,live_event,
224,UM-1956-10-06-6,124860,1753.0,685.0,2493.0,685.0,2493.0,2264.0,1753.0,2264.0,ڠݢو ڠوايڠ باررو کوت بهارو 5 اقتوبر - بواه فڠݢوڠ وايڠ ݢمبر يڠ رهرݢ لبه 380000 يڠ بارو ديريکن دوقف سيکو رهمفيران دڠن تامن) بياريز فارك دسيني، تله دبوک اوله لطان کلنتن فد فتڠ ثلاث يڠ لالو مجلس تاري مناري دان اکن مالم تله دادکن دسبله مالم فتوق 500 اورڠ جمفوتن لخاص فڠݢوڠ ترعبوة دديريک اوله وان دان ڽوڽا تاچياففن، دان اتوء سري نارا دراج، کوت,film,live_event,Kota Baharu
225,UM-1956-10-08-7,125666,4225.0,5311.0,4751.0,5311.0,4751.0,5410.0,4225.0,5410.0,رتنجوقين وايڠ ݢمبر.,film,other,
226,UM-1956-10-09-5,126042,4029.0,1832.0,4757.0,1832.0,4757.0,3610.0,4029.0,3610.0,کسيڠا فورا تڠݢو کفن? يڠکو کتو تڠکو عبدالرحمن، نتري فرسکتوان دجڠك اکن ورة حاضر، دائم اوفچار مبوکأن رسمي امنو بهاݢير ارة سيڠافورا ڤد هاري احد. فر ن. منورة. توأن سيد احمد جمال الليل، ستيأوسها امنو يڠاڤورا اوفچارا ترمبوة اکن ادکن دالم فڠݢوڠ وايڠ ݢمبر تامن هيبوران دباتو7 بوکية يمه رود - دفن بوکية تڽمم فوليس ستيشين. فݢاوي٢ فوسة امنو ملايا يڠ بله داو ندڠ دالم اونچار اترمبوة,film,live_event,Singapura
227,UM-1956-10-10-5,126460,1809.0,3286.0,2550.0,3286.0,2550.0,6136.0,1809.0,6136.0,مشوارة ايت دحاضري اوله وکيل٢ دري 11 بواء کساتوان تافي سبواه کساتوان يڠ دکتوأي وله عيم. ايه. مجيد، اڠݢن فنوبهن کساتوان نندا تاڠني کيڠسأن بارو ايت. قوان جيه ايف. سواريس تيأوسها اݢوڠ کساتوان بورو. ينترناشيونل داسيا تله جوݢ حاضر دالم فزجمفأن ايت. بليو تله منرڠکن فأيد. کساتوان٢ ايت دساتوکن دالم بواه کسانوان کبڠسأن انتوق مميلا کفنتيڠن قوم فلايران سلورهڽ. منو بهکن فرستوجوان  کسانوان کبڠسأن ايت اکن کموکاکن کفد منتري فرداݢڠن يڠافورا، توان جيه. عيم جومهابوي دان فرتوبهن توان٢ وڽ کفل دسيڠافورا.   ميڠݢو کبجيک کوت بهارو 9اقنو برحرجباتن کبجيکن مشارکة فاسير فوتيه اکن ڠادکن ميڠݢو کبجيکن انتوق وڠة درما مولاءي 18 هڠݢ 21 ٢ فرتنجوقين قنو بر اين. بر باݢي فرت وايڠ ݢمبر، کسنيان ملايو صلي دان لاين٢ اکن دادکن,film,live_event,Kota Bahru
228,UM-1956-10-11-1,126635,262.0,5331.0,1819.0,5331.0,1819.0,8606.0,262.0,8606.0,"ڤوايڠ  بريله ڤمر يداوڠ کأموم.. وڠ 9اشئرريببيرکبباني کومڤاوڽڽ افبيل کامو منمبه مکانن هارين کامو ايت دڠن .واتر بيري س کومفأوند"" يڠ لذة اين کامو اکن دافتي بڠ کامو منمبهکن کقواتن دان ددالم ماس يڠ سيڠکة مکالي يڠ تأ ترفيکر اوله کامو کاي ددالم مندافتکن باهن کقواتن، .واتر بيري کومفأون د. نمبهکن تناݢ باݢي بدان کامو، منولڠ مناهن کامو درفد براس فنة اتوق دان ملسما. تونيق کصيحاتن يڠ تربايك باݢي اورڠ٢ مودا دان توا ومربيبريياڤس 2  2  جهوڠ  کومئاوڠڽ   ٢٢50 2     خاک کهيمات کاسو ک ي  1.   C02 5ي  ٢A45 545.LT0 5ETڽS As: 3 LPs.Ts9s3 .ڠSOLO. E ي٢ 23.د",other_or_undetermined,other,
229,UM-1956-10-13-7,127844,4036.0,6579.0,4768.0,6579.0,4768.0,8647.0,4036.0,8647.0,"(19.80 - 2549 - 133.9 ميتر) 12 تڠهاري لمبارن وانيتا.  فرخبراڽ، 1.10 ڽاڽين٢، 1.30 وڽين٢، 2 فرخبران، 210 لڠݢم سيڠافورا، 2.30 لاݢو٢ بارة“ 243 مڠݢ 3 فرخبران دان ريحة. (49.63 -762 ميتر) جم5 فتڠ اورکيسة جاز سيمفوتي4 5.30 بوڠا رمفي ”لي ومڤاين نوسنتارا، 6.18 تينجاون جارا سيار، 615 سورة دري رتو بهن بڠسا٢ برساتو4 (49.65 - -133,9 ميتر) چم6.36 فتڠ ورکيسة هاواينو7 فرخبران، 7.10 ڠکاسن اخباو، 7.20 ڽاڽين٢ 2.38 فنچراݢم ڤاسوقکن فوليس فݢارا ڠ فرخڽرأن، 205 سيارن فمرنته، 2.30 يبو کوت ماري ايڽ، 8.40 سفيا نادا 4 ريفورتيس، ڽ1. وايڠ ݢوليق، 10 وي 101 هڠݢ 11 سمبوڠن ايڠ ݢوئيق دان تمت ايسوق (0ڠ.19 - 4363 _ 133.9 جم 7ڤاݢي فرخبران، 2.10 مس دا تڠ، 7.30 اورکيسة ميڠݢو لايو يوکمة سيݢو نتڠ 8 فرخبران 16 8 ميڠݢو کمبيرا، 9 فرخبران، 9.10 اݢو٢ سناسر“ 9.30 چويتا، 40 د",puppetry,media_content,
230,UM-1956-10-14-3,128050,3281.0,2609.0,4773.0,2609.0,4773.0,5129.0,3281.0,5129.0,"ان جوݢ ايبو باف مريك. افکه سݢل يڠ دلاهيرکن ايت سفرت سلالوڽ، فد تيف٢ اداله ايسي فيکران سورڠ رادوان يڠ دادکن سريڠ کالي کانق?? ولو بݢيمانفون، فد يمبول موک٢ بارو. دالم مجلس زيتون ميمڠ اد باکة فنشرح يڠ راحن اين تيمبول ببراف ساڠة بايک دسو بورکن تروس! وك بارو يڠ ممبري هارفن. جوارا کدوا دان کتيݢ ري بهاݢين سکوله رنده کيت بهاݢين وفده اين ماسيڠ٢ تله موءي موک بارو سفرت زيتون دمناڠي اوله يحيى ابراهيم دان ڠمان دان يحيى ابراهيم منکل فيزان محياف. مريک بردوا اين ري بهاݢين تيڠݢيڽ فول کيت اواله فنشرح يڠ بايك جوݢ موءي روݢايه رشيد دان هاڤيم دالم بهاݢين تيڠݢيڽ فول عتماڽ. سيتي الفياه بواڠ (ڤرنه مڠمبيل فرادوان دالم بهاݢين راقده بهاݢين دتاهون يڠ موده٢) تله ڠݢوه مناريق هاتي. فارا کلوار سباݢي جوارا فرتام حاضرين تورة ترهارو مليهتکن سيتي الفياه تله برڠرح اتس تق٢ کچيل ايت برشرح دڠن تاجوق ""وايڠ ݢمبر سباݢي الف ايکڽ. بارڠکالي يڠ قاليڠ فنديديقين“ فنشرح اين، راس ناريق فرهاتين اياله فنشرح ساي، تيدق فايهله دفرکنلکن چيل زيتون عئمان. زيتون لاݢي. اي ميمڠ فنشوح يڠ رشرح اتس تاجوق دماس بايک. دڠن مبريکن ببراف يت مسي چونتوه يڠ ريڠن٢“ اي تلم کننچارنڽ ملفظکن ايسي برجاي ممبوقتيکن بهوا ,فيلم اداله راحنڽ تيدقله دافة دسڠکل. الة فنديديقين يڠ بايک“ چاراڽ",film,live_event,
231,UM-1956-10-16-2,128982,5592.0,637.0,6354.0,637.0,6354.0,3244.0,5592.0,3244.0,سميوڠن دري موک 1 ڠاکو بهوا مينه بنت حاج تن اد برسام٢ دڠئڽ. کتاڽ لاݢي فد فاݢي 23 مرچ يت دي تله ممنتا حسن مڠݢاديکن سأوتس رنتي دايفوه رود دڠن مرݢ 10? دي کمدين ممباوا قيݢ اورڠ فنومفڠ کسرمبن دمان دي تله مڠݢاديکن ساتو لوکية فس دڠن هرݢ 950 حسن دالم کتراڠنڽ٢ فول مڠتاکن بهوا دي تله کهوين دان مفوڽأي تيݢ اورڠ انق. دي تيدق تأو منأو تنتڠ فمبو تهن ايت حسن مناقيکن بهوا دي، علي دان دوا اورڠ ملايو لاين محمد ڤور دان عبدالعزيز تله مرنچڤکن هندق مڽامون فوتيه فد21مرچ ايت دي منرڠکن لاݢي بهوا ڤد الم. ترسبوة دي تله فرݢي منونئون وايڠ ݢمبر دفڠݢوڠ اوديون دڠن اديقڽ، دان کمدين برجمفا دڠن علي کيرا٢ جم 15 هالم دلوار فڠݢوڠ اوديون کتيک دي سدڠ منوڠݢو بس. علي تله ممباواڽ باليک دڠن کريتاڽ.,film,other,
232,UM-1956-10-17-5,129616,4109.0,6946.0,4849.0,6946.0,4849.0,8558.0,4109.0,8558.0,کڽتأنڽ اداله عفرت برايکوة: ساي تيدق منچوب مناهن چيء خد يجه صديق منروسکن اوچافنڽ باي تاهن بليو برچاکف مڠنأي وأل٢ ديريڽ سنديري فڠݢوڠ وايڠ تمفة مشوارة يت دفينجمکن سمفي جم فتڠ ساج سدڠکن باڽق چداڠن٢ ندق دبحئکن. چيء خديجه منتا برچاکف بوکنله مڠأي يريڽ سنديري ملينکن انتوق بري سماڠة کفد بهاݢين يڠ بارو تو بهکن ايت. حال بليو دڠن قوم ايبو منو جوهر بهارو اداله سوأل ريک سام سنديري دان بوکن,other_or_undetermined,other,
233,UM-1956-10-23-5,131820,4187.0,6376.0,4912.0,6376.0,4912.0,6484.0,4187.0,6484.0,ڠݢوڠ وايڠ کيڠس، دتيوڠ يارو,other_or_undetermined,other,
234,UM-1956-10-23-8,132014,118.0,3359.0,1612.0,3359.0,1612.0,6713.0,118.0,6713.0,"- هاررف محلوم! - ڠݢوڠ اين تله دفرلڠکفکن دڠن ارکاکس٢ سوارا يڠ فاليڠ بارو نجاديکن اي ساتو٢ڽ فڠݢرڠ وايڠ يڠ فاليڠ مودرن دسيڠافورا ڠ Ca ٢9 ٢9     دتروسکن تايڠنڽ دڠن سݢل کݢميلاڠن! 3 فرتنجوقئن هاري٢ جم 2.30 - 6,00 - 9,15 مالم  سݢل٢ڽ يڠ مڠݢمبيراکن 1٥ سݢل٢ڽ يڠ مڽوکاکن هاتي سمواڽ تردافة ددالم فيلم يڠ اݢوڠ اين THSTTT لاکوئن ذيلميف کومر ديب انند بينارأي ه دان بروق يڠ ساڠة بيجق دان لو چو. رتوکاران اکنداتڠ! قصه راج يڠ منچتأي فرمفوان بهودي! هيبة دان ساڠة مڠهاروکن فراسأن ٢O-8T9  فيلم هندوستاني""لاکونن ايناݢوها نميس سوم  دالجيت!",film,live_event,Singapore
235,UM-1956-10-25-6,132815,2941.0,362.0,3669.0,362.0,3669.0,523.0,2941.0,523.0,وفووايڠ,other_or_undetermined,other,
236,UM-1956-10-25-8,132889,3980.0,4907.0,4716.0,4907.0,4716.0,5800.0,3980.0,5800.0,اقماش ايت دادکن انتوق مڠوتيف درماامنو چواڠن ترمبوة فرتنجوقين وايڠ ݢمبرفرايکاتن جوݢية دان لاين٢ فرماينن اکن ادکن ملاين درفد جوالن ارڠ٢ فراوسهأن٢ دان مکانن٢. فݢاوي٢ تيڠݢي امنو ملاي رماسوق تڠکو عبدالرحمن، توا منتري فرسکتوان، اکن,film,live_event,
237,UM-1956-10-26-3,133049,4080.0,1373.0,4831.0,1373.0,4831.0,4742.0,4080.0,4742.0,"کاکيتاڠن يڠ تله برسارا تله بيدس هيبة دالم مجلس مشوارة ݢري سمالم. اهل٢ فرأيکاتن له مڽوکڠ اوسول ايت يڠ کموکاکن اوله توان جال انيقشا، اهل يڠ دلنتيق. توان مانيقشا منرڠکن بهو مفة درفد لبه 90 اورڠ کاکيتاڠن ڠ تله برسارا ايت مدڠ مڽندڠ جواتن٢ يڠ کانن دالم فرتدبيران کراجأن فيرق. 387,000ة ترڤقس کلوارکن اوله کراجأن انتوق ݢاجي مريک، کتاڽ. ,تيدقکه کراجأن دان اورڠ٢ ڠ برسارا ايت انصاف بهو ريک دڠن سڠاج برسفاکة مناهن کنايککن فڠکة اورڠ٢ يڠ سدڠ سمبوڠنڽ دموك 8) سهبوتن مولل تأ کورڠ دري 800 اورڠ له مندڠر شراحن مولد دان بچأن رأن يڠ دادکن دمدرسه کوت ارڠ سموة، قدح، فد مالم 17 قتوبر يڠ لالو.  دفڠرڠ، جوهر، لبه 1.000 ورڠ ترماسوق مريد٢ سکوله له برارق مڽمبوة مولد بارو٢ ن. دمسجد جامع تله دادکن رادوان ممباچ قرأن، هراحن مولد ان جاموان ناسي ميڽق. سبله المڽ فرتنجوقئن وايڠ ݢمبر",film,live_event,Johor
238,UM-1956-10-27-1,133340,4190.0,6788.0,5672.0,6788.0,5672.0,8304.0,4190.0,8304.0,"د کدو!٢ هاري ايت اياله 11 بورد تله ملنچرکن موݢوء ورڠ - لامن سمالم. جمله سيمفاتيي دان موݢوء اين مونکين ورڠ بڠ چدرا 99 - 70 سمالم. دتروسکن هاري اين وا فوله درفداڽ مندافة لوك دباوه اين اياله کجاد بن٢ کنا تيمبق دان تله دراوة ڠ بله برلاکو دري جم 6.30 هوسفيتل هاري اين. تڠ هڠݢ 12 تڠهمالم مڠيکوة جمله کندرأن٢ يڠ کنا باکر سيارن٢ رسمي کراجأن:- ياله کيرا٢ 30 ترماسوق دوا 6.37: فولسد رڠ اوله فروسه٢ وري فترا. دسيمفڠ کالڠ] وددان بوݢيس دالم ساتو فرسيداڠن اخبار سترية. فوليس ترفقسامنيمبق. ڠهمالم تا ي، توان جي جي. 714. ساتو فرݢاتوهن تله برلاکو دلوار فڠکوڠ وايڠ ݢمبر , سسن سيأو هاڠجا ةفره بڠن ي سيڠافورا، مڽتاکن بهوا فيو سيي چاڠي رو. کرجمام دانتارا فوليس دڠن 7.15: اورڠرامي دلوار ترا تله برجالن دڠن بايک دان فڠݢوڠ تاج  ݢيلڠ سراي هرڠ",film,live_event,Singapura
239,UM-1956-10-27-3,133485,2642.0,3501.0,3368.0,3501.0,3368.0,5773.0,2642.0,5773.0,رايوان ررعية رهادف فقݢوڠ وايڠ کوالا ترڠݢا نو 26 اقتوبر- تدودق٢ دأيره سبرڠ تاکير کوالا ترڠݢائو، بارو٢ اين تله نوليس سفوچق سورة رايوان کفد وکل مريک ددالم لوکل أونسل سبرڠ تاکير، أ محمد چييݢو بن جوسوه سفاي ممباو رکارا فڠݢوڠ وايڠ ݢمبر دأيرم يت. ڠݢوڠ ترمبوة دديريکڽ کيرا٢ دوا تاهون دولو دأتس کس تانه فرقبوران دسيتو سورة رايوان ايت منرڠکن هوا اداڽ ڤڠݢوڠ وايڠ ݢمبر دأيره ايت تيدقله مڽنڠکن هاتي عمة  محمد چييݢو بن جوسوم تاکن کڤد اوتوسن ملايو بهو ورة رايوان ايت اکن دسمڤيکن وليهڽ کفد سيدڠ لوکل کأو نسل,film,other,
240,UM-1956-10-27-3,133496,4165.0,2233.0,4917.0,2233.0,4917.0,4280.0,4165.0,4280.0,ججاهن ليفيس تله برستوجو ئتوق منجالنکن فنجوالن بوڠ وفي، مڠادکن فن فير دان مجلس ارين کران ممفرايڠاتي هاري ردامين فد 11 نوبمبر اين. سموا حاصيلڽ اکن دبري2کفن رما فوفي. دالم مشوارة. ايت، يڠ مڠروسيکن اوله فݢاوي ججاهن يفيس، أ عبدالرحمن بن محمد انح، تله دفوتسکن بهوا فن فير ت اکن دادکن دکنتين هوم ݢارد فد. 3 نوبمبر سمنتارا رتجوقئن وايڠ کمبر أݢن ادکن دڤارادأڽس سينيما هول فد نوبمبر دان دواه لين سينيم ول، جرنتوة فد 5 فوبمبر فرݢ تيکية باݢي مجلس مناري يت يڠ اکن دادکن دفهڠ کاب سيني، اياله 5? باݢي مفاسڠ دان,film,live_event,
241,UM-1956-10-27-7,133669,2499.0,7069.0,3221.0,7069.0,3221.0,8471.0,2499.0,8471.0,"- 153,9 ميتر) چم 6.30 ڤتئ ورکيسة هاواين رامي ديندڠ, رخبران، 7.10 رڠکاسن اخبار، 80 اݢو٢ باتق? 7.30 اورکيسة ريچار جوڽ دان ريکردو? 8 فرخبران، 05. سيارڽ فمرنته، 8.30 ايو کوت ماري ي 8.40 سفتا نادا، 9 ريفورتيس . وايڠ کولية، 10 فرخبران، 1015 مڠݢ 11 سمبوڠ وايڠ کولية دا ايسوق (1980 - 4965 - 33.9 چم 7 فاݢي فرخبران، 10. يتي) 7.30 اورکيسة يڠݢو دا تڠ، وسفاکنچان،8 فرخبران، 816 بينيکا وڠݢل ايکا، 40.ڠ لاݢو مارس، 9 رخبران، 2.10 اورکيسة هاواين موارا موڠاري. 9.30 چريتا، 9.40 نتي سيبولݢا، 10 سني سواتدا",puppetry,media_content,
242,UM-1956-10-29-6,134411,2516.0,6255.0,3250.0,6255.0,3250.0,7593.0,2516.0,7593.0,الم تݢمبيرا امئو رمبو رمبو 28 اقتوبر - امنو هاݢين رمبو، نݢري سمبيڤن کن مڠادکن مالم ݢمبيرا دالم کاواسن رومه امنو. بهاݢين سيني سلما 10 هاري يأيت ولاءي دري 1هڠݢ 10 بوڤمبو فن، ݢوان مڠوتيڤ درما امنو. برياݢي٢ جنيس فرتنجوقئن رأدوان ڽاڽي“ فکاين براݢم رتنجوقئن وايڠ ݢمبر، بوڠ أن لاين٢ سرت تامن سلير نجوال برباݢي٢ جنيس کوءيه,film,live_event,Rembu
243,UM-1956-11-01-3,135586,1823.0,3930.0,2564.0,3930.0,2564.0,4829.0,1823.0,4829.0,اقتوبر ايفوه 31 جواتنکواس درما بوڠا فوفي تيݢ فيرق اکن مڠادکن وفچارا باݢي مموڠة درما. فرلاوائن ماهجوڠ دکلب ومبا کودا فيرق فد 31 اقتو بر برتنجوقئن وايڠ ݢمبر دفڠݢوڠ يکس دسيئي فد مالم 6 نوبمبر ان دتسيڠ دسيلسسيا کبارية فد 9,film,live_event,
244,UM-1956-11-01-7,135767,4108.0,1131.0,4856.0,1131.0,4856.0,4887.0,4108.0,4887.0,"سهبوتن مو لل لبه کورڠ 1,000 اورڠ تله رارق کران مڽمبوة مولد دسوڠي ينڠ کچيل، فڠکور. چوا تنکواس رايأن هولد مڠوچفکن ريبوان ريمکاسيه کفد فارا حاضرين يڠ ندرما انتوق مموليقکن قوله سجد سوڠي فينڠ کچيل. ساتو سمبوتن مولد تله دادکن کمفوڠ باتو 33 جالن جوهر - ونتيان فد 16 اقتوبر يڠن لالو حاضري جوݢ اوله مريد٢ هل٢ هوم ݢارد دان فمودا٢ هنو. شراحن٢ دان بچأن قرأن مله دادکن. فد هاري ايت جوݢ فݢاوي أيره فورنتيأن تله ممبوك سچارا سمي ساتو جاأن بارو دکمفوڠ يت يڠ فمبينأنڽ دبواة اوله يدا، دان ڤد مالمڽ. دادکن رتنجوقئن وايڠ ݢمبر فيجابة رهوبڠڽ راي. هاري ايبو باڤ جوݢ تله دادکن دکمفوڠ ايت    دهدرسةالاسلاميه کنچوڠ ايق٢ برفم،ڽ مولد قله دسمبوة چاراسدرهان دڠن مڠادکن چأن قرأن، برزفجي، شراحن ان سلفس ايت برلاݢو نشيد.   به 300 اورڠ تله مڽمبوة ولد دمسجد جامع باتو فوتيه قيم امفة، باتو فية دڠن مڠادکين راحن٢ فد 18 اقتوبر. سبله اݢيڽ فرارقئن بوڠا تلور تله ادکن اوله فمودا٢ کمفوڠ ايت",film,live_event,
245,UM-1956-11-08-4,138614,3204.0,3456.0,4683.0,3456.0,4683.0,7447.0,3204.0,7447.0, ساي ساڠة تيدق فواسهاتي جماعه مشوارة بندارن دوڠون - ترڠݢانو، تله ممبواة دأتس اهل٢ يڠ بوکن رسمي کفوتسن ملولسکن سکفيڠ تانه ايت يڠ مڠاڠݢيه٢ ساج حريم بڠ دتيمبون سمفه٢ اتتوق دڠن تيدق برفيکر لبه جاوم کݢو نأن فڠݢوڠ وايڠ ݢمبر. دأس کبوروقين٢ يڠ اکن برلاکو دان دڠن تيدق مندڠ جک دفيکر دڠن سکالي کمليأن مسجد دسيتو. لاتو، تنتوله کفوتسن ايت ساڠة دوڠون مبواء ججاهن يڠ يجق کران دڠن اداڽ فڠݢوڠ ماسيه لافڠ بوميڽ دان مايه بوله دأ س تانه يڠ لمبه ايت مک داتور کدودقئڽ بندرڽ. سلاين ير فامڠ بڠ سريڠ ملمفاهي درفد تمفة يڠ دچادڠکن ايت کاواسن ايت اکن دافة دأتسي. ماسيه باڽق لاݢي تمفة يڠ لبه مناسبه. افق دوڠون. باليکڽ کالو دتيليق دڠن تبه جاوه لاݢي، اکن دافة کيت بايڠکن ݢڠݢوان٢ يڠ مونکيتن فهينداهن قبو ر٢ کلق تربية دري فڠݢوڠ ايت، دمأونبيتڽ رود کران برهمڤيرانڽ ترديري فجابة فݢاوي دأيره دان سبوام اي مڽوکڠ توليسن مسجد بسر. فنچيته کبنارن“ درواڠن اين ڠݢل 1 نوبمبر يڠ لالو کالو فڠݢوڠ ايت کلق رکنأن دڠن قبور اورڠ اسلام مڠادکن تايڠن سياڠ هاري سوده دمأو نبيتن رود يڠ هندق قنتو هيڠر بيڠر مواراڽ اکن دفيندهلکن ايت. ڠݢڠݢوءي فݢاوي٢ يڠ سدڠ ساي برهارف کفد فيهق تکرج دان حاکيم يڠ مدڠ يڠ برکنأن اݢام اسلام دسيڠافور بربچارا دان امام٢ يڠ صدڠ دان مجلس فنصيحة اسلام مڠاجر استميوا فول دوقت مغرب صفاي مڠمبيل فرتيمباڠن يڠ کران اينله مساڽ کبيامأن فڠݢوڠ هالوس دان چرمة وايڠ ݢمبر ممامڠ ريکوردڽ دڠن صورة تندا ايذين اتو باريڠ. کبنارن انتوق منجاديکن تمفة فاتوة جوݢ دسبوتکن ايت فرقبوران فرلوله دڤراوله تتافي کالو کيراڽ سورة ايت دسيني بواة فڠتهوان عموم يأيت اهل٢ جماعه مشوارة بندارن تيدق اد اتو سوده هيلڠ، مک وڠون ايت سمواڽ دلنتيق بيلاڠن قبور٢ دسيتو سودم,film,op_ed,
246,UM-1956-11-09-3,138988,237.0,4455.0,3369.0,4455.0,3369.0,8649.0,237.0,8649.0,"کاڠ اڠن بڠسݢ دان وايڠ! ڤببداءن دانتناراجباين داڽ ݢاݢل کقوانن"" ها يه يڠ تکون داڽ ستا اد اله برݢنتوڠ کفد مکا بن يڠ مڤمند وڠي 2ا5يڠ چوکف باکي ميهبولکن کهحان ه مکان٢ يڠ مڠتد وئي بايڤ داة بيتاميت داڽ نمق٢يڠ مممحق تييو ڤ برارن دافت دبݢي هاڽ دڠن عرک يڠ مهل سسهاج . سبا نيکڽ ما رجرين فلمسا اداله ساڠمت موس5 هرخاڽ تت في مڠمند وڠي باڽق ذا٢3 بيتمين دانڽ لمق٢ د رفد سا يوره يدق فأيه دماسق اتسباݢينيڠ سمسات٢ مڽوسهکن سمهأڠ ه. کفوانن ..سممڠ دبري مأکن کفدسهوا اورڠ دالم کلوارݢ دان تاݢ سمکا د ڤراوله.. فبيل سمهݢج مريك برا س لا فردان مأموبراس سسمݢ! مان سماڤوکن سهاج سمدنيکيت ک2سن روني اتبيسکوت . سمأفوکن ما رجرين فلنت کفد روني اڤو بتمکوت انتق مکانڽ سموا مي٢ فوان٢ وقت همندق فرݢي بکرج، انوق انق٢ قواڽ"" سلوم فکيکممبکويه دانفها تيله ف بيذ اأنتا فره دڠين تأک دات کصحاتن . . . "" سنڠ دفݢونأکن""ݢڽ مورره دانفو5 دڠن ذاق٢ بيتا مين، مارجرين فلنت بوله د سميسقت دڠن تيد قڤا يه مڤکونأکن فتي سجوق. فلمنت ايله مککانتڽ حلال باتي سسوا اکما . ماوݢرييڽ  مياڤوک کصحانن داڽ کڤواق منورڠجيارا فلنن 505 ساي 491.322",other_or_undetermined,other,
247,UM-1956-11-09-3,138994,4201.0,6438.0,4933.0,6438.0,4933.0,8536.0,4201.0,8536.0,"ليفيس 8 نوبمبر - کوالا سحدون زوبير، منتري کرج راي فرسکتوان، ممبر يتأو وکيل٢ دالم مجلس مشوارة امنو فهڠ سلاتن بهواݢاجي٢ بڠ دتريمأ اوله منتري٢ فرايکأتن سکارڠ اداله دݢو ناکن انتوق فأيده رعية جوݢ. يو تيدق ممبريکن هنجلاسن يڠ لنجوة لبو برکات لاݢي: ,ساي فرنه مندافة 300 سهاري کتيک ساي بکرج سنديري سبلوم مݢڠ جواتن منتري اين“. .معدون منرڠکن کفد عشوارة يت يڠ دادکن دفڠݢوڠ وايڠ ݢمبرقمرلوه کلمارين هوا تيف٢ کمنتربن کراجأن فريکاتن تله فون مڽيفکن رنچاڠنڽ٢ اتتوق",film,other,
248,UM-1956-11-09-4,139080,3239.0,3646.0,4726.0,3646.0,4726.0,6969.0,3239.0,6969.0,هاس کيت. فد فندافة ساي کيت واهي وکيل٢ کامي فاتوتڽ سوده بوله بربڠݢادڠن و ئيݢکنله جنجي وتوسن ملايو، کالو تيدق فون ران کچرݢاسنڽ مڽيأرکن سديکية ماس دولو، ساي ريتا، سکورڠڽ٢ کيت سوده اقله ممباچ اخبار اوتوسن ملايو د سبواء سورتخبر ملايو يڠ بوله برکنأن فندودق٢ کمفوڠ تافه هارڤتروس ماجو کالو کيت دان باتڠ فادڠ تله ممبواة رايوان رسام٢ هڽوکڠڽ -احمد، باتوفهة. منروسي وکيلڽ توان عبدالحميد خان، اهل مجلس مشوارة ونداڠن فيدرال دان جوݢ کفد نهکاسيه! تر اهل مجلس مشوارة نݢري سفاي تلة فيلية کتو کراجأن ممبواتکن هريک کامي فندودق سوڠي رامل، جالن يڠ هاڽ سجاوم اجڠ، مڠوچفکن برباڽق٢ دوا باتو ساج. تتافي نمفقڽ ريمکاسيه کفد داتوء اڠکو دان سکارڠ رايوان تيڠݢل رايوان اتوء فڤهولو راج ادريس ساج، دان تيدق اد فون کابر٢ کران تله برسوسه فايه مڠادکن يڠ مڠتاکن کراجأن هندق ممبينا يليهن راي انئوق مميليه کتوا جالن راي دسيتوه دان کوميتي کمفوڠ ترسبوة. کفد وکيل٢ ترسبوة، کامي کفوتسن اوندين اياله أ برهارف ساڠة سفاي دافة کيراڽ عمر تله دفيليه منجادي کتوا مڠمبيل برة تنتڠ رايوان ان أ. سوباري منجادي اهل فندودق٢ کمفوڠ ايت دان عواتنکواسڽ. کامي برهارف تونيکنله جنجي توان٢ دولو نوايڠ بارو دفيليه اين، داڤتله سفاي کسوليتن٢ يڠ دهادفي ندقڽ منجالنکن توݢس٢ اوله رعية دافة دهيندرکن- نتوق کماجوان دان کبجيکن فڠوندي باتڠ فادڠ. کمفوڠ- ترونا ديسا، کمفوڠ  وڠي رامل، کاجڠ. مأو تيليفون دان فوستل ايجينسي مئچاري تيه قمريه کمفوڠ چندريڠ يڠ ترلنق ساي ايڠين مڠتهوي دمان انم باتو دري بندر کوالا,other_or_undetermined,other,
249,UM-1956-11-09-7,139215,4064.0,2074.0,5551.0,2074.0,5551.0,3203.0,4064.0,3203.0,انتوق اهل٢ تيکنيک بلاجر و نايتيد کيڠ دم. سبواه ديوان وايڠ ݢمبر انتوق نايڠکن فيلم٢ برکنأن دڠن کريتا٢ دان الة فرکاکس ينجين٢ دان لاين کماجوان دري شريکة فورد ملايا، تيکنيک ڤورد، عبواه فوسة دبهاݢيکن منروسي فمبهاݢي٢ فرتولڠن چمس انتوق ممبري دسيڠافورا، فرسکتوان، نورث وبة فرچوما کفد فکرج٢ دان ورنيو، بروڤي دان سراوق. بواه کنتي منجوال مکانن دان سلاين دري ايت نصيحة ينومن مڠيکوة هرݢ بياس يکنيک دان بنتوان٢ جوݢ فرکاکس يڠ دݢوناکن انتوق دبريکن منروسي فمبهاݢي٢ اسڠ موتورکار٢’ لوري، بين دبرما، سيلون، ݢوا، اتدياء,film,live_event,سڠاڤورا
250,UM-1956-11-10-7,139621,3393.0,6880.0,4136.0,6880.0,4136.0,8501.0,3393.0,8501.0,"يحة. (49.63 - 76.2 ميتر) چم 5 ڤتڠ اݢو٢ هيبوران. 5.30 اورکيسة لا يو ايراما اݢوڠ،6 رمفاين نوسنتارا. 6.16 تينجاون چارا سيارڽ، 6.15 سورة دري فرتوبهن بڠسا٢ برسا تو? (49.63 - 76.2 - 153,9 ميتر) چم7 مالم فرخبران، 7.10 رڠݢاسن سور تحبر )2.2 اورکيسة بيا، 7.30 ڤسن دري اليک مقام. 8 فرخبران، 8.05 سيارن مرنته، 8.30 ايبو کوت هاري اين 8.4 سفتا نادا، 2 سنديوارا2 10 برخبران، 15 10 هڠݢ 11 وايڠ ݢوليق داڽ دمت يسوق (19.80 - 4965 - 133.9 يتر) جم 7ڤاݢي فرخبراڽ، 7.16 يڠݢو دڤن، 7.30 اورکيسة ملايو کناڠن8 ڤرخبراڽ، 810 ميڠݢوݢمبيرا و ڤرخبران، 9.10 اورکيسة هاواين سارينا. 2.30 چريتا، 19.40 ڽاڽين4. 10",puppetry,media_content,
251,UM-1956-11-16-1,142009,4203.0,6498.0,5577.0,6498.0,5577.0,6620.0,4203.0,6620.0,ݢوران٢ اين دبواة وقت منوده فرتنجوقئن٢ وايڠ ݢمبر,film,other,
252,UM-1956-11-16-1,142022,3441.0,4791.0,5697.0,4791.0,5697.0,5642.0,3441.0,5642.0,سدڠ سدف مليه، فو تس - شيخ احمد کوالا لمفور 15 نوبمبر - لاݢي دوا بواه جباتن کراجأن فرسکتوان - فجابة فنراڠن دان يدا - تله دبيدس دڠن هيبتڽ اوله ببراف اورڠ اهل مجلس مشوارة او نداڠن فيدرال. بيداسن٢ يت تله برلاکو سمالم، وقت فراو نتوقئن واڠ باݢي کدوا٢ فجابة اين د بحئکن ستڠه٢ بنتوان ريدا کفد ايڠ کمبر جبانتفنر ڠن تأسسو اي اورڠ٢ ملايو تله دصفتکن فکاوي٢ فنراڠنڽ تأ تاهو بکر ج سباݢيفرماينن وايڠ ݢمرم,film,op_ed,
253,UM-1956-11-16-1,142025,3469.0,4641.0,6472.0,4641.0,6472.0,4816.0,3469.0,4816.0,ماندان جيتا٢ کمرديکأن کيت بنتو ان ريدا دصفتحمن سباکي، فر ماينن وايڠ کمبر,film,other,
254,UM-1956-11-17-3,142510,3395.0,7139.0,4130.0,7139.0,4130.0,8553.0,3395.0,8553.0,"حمد هاشيم (فرليس) يڠ نصفتکن بنتوان ريدا سباݢي رفرماينن وايڠ ݢمبر“. بݢيمان فون، کات أ. محمد خير“ دوا درفد 35 اورڠ فننتوق يتفون تله مندافة کرج دڠن رتولڠن کرا جأن. مڠنأي ݢاجي فݢاوي٢ ريدا .خير برکات بهوا دالم رڠک لنجاون تاهون لفس فون ݢاجي ݢاوي٢ ايت دتنجوقکن سباݢي ,ڠ٢0 Tساج ست منمبه کات دان دولو توان شيخ احمد يدق فول برتڽاکن سوأل، اين",film,op_ed,
255,UM-1956-11-17-6,142673,4258.0,7389.0,4786.0,7389.0,4786.0,7483.0,4258.0,7483.0,رتنجوقن وايڠ ݢمبر.,film,other,
256,UM-1956-11-18-5,143074,1874.0,7070.0,4898.0,7070.0,4898.0,8528.0,1874.0,8528.0,"فمباچ٢ يڠرمڠيکوتي بريتا اوتوسن ملايو فرنه ممباچ کلاوة دالم. سچارا بسران٢ دڠن بر باݢي٢ سبواه موتور بورة ترکندس دکوالا سديلي. اينله فرماينن لاوة دان دارة تاه دالم تماش ترسبوة مريك دادکن. مالمڽ دادکن فول موتورڽ. کابرڽ منورة فاوڠ، بهوا دي برميمفي دوا ڽمبليه سبلس ايکور کمبيڠ  هنتو فرمفوان برميسي داتڠ دان سکارڠ اين کابرڽ روڠݢيڠ، وايڠ ݢمبر، فنچق هيتم دان کفلا کمبيڠ ايت سيلة دان لاينڽ٢، منکل قوم هنتو ايت سوده فول ممنتا اوفه فرمفوان بو نتيڠ سولوڠ، دݢنتوڠ فد سباتڠ فوکوء باروله موتور اين لفس! يبو امنو تله مڠادکن رفن کمدين براتوس٢ اورڠ اکن ڤي.“ فرݢي ممبواڠ سبواه فراهو ,کفل“ ايت برسرت ايسيڽ٢ ايت، لالو ترجاديله رففراڠن“ اير يڠ د بواة درفد فلفه دهاڽو تکنله کلاوة بسر. ليمفر انتارا مريك هاڽ سايڠڽ تماش اين رومبيا دان دالمڽ دايسيکن جک دادکن دالم وقت ݢلو مبڠ سوده منورة کفرچيأن، بيلا ساج اورڠ٢ يڠ مڠهنتر فاتوڠ٢ (يڠ دفربواة درفد رکفل“ ايت نايک کدازة، مک اورڠ ددارة کاله، کوننڽ بسر، وقت کلورا سوده داتڠ اورڠ٢ يڠ دفنتي ايت فون تاهون ايت ايکن اکن ميواه دان موسيم تڠکوجوه همفير تانه لياة)، تفوڠ برس، فولوة تروس مليمفاري مريک دڠن دان توکيه٢ ايکن برا نيله تيبا، مالهن ببراف کيلوڠ دلاوة کو نيڠ، برتيه، توجه کافور سوده ترچابوة. - ليلا، کوت سيريه، روکوء دأون دان کتوفة٢ دان لفة٢. مک دبالس ممبري هوتڠ سبراف باڽق وجه ايکور ايم فوتيه. لالو اوله اورڠ٢ يڠ نايک کدارة کفد نلاين٢ ايت، دان افبيل تيڠݢي، جوهر.",film,other,
257,UM-1956-11-18-7,143254,1975.0,3712.0,2695.0,3712.0,2695.0,4267.0,1975.0,4267.0,ݢمبر دليݢ ݢاردن ايڠ کوالا لمفور 17 نوبمبر - ايڠن وايڠ ݢمبر فجابة نراڠن اکن دادکن دليک ݢاردن، فد مالم ايسوق جم,film,live_event,Kuala Lumpur
258,UM-1956-11-22-3,144440,304.0,1288.0,1805.0,1288.0,1805.0,2113.0,304.0,2113.0,سوده ترمشڠورسدنيالبهدريي26تأهوڽ وية فيل دون بݢي سکبيا. فيڤکڠ دان بوا6 ڤيڠکڠ نتوق سأکية ڤيڤکنڠ دان ڤيأکيةبرکانيتڽ قن قرجلاين بواڠ ايرݢچيل تيادببتول يوايڠييفيي٢اولة ف,other_or_undetermined,other,
259,UM-1956-11-22-7,144642,2578.0,2106.0,3320.0,2106.0,3320.0,6853.0,2578.0,6853.0,ڤاوسهاکنڽ“ کتاڽ منرڠکن تنتڠ کأو تمأن فراوسهأن تمباکو باݢي فندودق کدوا دايره ايت، اڠکو محسين رکات بهوا کدوا٢ ججاهن يت مڠلوارکن بريبو٢ فيکول مباکو دالم ستاهون دان کيرا٢ فوله ريبو اورڠ برݢنتوڠ کفد فراوسهأن ايت. فرتنجوقئن کسنيان بنتيڠ 21 نوبمبر - ساتو رتنجوقئن ررفيستا،، اکن دادکن سوڠي بواي، مقيم بندر فد مالم 6 دسيمبر دفن کسنيان اورڠ٢ ملايو دان جاوا سفرت فرماينن وايڠ کولية کومفڠ، فنچق سيلة دا بوس دان جوݢية سنديوارا، جيدوران دان اين٢ لاݢي اکن دتنجوقکن سبله سياڠڽ اکن دادکن تماش هاري ايبو باف دفادڠ سکوله لايو سوڠي بواي .فيستا٢“ اين دانجورکن وله فندودق٢ کمفوڠ ترسبوة دي دسوره ملتقکن جواتنڽ دالم سميڠݢو يفوه 21 نوبمبر - عيم. سي يه.کينتا دالم مشوارق تسݢ جوا تنکواسڽ هاري دولو برستوجو مندسق توان يه سيڠ ءيڠ اهل عيم. سي. ايه ڠ برتنديڠ سباݢي چالون بيبس الم فيليهن راي مجلس ندارن ايفوه دان مڠلمبو باݢي کاواسن ݢرين تأون. سفاي لتقکن جواتنڽ دري عيم. سي يه. دالم ماس ساتو ميڠݢو اين کيراڽ دي ماسيه اڠݢن جوݢ مک ساتو تيندڤين ممچتڽ ري عيم. سي. ايه اکن دامبيل توان تيه اکن مننتڠ چالون را يکاتن، دقتور ڽکوق هو تيه,puppetry,live_event,Sungai Buay
260,UM-1956-11-24-7,145465,3380.0,6532.0,4133.0,6532.0,4133.0,8488.0,3380.0,8488.0,"1.30 اورکيسية کزوئچوڠ.عيم. سلݢي 2 فرخبران 2.14 سني سوندا سکر فماليه، که2 هڠݢ 3 فرخبران دان يحة. (49.63 - 76.4 ميتر) جم ٢ فتڠ هيبوران، 5.30 اورکيسة ݢومارڠ 6 مفاين انوسنتارا، 6.10 تڽنجاوان چارا سيارن، 645 سورة٢ دري فرتو بهن ڠسا٢ برسا تو. (49.63 - 76.2 - 133.9 يتر) جم 6.30 اورکيسة هاواين،7 فرخبران، 7.10 رڠکاسن سور تخبر 7.26 ڽا ڽين. 7.30 ساکورا""  فرخبران، 8.05 سيارن فمرنته 8.38 لافوران اوليمفيݢ يڠ کأ نم لمس 9 ريفور تيس 9.15 وا يڠ کولية. (49.63 - 133.9 ميتر) جم   فرخبران. (76.2 ميتر) جم 10 وايڠ کوئية (6.249,63-133.9 ميتر) جم 19.1 هڠݢ 11 سمبوڠن وايڠ کولين دان تمت. ايسوق (19.80  19.63 - 133.9 ميتر) جم 7 فاݢي فرخبران، 10. ميڠݢو داتڠ، 7.30 اورکبسة ملا ي ݢنانان، 8 فرخبران، 10 8 ميڠݢوݢمبيرا 9 فرخبران، 9.10 اورکيسة جيومف چيه، 9.30 چريتا، 9.40 ڽا ڽين٢” 10",puppetry,media_content,
261,UM-1956-11-25-8,146036,3160.0,4230.0,3901.0,4230.0,3901.0,5582.0,3160.0,5582.0,"فرتنجوقن وايڠ ݢمبر کوالا لمفور 24 نوبمبر - ريکة ""رسأوث اينجينيرس، چواڠن کوالا لمفور، دباو أوڠن کونسلية جنرال فيدرال يفبليک جرمني، سيڠافورا، اکن ڠادکن ساتو مجلس ""کوقتيل، ان فرتنجوقئن وايڠ ݢمبر چين هو اود يتوريوم، مولاءي جم 7.30 مالم 28 نوبمبر اين کفد براتوس٢ اوزڠ تتاموڽ.",film,live_event,Kuala Lumpur
262,UM-1956-11-27-1,146496,2526.0,6817.0,4047.0,6817.0,4047.0,8661.0,2526.0,8661.0,ڠݢݢوڠ وايڠ کمبر رانف دانرومد کأونسلر جهنم يڽالم رريبوة کوالا ترڠݢانو 26 نوبمبر - ابراهيم فکري، اهل مجلس سبواه فڠݢوڠ وايڠ ݢمبر دان مشوارة نݢري ترڠݢانو دان دوا بواه رومه تله رانف اهل مجلس مشوارة او نداڠن دفوکل اوله اڠين کنچڠ يڠ فيدرال. سبهاݢين دري اتف برتيوف دوا کالي سمالم رومهڽ درواڠ دفن تله کمفوڠ سبرڠ تاکير، کوالا دتر بڠکن اوله اڠين ايت ترڠݢانو. ببراف بواه رومه ببراف باتڠ فوکوء کايو لاين تله جوݢ روسق جوݢ تله تومبڠ مرينتاڠي فجابة فڠوکور هاوا کوالا جالن راي دان تله مموتسکن رڠݢانو مڽتاکن بهوا اڠين بکالن ايليقتريک بندر اين کنچڠ ايت برݢرق سلاجو سلما ببراف جم. نتارا 17 باتو هڠݢ 38 باتو بݢيمان فون تيدق اد ساتو جم. کملاڠن جيوا دبريتاکن نتار ا رومه٢ بڠ مندافة برلاکو دالم کجادين ريبو کروسقئن ايت اياله رومه أ. ايت .ليهة موک توجه,film,live_event,Kuala Terengganu
263,UM-1956-11-27-7,146830,337.0,2657.0,2613.0,2657.0,2613.0,5033.0,337.0,5033.0,                اورڠ مڤراوله فأليده دڠن مڠکوناکن ”کيڤلڽ کو يا -کيفلريڠ سدڤ راساتايت منجاد يکن سکلولرك ددالسم کا دان يڠ ميمحة دان سنتيأسن برجاک.ا ڤنوه دڠن بأهن ٢يڠمنمبولکن ميحأتن، ذاة٢ بيتمين 80 4.يڠ منداتڠکن کقواتن، مفبألي دان يمبولکن کميحأتن. ساڠة برهرڽ کڠد کأنق٢، سرت نا يککن بدان.اي ممبري تنال کڤد لورڠ٢ مودادان توايڠ ڤرلو باکي کهيدوڤن بأيک ددالم سوال بکرج اتو برمأين کفل   ل   يڽقايکنکود ليبراويل. يڠ د تمبه دڠن ڤأق برس بلندا شندااݢن سربيکة باروهس ويلکر عمند کسفن. کيل٢ توڠݢلباکي ملايا، جيکسين عيند کمفني ليسيد.سيڤا ڤورا، کوالا لمفور، فولوفينڠ، اينوه، جيسلتندان بريتبش نورڽ بورننيو,other_or_undetermined,other,
264,UM-1956-12-03-6,147719,2473.0,1024.0,4009.0,1024.0,4009.0,2431.0,2473.0,2431.0,حمل. فلاجر٢ ايت مڠمبيل دا نتارا اوسول٢ يڠ تله کفوتسن ممنتا ݢابوڠن فننتوة٢ دلولسکن اياله سفاي مندسق ملايو سمننجوڠ دمنتا سفاي مڠحرامکن دان کراجأن مندسق کراجأن فرايکاتن سامسکالي مڠهافوسکن اݢام، مڠادکن ورمنتري فرتنجوقئن تارين بوݢيل دفرسکتوان تانه ملايو دڠن ايڠن وايڠ ݢمبر لوچه دان توجوان هندق ميامکن جوالن بوکو٢ لوچه فرجلانن فنتد بيران دالم حال دفرسکتوان تانه ملا يو کران حوال اݢام اسلام دنݢري اين. فرساتوان برفندافة بهوا فرتنجوقين تارين بوݢيل دان مشوارة فرواکيلن ترسبوة تايڠن ݢمبر لوچه سرت بوکو٢ تله جوݢ مميليه تيݢ اورڠ وکيل کمشوارة اݢوڠ ݢفمس لوچه اکن ممفڠهاروهي دان ايت اياله أ. ابراهيم بن مروسقکن اخلاق جيوا کانق٢,film,op_ed,
265,UM-1956-12-08-7,148170,2644.0,6812.0,3374.0,6812.0,3374.0,8385.0,2644.0,8385.0,"نچراݢم فاسوقکن فوليس نݢارا 8فرخبران، 8.05 سيارن، فمر نته 6.36 لافوران اوليمفيك، 9 ريفو تيس 9.15 وايڠ کوليق، (49.63 -76,2  133.8 ميتر) جم 10.15 هڠݢ 1ل سمبوڠن وا يڠ ݢوليق دان تمت. ايسوق (19.80 - 9.63? - 122 ميتر) جم7 فاݢي فرخبران، 7.15 يڠݢو داتڠ 7.30 اورکيسة فنچار يا 7.3 اورکيسة فوسفا کنچان 6 فرخبران، 815 ميڠݢو ݢمبيرا 8.3 رمفاين راد يو، 9 فرخبران، 9.10 ورکيسة هاواين، 9.30 چريتا، 40 سني دادوان سوارا، 10 سيارن دري ݢدوڠ ارچا. اير فاسڠ سيڠافورا جم 153 فتڠ دان 3.0 دينيهاري، سلة تبراو 2.10",puppetry,media_content,
266,UM-1956-12-10-8,149153,1668.0,4001.0,2418.0,4001.0,2418.0,6515.0,1668.0,6515.0,ساتو فانيتيا يڠ دبري نام رفانيتيا فرفيساهن انتوق باف قتور هيرمن کرتوو يسسترو، له دتوبهکن کران مڽدياکن روسن٢ يڠ مڠنأي مجلسايت تيأوسهاڽ ا ياله أ. سوکا يمي علامة تي سورة 11016 اتو تيليفون  31431 مجلس فرفيساهن ايت دبوك فد اورڠرامي دان اکن دسولامي ڠن ڤر تنجوقئن٢ ڽاڽين لاکونن ارين٢’ دان فتيلن وايڠ ووڠ وفچارا مڽمفيکن تندامات کفد  قتور هيرمن دان استريڽ اکن ادکن دالم مجلس ترسبوق. تند ا مات ايت اکن مروفاکن کاين کبڠسأن ملايو دان کريس رت سجاده. تيݢ تمفة تله دچادڠکن نتوق مڠادکن مجلس ترسبوة أيت فوسة قوم٢ دسيمس ايبينيو يوان بيدمينتن سيڠافورا دان أون هول. مساڽ اياله جم 7.30 سالم 22 دسيمبر اين. فنراڠن عتمد اکن دبواة کلق تنتڠ,stage_performance,live_event,Singapore
267,UM-1956-12-10-8,149167,5534.0,4438.0,6273.0,4438.0,6273.0,4534.0,5534.0,4534.0,فرتنجوڤئن وايڠ ݢمبر انتوق,film,other,
268,UM-1956-12-11-4,149408,1655.0,7711.0,3962.0,7711.0,3962.0,8237.0,1655.0,8237.0,"يه، تنجوڠ فاݢر رود"" سيڠافورا تافي کيني سوده سکين مندافة سيجيل تيݢ دان ݢورو٢ لام 24 (11) اسمعيل بن ميدو مولو بي تيدق داتڠ کماري لاݢي. نورمل. 439 بي، باتو 14 ستڠه، سمباوڠ کامي هارف مندافة کفد کسا توان ݢورو٢ ملا يو فرهاتين دري فيهق يڠ برکنأن سمننجوڠ، (کفݢمس) دان رود، سيڠافورا (12) عبدالرحمن انتوق مڠادکن تايڠن وايڠ کساتوان ݢورو٢ ملايو جوهر، بن عئمان، 42 تنجوڠ کليڠ،",other_or_undetermined,live_event,Johor
269,UM-1956-12-11-4,149411,3209.0,7618.0,3913.0,7618.0,3913.0,7718.0,3209.0,7718.0,منايڠکن وايڠ ݢمبرڽ دسيني،,film,other,
270,UM-1956-12-11-4,149413,2422.0,6705.0,3919.0,6705.0,3919.0,7525.0,2422.0,7525.0,ڠ بتول٢ چندروڠ دان مليهة يڠين برکبوليهن دالم بهاس ملايو کران ݢورو٢ مکتب يڠ مندافة ايڠ کمبر سيجيل کتيݢ جوݢ تيدق کامي فندودق٢ کمفوڠ کورڠ کبوليهنڽ. بکور، جنوڠ، کوالا کڠسر، دمکين جوݢ دڠن ݢورو٢ فيرق،ايڠين بنر هندق مليهة بورمل تيدق کورڠ يڠ فرتنجوقئن وايڠ ݢمبر. بياسڽ برکبوليهن سفرت ايت. چارا,film,other,
271,UM-1956-12-11-8,149627,1629.0,5712.0,2377.0,5712.0,2377.0,8312.0,1629.0,8312.0,"200 مڽقسيکن فرتنجوقئن فيستا دکوالا لاڠة نتيڠ 10 دسيمبر - لبه 200 اورڠ تله مڽقسيکن رتنجوقئن ""فيستا“ يڠ دادکن ارو٢ اين دمقيم بندر سوڠي بواي اينله فرتنجوقئن رفيستا، ڠ فرتام کالي دادکن دالم ججاهن کوالا لاڠة دفيستا“ ترسبوة تله د بوك دڠن رسميڽ اوله توان سيد بدالله فݢاوي ججاهن کوالالاڠة. افن بواه فنتس تله دديريکن نتوق مننجوقکن ببراف جنيس کسنيان اصلي ترماسوق جمفوليڠن، جيدوران، وايڠ کولية دابوس ملايو، ڽاڽين دان تارين٢ . ابو بکر فڠهولو مقيم بندر ان فڠروسي فيستا ترسبوة ڽتاکن بهوا دسمفيڠ ممفرکنلکن کسنيان دان کبودا يأن ملا يو مک فيستاايت دافة مننجوقکن رفادوان دان کرجسام يڠ ايرن",puppetry,live_event,Kuala Langat
272,UM-1956-12-12-3,149857,5773.0,5278.0,6556.0,5278.0,6556.0,6861.0,5773.0,6861.0,"ڤنرا فت بهارويڠ بوݢه سناديکرع دوان موراسمولد ددالم 24 جم اورڠم٢ يڠ مڠيداأ ڤي کييله ڠس کيوت مڠترسجج"" بدارڠ ڤه بداره کوترهليه ڠايڠات داد مري سجيڠݢي نتاسبلوم سمڤ ماسن اک بيتن سوات فلراغتن مقواتک ڠ دتفد اول سوييڠ دتتورنييقميسا امرکا وترافي بتبما روايڠ اکع ممبرين باليکڽ ديڠن سنڠ داد مترارن کتاس فدکلبنرد بدان دوان ڤب که بڠ ميواق مڠراتݢرم اوت دان ڠرايڠاتن دا دنا سفرڠ اويڠ يڠ مودا دبالم تجغرةض هارکي. سبيمدت فدافا ايم اويا تن درويه يحساأڠت يايک "" بيبڠ دماه مبب ي سيائ شيل.تا نليه برينه ران اي هبروکککوتڠ رارڠ تتاݢه يڠسجارو داڠم ه2 سمم. دنلاوبتبݢچ م باري دسقرڠ بياسس دڠڠ تيدست مرزسسقأک ودکرانم کجياه اويت يڠبهاررڤيت متبرنام باي جسي ددالمبمرت امرتيکا. سارڠ ايرن رسيني موت سده بوله دافت دمرايت٢ کدي اربيت رڠ متنندرڠي جامايت بڠکݢرم فييکڠ هاݢي دتوات حکت بنيدق باڠ دتولڠݢره جاليݢت.با ديج منتي مريکر کود ترارم فراساݢ تريد کريحت دادڠ سݢ راڠ ڠاسان ڽانتري2 تاحعوي لمه مريا. بکت بتدتفولڠک کودق بڠکوسسڠ ران دتاعݢ مندافت واڠ عرکن بأليفمبدويݢ بڠ د کالي رمقدوڠيا  کورڠ دات بيا ميانأ أيت  ملد مݢمبأکرمکبجنمتاس دأرککوڠت",other_or_undetermined,other,
273,UM-1956-12-12-7,150121,4068.0,1035.0,4795.0,1035.0,4795.0,2095.0,4068.0,2095.0,جوکي هيلڠ واڠ سورڠ جوکي کودا لومب سيڠافورا، سي: ايچ. فرينکلين له کهيلاڠن واڠ توني سباڽق 1006ڠ مالم سمالم افبيل رومهڽ کمبريج رود دݢليده اوله نچوري کجادين اين برلاکو سدڠ ي منونتون وايڠ دفڠݢوڠ يکس. فوليس سدڠ منجالنکن,stage_performance,other,
274,UM-1956-12-18-6,152359,2421.0,5666.0,3158.0,5666.0,3158.0,6496.0,2421.0,6496.0,کوالا ليفيس 17 دسيمبر - شوارة اݢوڠ فرساتوان بکس ڠݢوت٢ فاسوقکن کسلامتن چواڠن کوالا ليفيس اکن دادکن د 25 دان 26 دسيمبر اين فڠݢوڠ وايڠ فارادأيس. مالم يکا ورن اکن دادکن انتوق ڠڤو تيف ”درما چواڠن فد 25,film,live_event,Kuala Lumpur
275,UM-1956-12-25-1,155405,5746.0,3984.0,6520.0,3984.0,6520.0,6197.0,5746.0,6197.0,"ارتي نݢارا جوهر بهارو مڠنجورکن فرجمفأن رامي مبنته کنايککن چوکي جوهر بهارو24 دسيمير - ساتو فرجهفأن رامي کران ممبنته ن و اکن دادکن دفڠݢوڠ وايڠ جوهر يهارو ڤد 28 دسيمبر إيڽ مولاءي جم 9 فاݢي دبأود نجوران فارتي نݢارا چواڠن جوهر بهارو. سمالم فارتي نݢارا چواڠن جوهر بهارو تله مڠادکن ساتو کرامين يڠ دفڠݢيل ""فرجمفأن د تامن“ دهلامن رومه داتوء عون دبوکية جفون. ماسوق کتامن ايت اياله دڠن بايران 30 سين کران درما فجابة فارتي نݢارا چواڠن جوهر بهارو. برباݢي٢ فرمأينن دان جوالن مکانن دادکن دري جم 4 فتڠ هڠݢ12",other_or_undetermined,live_event,Johor Bahru
276,UM-1956-12-28-4,157071,3316.0,3505.0,4805.0,3505.0,4805.0,5947.0,3316.0,5947.0,سکارڠ مڠݢو ناکن بهاس ايت“  نتافي هڠݢ هاري اين لاچوران سماکين مريبق سمواڽ ماسيه تيڠݢل چاکف ساج، کران کباڽقکن فکليليڠ ساي مراس دوکچيت کراجأن باڽق يڠ دتوليس دالم ليهتکن فلاچوران٢ کيني ساڠة منجادي٢ دببراف بواه ندر ددالم نݢري سفرت ماهو فادڠ فرماينن فول دکوا نتن، منتاکب کوالا ليفيس کاواسن فکن فارية راج، دان دلاين٢ تمفة لاݢي باتو فهة، جوهر“ سماکين هاري کالو سکيراڽ فرکارا سفرت برتمبه رامي دان ماجو دڠن ترديريڽ برباݢي٢ باڠونن يت دديمکن ساج مك. ساي رچاي اکن برتمبه بياق دان سفرت لوکل کأو نسل، مسجد جامع، شريکة بکرجسام، فڠݢوڠ ملواس لاݢي وايڠ ݢمبره سکوله چينا ساي ايڠين مندافة فنراڠن يليفونا يقسچينج دان فرهنتين جلس دري فيهق يڠ برکواس لمفو ايليقتر يک يافکه يڠ سبنرڽ برتڠݢوڠجواب دان بارو٢ اين کابرڽ نتوق منچݢهڽ، اداکه فيهق فيهق يڠ برکواس هندق مڠادکن جباتن اݢام اتو فون فوليس?- بکالن اير ڤأيف، سرت جالن نتي فلاچوران، کوالا ليفيس، اي ملالوءي فارية دأون هڠ کريزب ساتو. اوله ايت ساي سوك نوڠککو بنتوان مڠشورکن کفد فيهق ݢراجأن,film,other,
277,UM-1957-01-01-6,158629,911.0,4174.0,1642.0,4174.0,1642.0,7098.0,911.0,7098.0,کاواسن ايت سکارڠ. وکيل٢ کأمفة فارتي أيمڽ مفو ڽأي هاتو ڤندافة بهوا رعية تنجوڠ ايفوة. بوکنله با يڠکر فد فڽنته کراجأن، نتافي کران مسکينن هيدوف مك مريک يدق دأفة ممباير چوکي٢ يڠ کناکن کأتس مريک. فرجمفأن ترسبوة دانجورکن له فارتي رعية. وکيل فارتي کرا منجادي فڠروسي دان دکن دالم رومه امنو، تنيجوڠ يفوه ڠستاون بارو مونچول کسيڠافوراي   سبواد وايڠ بڠساون يڠ بارو له مونچول دسيڠافورا دان کارڠ سدڠ برماين دتامن بيبوران هيفي ورلد ترکنل دڠن نام بڠساون ملايو، ڠساوناين دفيمفين اوله اهل اوق يڠ ترکنل دملايا، امن يلون،دان باڽق فلاکو تڽ٢ اداله رديري دري فساين٢ بڠساون ڠ ترکنل سفرت احمد نيسفو يمين اودا عمر، ييم مينه دوله کواڠ، فوتيه لاوق، رادين,stage_performance,live_event,Singapore
278,UM-1957-01-01-8,158791,86.0,473.0,1532.0,473.0,1532.0,1265.0,86.0,1265.0,30 جسأدڠي?ول 4376 رتنجوقئن فيستا تمفاتن دان ”وسيل بازر“، بوکية بينتڠ فارك? کوالا لمفور دري 24 دسيمبر هڠݢ 1 جنواري 1957 تيڠݢل هاري اين سهاج راتچاڠن هاري اين1 جنواري سفرت برا يکوة:- فنتس بي - فرادوان مڽاڽي لاݢو٢ ملايو. فنتس سي - وايڠ چينا,stage_performance,live_event,Kuala Lumpur
279,UM-1957-01-03-7,159252,3325.0,903.0,4072.0,903.0,4072.0,6138.0,3325.0,6138.0,لنيڠن چاڠن رڽيݢکا ڽهيوت کوت بهارو 2 چنواري رايأن هاري کييرديکأن ميا اهون دفن اݢن دسمبوة بچارا فيݢري کيتن ساندالي کراچأن سدڠ يݢرچسلم دڠن رباݢي٢ فرتوبهن اورڠرامي کراين مڠانور چارا٢ فرا يأنايت. اچاراڽ٢ اياله انتارا ننجوقکن 35 جنيس فرماينن کبودايأن تارين دان کسنيان لايو اصلي. فرايأن اکن يرجالن يلا تيݢ هاري تيݢ مالم رتورة٢ فرماينن٢ دان تاريڽ٢ايت رملسيوقله وايڠ کولية، وبان سر، تارين کلنتن، مايڽ ݢيايڠ ايڠ٢ سيفق راݢ فتري دان باݢيڽ. مأيوڠ دان لاين٢ رماينن ملايو اصلي يڠ مشهور کلنتن تيدق کتيڠݢالن اکن فرتنجوقکن. بلاين دري ايت، اکن ادکن جوݢ فرارقئن لوري٢ کريتا٢، موتورسيکل، بيچا رودا تيݢ، کريتا لمبو دان کريتا تولق يڠ اکن دهياس ڠن برباݢي٢ فرهياسن. فرارقئن فتري چنتيق اکن ڠيکوتي فول فرهياسن ٢کريتا٢ يت. سموا قوم اکن مڠمبيل هاݢين دالم فرارقئن فتري چنتيق اين. دبلاکڠ فرارقئن ين ننتي اکن تورة فول هل٢ لاوق جنال، فاسوقکن٢ نچراݢم دان بوڽين٢ لاين يڠ کن دماينکن اوله برباݢي وم دالم نݢري اين. فرتنجوقين فرسنديڠن فڠنتين دري برباݢي٢ بڠسا جوݢ دادکن. ساتو لاݢي تماش کن ڠ اکن مناريق هاني اياله يياش سوڠي دمان برباݢي٢ رماينن سوڠي دان فرارقين اکن ادکن. ددارة فول اکن دادکن بتنچجوقن. فادڠ دان برباݢي٢ بمأينن کن فربلتجأن کران فرايأن اين,puppetry,live_event,Kuala Lumpur
280,UM-1957-01-04-4,159600,1646.0,1092.0,3918.0,1092.0,3918.0,1996.0,1646.0,1996.0,اورݢانيساسيڽ انتوق مڠهادفي توݢسڽ٢ دالم سݢنف لافڠن اتو منجواب رنچاڠن٢ نتارا فراوباهن٢ ايت اياله فمبنتوقين ببراف جوا تنکواس يڠ تݢوران٢ يڠ دهادفکن کفد خصوص دتوݢسکن انتوق مڠهادفي سوأل٢ دالم ساتو٢ لافڠن منو دالم اخبار٢ ترتنتو. دباوه اين کيت سيارکن فڽوسنن جوا تنکواس٢ ايت کتيݢ، مڽيمفن کراتن٢ دان توݢسڽ٢ سکالي. دري اخبار، مجله دان سباکيڽ. جوا تنکواس٢ اين بايک دفريڠکة مان جوݢ اداله برکواس دان کأمفة، منو بهکن جباتن٢ بيبس ممبواة رنچاڠن٢ باݢي ملقسانکن تڠݢوڠن دان کواجيفن علومات دان بيليق٢ بچأن. جوا تنکواسڽ. کليم، مڤادکن وايڠ٢ ݢمبر تتافي سݢل رنچاڠن٢ ايتهاروس دفرستوجوءي اوله مجلس٢,film,other,
281,UM-1957-01-05-4,160153,2405.0,3130.0,3892.0,3130.0,3892.0,3628.0,2405.0,3628.0,منو چواڠن تنجوڠ ايفوه، تيف٢ تاهون مولاءي بولن ݢري سمبيلن، يڠ تله دادکن قتوبر هڠݢ مرچ، کريتا٢ بد تڠݢل 9 دسيمبر يڠ لالو. اوبة، کريتا٢ وايڠ دان دالم اوتوسن ملايو ݢيڽ٢ يڠکوتن دن کلوارن 19 دمر يڠ لاو,other_or_undetermined,other,
282,UM-1957-01-05-7,160299,1762.0,6532.0,2492.0,6532.0,2492.0,8554.0,1762.0,8554.0," ورکيسة هاواين رامي ديندڠ 7624.63 -132 ميتر) جم 7 مالم فرخبران، 7.10 رڠکاسن خبار، (7.2 اورکيسة ماروتي 7.3 فنچراݢم فاسوڤکن فوليس ݢارا”8 فرخبران“ 805 سيارن مرنته، 8.30 ايبو کوت هاري ين. 8.48 سفتانادا“9 ريفورتڽس 9.14 وايڠ ݢوليق، 10 فرخبران 10.15 هڠݢ 1 سمبوڠن وايڠ ݢوليق دان تمت. ايسوق (19.90 - ,122-4263 يتر) جم?فاݢي ڤرخبران 7.1 ميڠݢو داتڠ، 30 7اورکيسة لاني، 8 فرخبران، 8.10 ميڠݢو ݢمبيرا، 830 رمفاين راديو،9 رخبران“ 9.10 ݢندڠ فنچق، 30. چريتا“ 9.40 لاݢو٢ تأ برساجق 1 سيارن دري ݢدوڠ ارچا.",puppetry,media_content,
283,UM-1957-01-08-5,161815,3466.0,2291.0,4959.0,2291.0,4959.0,2855.0,3466.0,2855.0,دفن. جوا تنکواس بولن سابية ميره کفوتسن انتوق مڠادکن جوݢ مڠمبيل کفوتسن انتوق فليݢ دى“ اين تله دامبيل مرايو کفد سموا توان فوڽ الم مشوارة سيقسي بنتوان فڠݢوڠ وايڠ ݢمبر اݢر منايڠکن موم جواتنکواس ترسبوة سهاري خصوص انتوق درما٢,film,other,
284,UM-1957-01-09-3,162162,5692.0,5907.0,6456.0,5907.0,6456.0,8249.0,5692.0,8249.0,يڠ ممباوا فيسو فوليس سيڠافورا تله منڠکف سورڠ فمودا ملايو ددالم کاواسن فرتنجوقئن وايڠ چين دکولم اير لين، سيڠافورا، مالم سمائم، کران دي دجمفأي ممباوا سبيله فيسو فوليس تله برکجر کتمڤة فرتنجوقئن وايڠ چينا أيت ستلم منداڤةمعلومات بهوا دو فاسوقکن ݢيڠستر اکن برتمفور دسيتو. ستيباڽ فاسوقکن فوليس دسيتو اهل٢ ݢيڠستريڠ برکمفول تله ملاريݢن ديري فوليس تله ممرقسأ ببرأف اورڠ دمودا يڠ دشککي اهل ݢيڠستر ددالم ففرقسأن ايت فوليس قله برجمفا دڠن فسمودا ملايو ڠ ممباوا سبيله فيسو دان منڠکفڽ,stage_performance,live_event,Singapore
285,UM-1957-01-10-6,162932,5406.0,2198.0,6204.0,2198.0,6204.0,8536.0,5406.0,8536.0,صالح يڠ مڽواراکن کدوکچيتأن اڠݢوت٢ بکس اڠکاتن لاوڤ دراج کران تيدق اد فراو نتوقئن واڠ انتوق بايران واڠ فرخدماتن سبرڠ لاوة (او برسي ايلاءونس) دان کولو نيال ايلاءونس دباير کفد مريک. ولو فون مريک تله مڠموکاکن نتوتن فمبايران دأتس دو جنيس ايلاءونس سفوله تاهون دولو هڠݢاله سمفي هاري اين ساتو سين فون مريك تيدق داڤة ن-٢. بليو منرڠکن بهوا دماس مريك برحدمة دکولو مبو دولو فيهق يڠ برکواس تنترا برجنجي انتوق ممباير کدواڽ٢ ايلاءونس سبرڠ لاوة دان ايللاون س فرخدماتن انق تانه چجاهن کران هندق ممفرجواڠکڽ تنتوتن٢ قرسبوة مکك بکس٢ اڠݢوت اڠکاتن لاوة دراج تلة مڠمبيل سئورڠ لوير، تتافي تيدق جوݢ برجاي. أ. رحمة بن صاايح تله مڠلوارکن فوتڠن سور تخبر مجلس يڠ تله بوروق٢ يڠ منچريتاکن رواية فرجواڠن تنترا لاوة سلايو دسيلون روايڠ دالم فوتڠن سور تخبر مجلس ايت دفتيق دري بريتا احبار تأيمس اوف سيلون بريتاتأيمس وف سيلون ايت ممبريتاکن لاواتن توان يڠ تراو تام فڠليم اݢوڠ (نماڽ تيدق ترسبوة دالم خبار مجلس) انتوق ممرقس تنترا لاوة ملا يو يڠ ماسيه برجواڠ ملاون جفون دسيلون. بريتا اخبار نأيمس اوف بيلون منصفتکڽ بنترا لاو يڠ يڤرتاهنکن علايبو فولو سيلون ايت يچة٢ دبان ݢفن، فکرسأن فنتيڠ مريک ايأله منجادکلاي باݢي کفلفرڠ٢ ڠ يرݢ٢ دان منجادي سهݢن سرفد فرتهانن لاوة يڠ يمڠ دکهندقکي تنترا لاوة ملايو يڠ يفرقس اوله يڠ تراوتام فڠليمأ اݢوڠ يڠ اياله ساقي باقي يڠ ترسلامة درڠد ݢفلڤرڠ٢ بيڠ تله کن تورفيدو، بوم جفون. باخبار هتن اوف ڽلون ٢يت مڽو تکن با مد تود باب يڠ کنا ڤلورو ميشنݢن چفوڽ دان فلورون باسيه رتيڠݢل دالم فها ليريڽ. شيخ ڠسين يڠ فهاڽ د تسبوسي اوله توجه بوتير ڠلورو وان ترهاسو قله ام ايبيل سيمينا ره نديري ڠ هاڽ سئورڠ ساج يڠ تر.الامة درفد ݢنبوة برڽتيش يڠ تله فچه کنا سرڠ دفرأيرأن لاوة ندونيسيا. أ. رحمة دڠن ساتو فلمفوڠ تله هاڽوة ببراف هاري,other_or_undetermined,other,
286,UM-1957-01-10-7,163029,4894.0,3711.0,5640.0,3711.0,5640.0,4709.0,4894.0,4709.0,تماش ايت اکن دادکن دتامن هيبوران باتو فهة (کيمس ارک) دڠن مڠادکن برباݢي٢ جنيس فرماينن يڠ برداسرکڽ کسيان دان فراوسهأن سفرت رتنجوقئن٢ وايڠ ݢمبر وݢيسن٢. فاميران بوکو٢ رادوان٢ مڽاڽي دان فيشين فکاين فرتنجوقين٢ درفدحاصيل٢ ومي دان هيدوفن٢ فرتوکاڠن,film,live_event,
287,UM-1957-01-11-8,163651,2387.0,4628.0,3117.0,4628.0,3117.0,5282.0,2387.0,5282.0,وايڠ ݢمبر فرچوما منو چواڠن تڠلين، سيڠافورا کن منايڠکن وا يڠ ݢمبر فرچوم کمفوڠ ايليس رود فد مالم 14 جنواري اين مولاءي جم 8 مالم رتنجوقين اين تربوك کفد,film,live_event,Singapore
288,UM-1957-01-12-1,163692,5798.0,4714.0,6575.0,4714.0,6575.0,8642.0,5798.0,8642.0,رکندوڠ دالم کڽتأن رسمي برايکوتن دڠن ککاچوان ايت تله منتفکن سموا سکوله٢ (ترماسوق سکوله ملايو) اکن دبوک سمولا فد هاري اننين 14 جنواري سلوره بندر راي فولو فينڠ تله بتول٢ فوليه هاري اين دان کمبالي سفرت سديکالا. سموا کدي٢ دان فڠݢوڠ٢ وايڠ تله دبوک مڽببکن اورڠرامي ماکين يقين بهوا کأمانن باݢي بندر راي اين تله بتول٢ باليک سفرت بياس. فرنته برکوروڠ دکناکن لاݢي فد مالم اين دان مونکين دوا تيݢ مالم لاݢي ساج دري جم 8 مالم هڠݢ5 فاݢي بيسوقڽ باݢي سلوره بندر اي اين دان اير ايتم جوݢ مالم تادي 16 اورڠ لاݢي تله دتڠکف اوله فوليس کران ملڠݢر فرنته برکوروڠ. سمواڽ تله دتوده دمحکمه دان دد ندا فاݢي اين. فيهق فوليس تله جوݢ منڠکف 13 اورڠ لاݢي سمسيڠ٢ يڠ دشککي. تتافي تيدق اد اف٢ ستجات ددافتي فد مريکئيت سلفس دجالنکن فمرقسأن مك ريک٢ يڠ تيدق ترکأية دالم ککاچوان بارو٢ اين اکن د بيبسکن. کربونيل داتڠ ملاوة فوليس فسورهجاي فرسکتوان تانه ملايو، توان دبليو. ايل. ار کر بونيل، تله تيبا دفولو فينڠ ليواة فتڠ سمالم سباݢي ممبواة لاواتن بياس دان,other_or_undetermined,live_event,Pulau Pinang
289,UM-1957-01-15-7,165182,5056.0,3832.0,5795.0,3832.0,5795.0,4915.0,5056.0,4915.0,فيستا تاميل دسيڠافورا مجلس فوواکيلين اورڠ٢ بلميل بدسيڠلفورها متله مڠادکن ماش سفورق فرتنجوقئن وايڠ مبرفرچومله فرتنجوقئن برنڠ رلاواتن بيدڤينتن، تارين دان وسيق“، فنچراݢم، فرتنجوقئن کاتق٢ دان ساتو فرجمفأن رامي سلما سميڠݢو موتلاچي 5 جنواري ڠ لالو دالم فيست نتوق تاهون,other_or_undetermined,live_event,Singapore
290,UM-1957-01-16-5,165606,1855.0,480.0,2587.0,480.0,2587.0,2142.0,1855.0,2142.0,"چرامه تنتڠ بڠساون ديونيبرسيتي ملايا فرسکتوان بهاس ملايو و نيبرسيتي ملايا اکن مڠادکن چرامه لاݢي دأرتس ثياتر و نيبرسيتي ملايا فد مالم جمعة ڠݢل 17 جنواري اين، مولاءي 8.30. کالي اين چرامه ترسبوة جم کند بريکن اوله سودارا ايس کادر بسمن برتاجوق: ,رسفينتس الو دالم سجاره وايڠ بڠساون، چرامه اين تربوك کفد ورڠرامي دان سکلين اورڠ يڠ يناتيڽ دجمفوة حاضر، دمکين نورة سيارن ستيأوسها فرسکتوان هاس ملايو يو نيبرسيتي ملايا",stage_performance,live_event,
291,UM-1957-01-17-8,166314,3836.0,3131.0,5290.0,3131.0,5290.0,3737.0,3836.0,3737.0,فرينس رينر يڠ کتيݢ موناکو دان استريڽ فرينسس ݢريس (بکس سنيواتي فيلمݢريس کيلي) دݢمبر سدڠ کلوار ري فڠݢوڠ وايڠ مونتيا کارلو ݢومونة ستله مڠحاضري ساتو فرتنجوقئن کران فوڠتن درما فالڠ ميره. اينله کالي يڠ اخر فرينسس ݢريس کلوار دخلايق رامي سبلوم ماسوق کهوسفيتل کران ملاهيرکن انقڽ ڠ سولوڠ دالم ببراف ميڠݢو,stage_performance,live_event,Monte Carlo
292,UM-1957-01-19-1,166362,4934.0,3175.0,5700.0,3175.0,5700.0,6160.0,4934.0,6160.0,منورة بليو کݢنتيڠن يڠ رلاکو دمصر تله مڽببکن تمبڠ ڠڠکوتن ايت نايک بليو کمدين تله مباچ ساتو ناري هرݢ لبه کورڠ 20 جنيس بارڠ٢ کفرلوان هاري٢ وايڠ ݢمب بوله ماين مالم جمعة دقدح تافي يلم٢ اݢام ساج الور ستار 18 جنواري - کراجأن قدحتله مڠمبيل کفو تسن” ممبنرکن ڤرتنجوڤين ايڠ دادکن فد مالم جمعة، 31 جنواري اين، يأيت فد مالم هاري راي چينا. تتافي فيلم يڠ تايڠکن هندقله برچورق اکام امفة بلس بواه فڠݢوڠ وايڠ ݢمبر تله مرايو کفد کراجأن دح بارو٢ اين سفاي ممبنرکن رتنجوقئن٢ فيلم دادکن فد مالم جمعة ايت. رجك تيدق، تنتوله اورڠ٢ چينا مڽمبوة هاري راياڽ دڠن يدق مندافة هيبوران يڠ سمفرن رياهڽ“ کات مريک کراجأن منورة اوندڠ٢ دح اداله دلارڠ سبارڠ رتنجوقئن دادکن فد تيف٢,film,live_event,Alor Setar
293,UM-1957-01-19-2,166433,5491.0,4170.0,6245.0,4170.0,6245.0,5959.0,5491.0,5959.0,لالو سمالم تله منندا تاڠني يڠ ساتو فرجنجين دڠن وکيل٢ کراجأن برما. منورة فرجنجين ايت سوبية يونيان اکن مباڠونکن سباݢي هديه کفد رعية برما، سبواه ينستيتيوة تيکنيکل، سبواه هوسفيتل، سبواه فڠݢوڠ وايڠ، سبواه ديوان کبودا يأن، سبواه ديوان سوکن، سبواه ديوان فر تنجوقئن، سبواههو تيل، سبواه کولم برنڠ، دانلاين٢ باڠونن سباݢي ݢنتيڽ کرا جأن برما کن ممبري سباکي هديه کفد رعية سوبية برس دان لاين٢ حاصيل٢ بومي برما. سکوله تيکيکل ايت بوله مواة 1.000 اورڠ فننتوة. رومه,other_or_undetermined,other,
294,UM-1957-01-19-2,166447,4714.0,3966.0,6214.0,3966.0,6214.0,4077.0,4714.0,4077.0,"رومبوڠن ايکو نومي سوبية يڠ فڠݢوڠ وايڠ بوله مواة 1,800",other_or_undetermined,other,
295,UM-1957-01-19-4,166565,24.0,2843.0,1544.0,2843.0,1544.0,5024.0,24.0,5024.0,"- بوروه کريتافي، باتو انم سݢامة، باکل اڠݢوت کسا وان. سوأل فينجامن واڠ شريکة جو افن فارتي منورة اوندڠ٢ شريکة جيمة چرمة کمفوڠ استان راج"" رکية مر سيڠ رمبو، نݢري سمبيلن، ستيف اݢقڽ کران ساي منجادي هل دبنرکن مينجم واڠ دڠن بکس ستيأوسها فمودا امنو مک شرط سوده انم بولن کمدين سمنجق فارتي رعية مرسيڠ منجادي اهليڽ دتو بهکن، مک ساي تأ برهنتي٢ برداسرکن کفد اوندڠ٢ دسرڠ دالم وملايا مرديکا، يتوله، مك باڽق اهليڽ٢ يڠ بارو٢ اين فول سودارا مله منجادي اهل سلما ماس بدالکريم (ساي تأ مڠناليڽ) برسبوة تله مڠهنترکن فرمنتأن تله منوده فارتي رعية کو نڽ نتوق ممينجم واڠ. تتافي موجق اڠݢوت٢ امنو دان الڠڽ سمفي سکارڠ بلوم لاݢي ڠݢوت فارتي نݢار اسفاي ماسوق برحاصيل، فد حمل مريک تله منجادي اڠݢوت فارتي رعية. منجلسکن يوران. تاهوکه سودارا عبدالکريم ساي هارف فيهق يڠ برکنأن هوا فرتنجوقئن وايڠ ݢمبر مڠمبيل برة اݢر ممنوهي فرمنتأن ڠ کامي انجورکن نأ لام دولو هل٢ ايت. - عبدالرحمن مله مندافةسمبوتن يڠ فنوه دري جميل کمفوڠ استان راج رعية ولوفون تله چوب دهالڤي",film,other,
296,UM-1957-01-19-7,166702,2771.0,6785.0,3507.0,6785.0,3507.0,8523.0,2771.0,8523.0,"42.63 - 762 - 1.22 ميتر) جم 7مالم فرخبران“ 7.10 رڠکاسن سورتخبر“ 7.20 يأڽين٢ 7.50 اݢو٢ هيبوران، 8 فرخبران 8.01 سيارڽ فمرنته، 8.30 ايبو کوت هاري اين، 8.40 سفتا نادا 6ريفورتيس، 9.15 وايڠ کولية 1 فرخبران، 10.15 هڠݢ 1 مبوڠن وايڠ کولية دان تمت ايسوق (80 49.6319 - 122 يسر) جم 7فاݢي فرخبران، 7.10 يڠݢو دڠن 7.30 اورکيسن وارا اڠکاس، 8 فرخيران 3.10 اݢو٢ چارا بارة""9 فرخران 9.10 کسنيان ملوکو 9.3 چريتا 940 امفة سکاون حيي، 10 سيارن دري ݢدوڠ",puppetry,media_content,
297,UM-1957-01-19-8,166764,5342.0,5143.0,6099.0,5143.0,6099.0,7231.0,5342.0,7231.0,"مجلس ايت اکن دمنتا سفاي ملنتيق سئورڠ لاين مڠݢنتيکنڽ اوسول ترسبوة اکن دکموکاکن اوله توان لي چون يڠ سئورڠ اهل مجلس ايت دان دسوکڠ اوله توان سيم بيڠ سيڠ، سئورڠ اهل لاين. توان لي چون ""يڠ يڠ جوݢ منجادي اهل ديوان فرهيمفونن او نداڠن منوده توان ري ايت تيدق عاديل منجالنکن توݢس مڠنأي اوسول مناهن رنچاڠن منديريکن سبواه فڠݢوڠ وايڠ دکاواسن کاتوڠ. بليو اکن ممنتا سفاي مجلس ايت مڠوندي تيدق فرچاي کفد توان ري. مجلس ايت جوݢ اکن دمنتا ممبواة کتتافن ممنت کراجأن ملوچتکن جواتن توان ي دان ملنتيق سورڠ لاين",other_or_undetermined,other,
298,UM-1957-01-19-8,166778,4567.0,4285.0,6098.0,4285.0,6098.0,4990.0,4567.0,4990.0,فريسيلنة مجلس بنلر رايي منتادبر هنتيݢکن فصل فڠکوڠ وايڠ ساتو اوسول سفاي فريسيدنة مجلس بندر راي، توان جيه. تي. ري دبرهنتيکن دري جواتنڽ اکن دبنتڠکن دالم مشوارة مجلس فد 20 جنواري دفن اتس الاسن بهوا بليو,other_or_undetermined,other,
299,UM-1957-01-22-2,167912,2347.0,738.0,3083.0,738.0,3083.0,3739.0,2347.0,3739.0,فمودا سلامتکن 600 کانق٢ دري فڠݢوڠ ترباکر هورون، داکوتا سلاتن مريکا شريکة 21 جنواري - به کورڠ 600 اورڠ کانق٢ تله افة ملاريکن ديري دري سبواد ڠݢوڠ وايڠ يڠ ترباکر دردڠن نترام دان تراتور“ سمالم کݢمفارن دانتارا کانق٢ يت تله دافة دهالڠ اوله سئورڠ کرج دفڠݢوڠ وايڠ ݢمبر ايت ڠ برعمور 17 تاهون. دي دڠن ترتمرت ملومفة نايك کفنتس ڠݢوڠ ترسبوة دان ممرنته کانق٢ ايت سموا کلوار دڠن ماندان تراتور. تيدق ادسورڠ ون چدرا. - ايه. ايف. في سينهوار فريسيدنة ڠڠکة سو مفد واشيڠتن 21 جنواري  ريسيدنة ايسينهوار سمالم قله ڠڠکة سومفه ممݢڠ جواتن ريسيدنة باݢي کالي کدوا. اوفچارا مڠڠکة سومفه ايت ادکن درومه فوتيه. فريسيدنة يسينهوار مڠڠکة سومفه ددفن چاکيم بسر امريکا شريکة,film,live_event,Huron
300,UM-1957-01-23-3,168446,5043.0,3956.0,5807.0,3956.0,5807.0,6108.0,5043.0,6108.0,تاهون بارو چينا مارن فوليس فينڠ فولو فينڠ 22 جنواري - ولينن تله مڠلوارکن ايڠاتن کفد اورڠرامي دجورج تأون دان دسلوره فولو فينڠ سفاي جاڠن لوف مڠونچي. فينتو٢ دومه مريک سکيراڽ هندق کران مڠيلقکن رجالن کچورين يڠ سکارڠ باڽق ادوکن برلاکو امارناين دبري اوله سئورڠ جروچاکف فوليس دالم اتو فرسيداڠن اخبار يڠ دادکن مالم. سلاين دوي مڠونچي ينتو دان تيڠکف اورڠرامي ندقله برجاݢ٢ وقت کلوار رجالن٢ دتمفة٢ يڠ رامي فرت فڠݢوڠ٢ وايڠ دان تامن مريک هاروس يبوران. رجاݢ٢ دري کنا سلوق فوکية,other_or_undetermined,other,
301,UM-1957-01-26-8,169716,4647.0,649.0,5384.0,649.0,5384.0,1348.0,4647.0,1348.0,بر باݢي٢ فر تنجتو ڤئن رماسوق وايڠ چينا دان وايڠ ڠساون ملايو اکن دادکن دالم ماش ترسبوة. أ. عارفين بن علي ستيأوسهاڽ برهارف اورڠرامي کن تيدق. ملفسکن فلواڠ مليهة رتنجوقئن يڠ جارڠ دليهة,stage_performance,live_event,
302,UM-1957-01-27-4,169958,11.0,3979.0,1516.0,3979.0,1516.0,7675.0,11.0,7675.0,هڠݢ برتابوران کلنتي تتکل فد وقت فاݢي دان وقت کسلاهنڽ دتݢور. ريحة - دهکوله - لازيمڽ تتافي، سوات يڠ تياو مريک بربيکا٢ ددالم سبواه دافة دلوفاکن اوله ادم اياله يليق يڠ تياد لاݢي دݢڠݢوءي .کفد سئورڠ ݢورو مودا يڠ اوله ݢورو٢ دان مريد٢. اد٢ ساج فرکارا يڠ دبوالکن اوله بارو دفيندهکن مڠاجر دسيتو ريک، امفماڽ: حال٢ جالن روفاڽ٢ ݢورو ايت سلالو مڠاجرا تو کرج٢ يڠ دتوݢسکن منجڠه٢ دان بربوال٢ دڠن رحمه سمبيل مننجوقکن سڽومنڽ اوله فيهق ݢورو بسر. ستيدقڽ٢ يأيت کتيک ادم سدڠ مڠاجر چريت٢ وايڠ ݢمبر، چورق٢ ددالم بيليقڽ سنديري. ستلا فکاين دان ڤوتڠنڽ، اتو لاين٢ لاݢي ترکادڠ٢ برلاکو جوݢ دکتهوي اوله ادم، دڠن مول يڠ ميرد فادم، رحمه دفڠݢيل روڠوة مروڠوة، راجوق مراجوق دان ساليڠ تياد مأو دماراهي دان دتمفيليڠيڽ، لالو منݢور ساف. برلاکوله فرتڠکارن يڠ ترساڠة يا! باݢي ادم تنتوله امة هيبة. موجورله تيف٢ کجادين سوکر انتوق مڠکلکن کتنترامن يڠ سأمفام ايت تياد لام مڽالاڽ دالم فرکأولن يڠ دجالين سلما دان سوات کأستميوأن فول کفد کدوا مريکئيت، اياله سݢل همفير٢ دوا تاهون ايت. دالم مور يڠ سمودا ايت اداله ساڠة راجوق دان فرتڠکارن مريک راو نتوڠ جک کسموا وقتوڽ تياد فرنه سمفي کفد فڠتهوان اورڠ٢ توا دان صحابة٢ مريک. دافة دفنوهي اوله کاسيه مسرا دان برسفهامن. سڠݢوه فون بنرکه مسرا فرصحابتن يڠ کجادين راجوق مراجوق ايت دجالينيڽ ايت? دان بهݢياکه يڠ مريکئيت کلق منمفوه زمان اداله باسهن کفد مريک سوامي استري? انتهله! تتافي سدڠ برکاسيهن٢. نامون افي راجوق يڠ تياد فندي هاري فرکهوينن سماکين همفير داختيارکن ممادميڽ: هاروس دان کارد٢ جمفوتن سوده دفرا يدرکن کن مرببق کفد افي برتڠکارن٢ دان دڠن سنڠ فول دري لوبوق هاني ادم کن مارق سهڠݢ منجادي افي سنديري فون تياد تندا کفستيان برفو کلن٢. اي سکارڠ سماکين بردبر٢ کسيڠکاتن فڠالمن دالم منجلڠ هاري فرکهوينئڽ“ کران برساڠتن تاکوتڽ افکل مڠنڠکن حال ممادمي افي يڠ سأمفام فراستيوا يڠ لمفاو. کادڠ٢ يتوله، يڠ تله مڽببکن برلاکوڽ کجادين٢ يڠ تياد ترميمفي دتاڠيسي ديريڽ سنديري کران,film,other,
303,UM-1957-01-27-4,170011,1565.0,506.0,3090.0,506.0,3090.0,2137.0,1565.0,2137.0,تياد راݢو٢ لاݢي برجالن فڠهينأن ترهادف ديريڽ جالينن فرصحابتن دانتارا کلوار ماسوق ملالوءي فينتو ادم دان رحمه، دمولاءي دڠن فرڠکف ايت يڠ سڠاج تياد منونتون سبواه فيلم دفڠݢوڠ بورو٢ دتوتف - بهکن مڠساڽ تله منجادي جينق فول. مکانن وا يڠ، ستله سوده مڠاواسي يڠ اذاة٢ تله دسدياکن اوله فکرجأن تاڠن مريد٢ دسکوله مريک. سوسنن جالينن ايت رحمه ولو اف ساج يڠ دمنتا اوله ادم دبنتوق دڠن سماڠة يڠ اوله مڠساڽ. موجورله مڠسا بارو ستله منمفوه کݢاݢلن ايت هاڽ ممنتا مکانن يڠ ريڠن٢ ڠ همفير٢ ستاهون دچوباڽ ساج. سکالي سکالا، رحمه مبواة فرهوبڠن دڠن ارني مڽڠݢوفي اتتوق کلوار دري جاليننڽ ايت تياد منموءي فرڠکفڽ، اتس فرمنتأن ادم. تيتيق کفايهن. رحمه مننجوقکن ايانن يڠ استميوا دان ادم امفماڽ کفڠݢوڠ وايڠ، کتامن هيبوران، اتو کتماش فرا يأن، راسأي ديريڽ دملياکن فراو باهن سيکف ادم ايت تتافي تياد برفليسيران کتامن٢,film,other,
304,UM-1957-01-29-3,170911,413.0,2331.0,1040.0,2331.0,1040.0,4406.0,413.0,4406.0,کياليکنلکقواتن بوادڤيݢڠتوان راسمودا - بروڤمونا تيدقاد سبب يڠ منجأ ديکن للاکي اتو ڤرمڤوان ايت توايڠ لمبه درڤد ڤڽأکية٢ اتو کسأکيتن٢ سقبة درڤد قکرجبأن براه ڤيڤکڠ ڠ تيدق بتول. اين مڽيکن توان٢برڤڽاکية ،باڤون دري تيدوس وقت مألم. براس انن ران کاتل وقت بواڠ ايرچيل دان سري ڤسنيڠ، برلاتن٢ زبأوهمات دان لاين٢ کيستيقس منولڠ ممبرسيهکن رارهيڠ يسأ دان ڤره دڠناسم٢يڠ سدڠمرسڤکسندي٢ دان ياݢيڠ. دالم تيمڤوه 24 جم کينستيق س ممبونه کومن٢ براه ڤيڠݢڠممڤروتکن براه ڤيڤݢڠ بان مڠلواکن اس انبيسأ٢. بليله کيسيتيقس درڠي سبڠدي لوة دڠن اکوان يڠ بوله مممبتولکن کأدان توان٢ اتواڠ دکمباليکن بليلد سمکارڠ! دالم تيمڤوه 4 وجم توان براس باي دان چوݢڤ صيية دالم سميڠݢو  بأݢيي بواه ڤيڠݢڠ،لڠوه سندي ان بيسا٢ تولڠ، ڤوند ي٢کنميڠ,other_or_undetermined,other,
305,UM-1957-01-29-3,170912,1102.0,2908.0,1837.0,2908.0,1837.0,4340.0,1102.0,4340.0,600 مندڠر فنراڠن سوڠي فتاني 28 جنواري - به 600 اورڠ تله حاضر مڽقسيکن رتنجوقئن وايڠ ݢمبر امنو کمفوڠ بوکية مريم فد مالم خميس يڠ لفس. مريك جوݢ بله مندڠرفنراڠن٢ دري فݢاوي٢ هنو .نصير بن عبدالله تله ڽرو ايبو باڤ سفاي منومفوکن رهاتين يڠ لبه بسر کفد سو ل بريکن فلاجران يڠ لبه ماجو کفد انق٢ مريک سفاي مريک افة برخدمة باݢي کسنتوسأن,film,live_event,
306,UM-1957-01-29-6,171080,30.0,6162.0,2284.0,6162.0,2284.0,8563.0,30.0,8563.0,       سموااورڠ مڤراوله فاليده دڠن مڠکوناکن ”کفلڽ يا - کيفلريڠ سدف راساتايت منج ديکن سکلوار ددالم کا دان يڠ صيحة دان سنتيأس برجاکي! ڤنوه دڤن باأهن ٢يڠمنيمبولکن ميحاتن، ذا٢5 بيتمين 89 4، يڠ منداتخکن کتواتن. مخمبالب دان يمبولکن کصيحاتن. ساڠة برهرڽ کمد کانق٢، سرت نا يککن بدان. اي ممبري تناک کڤد اورڠ٢ مودادان توايڠ ڤرلوبأکي کهيدوڤن بايک ددالم سوال بکرج اتو برمأين ءکيل  .    ٢ يڽقايکن کود ليبراويين. يڠ د تمبه دڠن ڤاي برس بلند تندااکن سربية باروهس ويلکم عمند کمفني،٢ وکيل توقݢل بأکي ملايا، جيکسن عنند کيفني ليسيد .سيڤا قورا، کوالا لمفور، فولوفينڠ، ايفوه، جيسلتن دان بريتيش نورت بورتنيو,other_or_undetermined,other,
307,UM-1957-01-29-8,171207,1500.0,7875.0,2162.0,7875.0,2162.0,7965.0,1500.0,7965.0,کهندقکي دڠنسݢرا، منيجر وايڠ,other_or_undetermined,other,
308,UM-1957-01-29-8,171210,1483.0,6123.0,2235.0,6123.0,2235.0,7702.0,1483.0,7702.0,"سلطان بوك فڠݢوڠ وايڠ ݢمبر بارو کاثي ملطان فيرق، سر يوسف زالدين شاه، اکن ممبوک دڠن سمي فڠݢوڠ وايڠ ݢمبر بارو اثي دايفوه فد جم 8 مالم سوق. سباݢي ممفرا يڠاتي فمبو کأن يت، فڠݢوڠ ترسبوة منايڠکن چريتا ,ذي کيڠ عند أي“ سبوام يلم سينيماسکوف ورن ورني فڠݢوڠ بارو اين بوله برمواة دڠن 1,174 اورڠ، برهاوا ديڠين، ان ممفو ڽأي فرالاتن يڠ مودرن فرتنجوقين٢ فنتس جوݢ بوله",film,live_event,
309,UM-1957-01-30-1,171271,2787.0,5768.0,3526.0,5768.0,3526.0,6871.0,2787.0,6871.0,يفوه 29 جنواري - بي و نياندي، سورڠ فکرج بڠس نديا، تله ماتي هاڠوس دالم اتو کبکارن بسر يڠ تله برلاکو فڠݢوڠ وايڠ ݢمبر ستار چمبرلين رود فد صبح تادي امفة اورڠ لاين، ترماسوق مورڠ وا نيتا ملايو يڠ سدڠ تيدور الم فڠݢوڠ ترسبوة تله دافة ڽلامتکن ديري اينله کبکارن يڠ بسر يڠ,film,live_event,
310,UM-1957-01-30-1,171285,2861.0,5261.0,3451.0,5261.0,3451.0,5554.0,2861.0,5554.0,ورڠ ماتي دالم  کبکارن مڠݢوڠ وايڠ,other_or_undetermined,other,
311,UM-1957-01-30-4,171490,0.0,5133.0,697.0,5133.0,697.0,6327.0,0.0,6327.0,جنواري يڠ لالو. اينله کالي يڠ کدوا ان بهاݢين قدح تڠه منايڠکن وا. ݢمبر دسيني. تتافي دوکچينا کران ستيف کالي دادک فرتنجوقئن وايڠ ݢمبر اي دسرتاکن فول دڠن مموڠة درما سلابن دري ايت، ببراڠ ورڠ کتوا امنو تله2 ممبر وچافن٢ يڠ مڽيڠݢوڠ فميمفين فارتي لاين، سبلوم وايڠ کم ايت دتايڠکن - سري چبي,film,live_event,Kedah Tengah
312,UM-1957-01-30-4,171503,0.0,4214.0,2229.0,4214.0,2229.0,5123.0,0.0,5123.0,الم امنو بهاݢين اتومفة. بکرجسام دڠن لاين بڠسا. اوله دفساهن ان اايسج15فر تنجوقن امنو سبب کسو نتوقين ماس بليو فريل 1955، مڠيکوة کفوتسن منتا کفد يڠ حاضر مڠموکاکن تيلق فر چو ما يڠ تله دامبيل اوله جواتنکواس سوأل٢ يڠ بسر ساج دان بليو فرهو بڠن امنو نݢري کلنتن، کامي فندودق٢ کمفر تله منجواب دڠن جلسڽ سيڠکير، مڠوچفکن ريبوا ستله امنو فرهوبڠن کلنتن سوألن٢ درفد أ. رملي شعاري منريما فرمنتأن امنو چواڠن تريمکاسيه کفد امنو بهاݢي دان توان حاج عبدالکريم. اين سفاي دماسوقکن کدالم قدح تڠه، يڠ تله سودي منايڠک ڠکتيݢ، يڠ برحرمةکفتن امنو بهاݢين کوت بهارو، مفيکوة وايڠ ݢمبر دبيني فد تفݢل,film,live_event,Kuta Bharu
313,UM-1957-01-30-7,171723,1145.0,3145.0,1875.0,3145.0,1875.0,4317.0,1145.0,4317.0,نتوق کأمانن دان کمعموران لايا مرديکا. کمرديکأن رارتي بهوا سموا فيدودق٢ ݢري اين مستيله سڠݢوف نريما کواجيفن٢ بڠ لبه برة ان لواس انتوق ممبيتا نݢري ن منجادي سبواه نݢري يڠ مان دان معسور لبه 1000 اورڠ تله حاضر الم اوفچارا ترسبوة. جاموان٢ ان فرتنجوقئن وايڠ ݢمبر,film,live_event,
314,UM-1957-02-03-2,172415,3884.0,4762.0,4613.0,4762.0,4613.0,6983.0,3884.0,6983.0,فڠݢوڠ وايڠ تومفوان رهاري راي فولو فينڠ 2 فيبرواري - ورڠ٢ چينا دملوره فولو فينڠ دان سبرڠفراي تله مڽمبوة تأهون اروڽ کلمارين دڠن مريام کاأي. جائن٢ راي دان سفة٢ فراڠينن دان فڠݢوڠ٢ ايڠ کليهاتن فنوه سسق دڠن ورڠ٢ چينا. بس٢ جوك ستياس فنوه دڠن فنومفڠ٢ يڠ کباڽقکڽ دري اورڠ٢ چينا. بندر٢ لاين جوݢ دالم رسکتوان، اورڠ٢ چينا اداله رسوک ريا مڽمبوة تاهون بارو ن دکوالا لمفور اورڠ٢ چين ليهان برکليارن دکاواسن در دان فڠݢوڠ٢ وا يڠ. د تمفة٢ رسوک ريا يڠ لاين جوݢ رامي رڠ برکمفول مڽمبوة تاهون,film,live_event,Pulau Pinang
315,UM-1957-02-03-2,172435,33.0,1421.0,749.0,1421.0,749.0,3636.0,33.0,3636.0,مولا دالم ماس تيݢ بولن لاݢي کمونکينن اين، بݢيمانفون رݢنتوڠ کفد حاصيل فڽياستن مورڠ اينجنير دري سيڠافور ڠ دتوݢسکن ممبواة فڽياستن ڠنأي فمباڠونن سمولا فڠݢوڠ وايڠ ترسبوة. اينجنير ايت ولاکن کرجاڽ هاري اين. سورڠ جروچاکف فڠݢوڠ وايڠ ايت مڽتاکن تهوا دراوديون هاڽ دافة دبينا سمولا ستله ڽياستن٢ ايت سلسي. سکيراڽ اينجنير ايت رفندافة بهوا فالڠ٢ بسي بومبوڠ اڠونن فڠݢوڠ ايت تيدق سلامة مک کرج ممبيناسمولا تنتوله مڠمبيل اس يڠ لام دان کالو فالڠ٢ ايت ماسيه قواة دان اد هارفن اي دافة سودهکن دالم ماس تيݢ بولن کات جروچاکف ايت لاݢي. سمنتارا ايت، فڽياستن٢ انتوق نچاري فوتچا کبکارن ايت,other_or_undetermined,other,
316,UM-1957-02-03-2,172462,34.0,659.0,1508.0,659.0,1508.0,1418.0,34.0,1418.0,اوديون، دبوک هيوارد فسة برهنتي بولن لاکي ري فارتي کوميونيسة کوالا لمفور 2 فيبرواري- تيو يورك 2 فيبرواري  وجڠݢ امريکا شريکة هيوارد ڠݢوڠ وايڠ دراوديون“ يڠ فد مالم 30 جنواري لالو تله دجيلة سة يڠ تله ممناڠي هديه افي يڠ مڽببکن کروݢين کيرا٢ ردامين ستالين ڤد تاهون 1953 مالم منرڠکن بهوا دي تله ستڠه جوتا رڠݢية، مونکين دبوك,film,media_content,
317,UM-1957-02-04-2,172922,3053.0,7577.0,3787.0,7577.0,3787.0,8481.0,3053.0,8481.0,بتيأوسها. دان سورڠ بندهاري کساتوان فلاچوران ايت تله ري دفيليه. ستيأوسها کساتوان فلاچور٢ يت، مڠلوارکن ساتو کڽتأن رݢات بهوا تڠݢوت٢ کساتوان يت اکن مڠمقولکن واڠ دان نچاري انتوق درما٢ فرجوايڠکن نصيب مريك دداڽ,other_or_undetermined,other,
318,UM-1957-02-04-7,173270,1181.0,2595.0,1915.0,2595.0,1915.0,3862.0,1181.0,3862.0,فن فير امنو کوالا لمفور 3فيبرواري - منو بهاݢين کوالا لاڠة اکن ڠادکن تماش فن فير سلما امفة اري برتورة٢ مولاءي هاري ئني اين کران فوڠتن درم هاݢينڽ. برباݢي٢ جنيس رماينن دان هيبوران اکن ادکن ترماسوق جوݢية، برسيلة نيفق راݢا دان وايڠ کتوفرق . حمزه الڠ ستيأوسها امنو فاݢين سلاڠور، اکن ممبوك,puppetry,live_event,Kuala Langat
319,UM-1957-02-05-8,173834,4547.0,2856.0,5281.0,2856.0,5281.0,4620.0,4547.0,4620.0,"عاقبة دروق عين رول، ڠ کدوا کأتس فڠݢوڠ٢ لندن4 فيبرواري - فمودا٢ ڠ ݢمر منونتون وايڠ ݢمبر مله مڽببکن کروسقئن بسر کفد بواه فڠݢوڠ دلندن مالم تادي تله مڽقسيکن فيلم دروق عين ول“ يڠ کدوا. لبه 30 اورڠ وليس تله دݢوناکن انتوق ڠامانکن سمولا فڠݢوڠ ايت فيلم رروق عين رول“ يڠ ارو اين برنام ""دونة نوق ذي وق“. انم بولن دولو فيلم يڠ رتام تله جوݢ. ميبکر کرومقئن کفد باڽق فڠݢوڠ٢ ايڠ ݢمبر. - ايه. ايف في.",film,live_event,لندن
320,UM-1957-02-06-1,173879,1873.0,6719.0,2605.0,6719.0,2605.0,7795.0,1873.0,7795.0,فلاکون وايڠ چينا دجمفأي ماتي دلاوة سورڠ فلاکون للاکي ايڠ چينا، کوءيق چيڠ کڠ رعمور54 تاهون، تله دجمفأي اتي ترافوڠ٢ ددالم لاوة دکة کليفورد فيار فتڠ سمالم. دداهي ميتڽ اد بکس کس تق دان بهاݢين موکاڽ لبم٢ بوليس سکارڠ سدڠ منجالنݢن,stage_performance,other,
321,UM-1957-02-06-3,174030,2684.0,1098.0,3412.0,1098.0,3412.0,2560.0,2684.0,2560.0,فاس جوالن مکانن قوم ايبو امنو فودو کوالا لمفور5 فيبرواري - ماش فاسر جوالن مکانن اکن ادکن دتانه تافق باڠونن رومه منو چواڠن فودو، فاسر رود مولاءي جم 10 فاݢي هڠݢ 18 ڠهمالم 2 مرچ اکن داتڠ. فرتنجوقن٢ وايڠ ݢمبر ثراحن، جوالن سرب انيک کوءيه، مينومن، بوڠا٢’ سافو تاڠن ان لاينڽ٢ لکن دادکن. سݢل واڠ يڠ ددافة اکن جاديکن درما رومه امنو,film,live_event,Kuala Lumpur
322,UM-1957-02-06-7,174291,2787.0,3655.0,3526.0,3655.0,3526.0,4263.0,2787.0,4263.0,مئورڠ درفد مريکئيت، تي چوڠ فاة، مريد سکوله، تله ڠاکو ساله ممباکر مرچون دالم ڠݢوڠ وايڠ ݢمبر کائي فد فاݢي 2 فيبرواري يڠ لالو يڠ مڽببکن هلي کاين فينتو فڠݢوڠ ترسبوة,film,other,
323,UM-1957-02-08-5,175172,306.0,7001.0,1070.0,7001.0,1070.0,8557.0,306.0,8557.0,مما دچ بيکو٢ موات نام يڠ موده وايڠت ڠبي -کواويت ميڽق بکو باݢي سموا جدمي لوک، فرجالر، ملجورداب کنا اڤي. اي مڠها فو سکن سباکيت مسيمبين مجاݢ دان سمکرا مڽممبوهکن کوليتيڠ سموده فچه .ݢوناکمله اويت يباي مڠهيلقکي  جواوةيمموود  دان فڽاکية کولية يڠ  فياي ترجادب درف سها ريکمسهاره يڠ بايلڠ باݢي کوليية.,other_or_undetermined,other,
324,UM-1957-02-08-5,175226,5436.0,2283.0,6535.0,2283.0,6535.0,2423.0,5436.0,2423.0,ڠادکن فرتنجوقئن وايڠ فيهق فوليس.,other_or_undetermined,live_event,
325,UM-1957-02-08-5,175233,4253.0,1305.0,5818.0,1305.0,5818.0,2214.0,4253.0,2214.0,أ. حميد اياله جوݢ فنأوڠ فرجمفأن اکن دادکن فد ميڠݢو جوا تنکواس بولن سابية ميره. دفن انتارا جواتنکواس ايت اکن دايڠة فرمنتأن دڠن منتري٢ اسلام انتوق جوا تنکواس بولن سابية ميره مندافتکن سوکڠن مريک دالم حال ترسبوة. کفد فيهق فوليس انتوق سلاين دري أ. حميد مک مندافتکن کبنارن منجوال  بنديرا، مڠادکن فوڠتن درما أ. صديق بن حاج عبدالحميد دان مڠادکن فرتنجوقئن وايڠ فنولڠ منتري فلاجران دان ݢمين باݢي درما مصر سهڠݢ توان جيه. عيم. جومهابوي,other_or_undetermined,live_event,
326,UM-1957-02-11-4,176174,3985.0,4071.0,4737.0,4071.0,4737.0,7435.0,3985.0,7435.0,سوأل٢ لمفو دان فرهياسن٢ ساج. ساي برستوجو دڠن سبب٢  ر يممکاسيه کامي فندودق٢ کمفوڠ اتو لافن، سجڠکڠ، تراوتماڽ دکالڠن کانق٢ ساڠتله مڠوچفکن ريبوان تريمکاسيه فد فيهق فجابةفنراڠن يڠ تله نايڠکن وايڠ ݢمبرڽ دتمفة امي بارو٢ اين- ايچ. عيم. رو فا ريبة، سلاڠور مأو فأيف اير سوده تيݢ تاهون لماڽ فندودق فادڠ نݢارا، کامي کوالا ترڠݢانو منوڠݢو٢ کماسوقکن فأيق اير دسيني بݢيمان يڠ تله دجنجيکن اوله کراجأن دولو، تتافي سمفي هاري اين ماسيه بلوم دلقسانکن اݢي کاسي دڠرکابر بهوا رومه٢ کراجأ دباتو بوروق، تله فون نداڤة بکالن ڤأيف ايت. - رس نݢارا، کوالا ترڠݢانو.  وچافن تريمکاسيه ساي محمد ساني بن عثمان,film,other,
327,UM-1957-02-12-2,176538,1757.0,5444.0,2506.0,5444.0,2506.0,8554.0,1757.0,8554.0,الجيرس سهڠݢ اخر ميڠݢو ين دوا اورڠ اسلام يڠ اد دالم تاديوم ايت تله دفوکل اوله ورڠ٢ ايووفه دالم ستاديوم يت سهڠݢ ماتي. کدوا٢ اورڠ سلام ايت دشککي سباݢي اورڠ ڠ مليمفرکن بوم ايت سمنتارا ايت دري بندر ونزا سبواه بوم قله ملتوف سبواء فڠݢوڠ وايڠ ݢمبر دبندر يت تيݢ اورڠ تله ماتي دان 1 اورڠ لاݢي چدرا سموا مڠسا سراڠن بوم ايت ياله اورڠ٢ ايروفه دان جمله ورڠ٢ يڠ ماتي مونکين بر تمبه کران سجمله بسر دري اورڠ٢ ڠ چدرا دالم لتوفن٢ بوم ايت الم کادأن فاره. سمنتارا ايت فيهق برکواس رنچيس. هاري اين مندعو هوا تنترا٢ فرنچس تله ممبونه 55 اورڠ فمرونتق د ببراف يدان فرتمفوران دالچير ي سمنجق 24 جم يڠ لالو جملم سکر٢ فرنچيس يڠ ماتي و چدرا تيدق دعمومکن وءيتر، ايه. اين. في. دان,film,other,
328,UM-1957-02-12-6,176777,5670.0,7720.0,6396.0,7720.0,6396.0,8518.0,5670.0,8518.0,کامي فندودق٢ اولو فيله ݢري سمبيلن اداله مڠوچفکن يڠݢي٢ تريمکاسيه کفدفݢاوي نجابة فنراڠن کوالا فيله کران مودي منايڠکن. وايڠ ݢمبرڽ دفادڠ سکوله ملايو اولو فيله فد مالم5 فيبرواري کلمارين- ملاتي ديسا، اولو فيله. نݢري,film,live_event,Kuala Pilah
329,UM-1957-02-12-6,176782,5789.0,7562.0,6272.0,7562.0,6272.0,7715.0,5789.0,7715.0,وايڠ کهبر,other_or_undetermined,other,
330,UM-1957-02-13-6,177356,2421.0,1904.0,3165.0,1904.0,3165.0,4419.0,2421.0,4419.0,بول سورة٢ فرموهنن ايت تيدق ڠسوڠ برجواب. دانتارا لاين مشوارق رواکيلن ترسبوة تله برستوجو ندسق فجابة فلاجران سفاي ريد٢ اسلام دسکوله اڠݢريس ڠ بلاجر اݢام دسبله فتڠ ندقله دقتفکن بلاجر دسبله اݢي ساج. مندمق کراجأن جوهر سفاي نݢه فرتنجوقئن وايڠ ݢمبر ري جم 11.30 فاݢي هڠݢ 2 تڠ فد تيف٢ هاري جمعة. فݢاوي٢ دان اهل٢ جواتنکواس بارو يڠ تله دفيليه اݢي تاهون اين اياله: کتوا هاݢين توان حاج محمد امين مران، نأيب کتوا توان شيخ نوار بن عبدالله، ستيأوسها أ مبوڠ بن يحيى، بندهاري توانڽ حاجعبدالرحمن بن عبدالله،کتوا نراڠن توانڽ سيد محمد بن يدروس، کتوا فمودا بهاݢين .اسمعيل بن محمد ياسين دان فوله اورڠ اهل جوا تنکواس,film,other,
331,UM-1957-02-13-8,177460,1707.0,5935.0,2439.0,5935.0,2439.0,6999.0,1707.0,6999.0,نديوارا امنو دسرمبن سرمبن 12 فيبرواري - امنو هاݢين سرمبن بارة اکن مڠادکن رتنجوقئن سنديوارا سلما دو الم دفڤݢوڠ وايڠ ݢمبر نيلاي د23 دان24 فيرواري اين ران درما بهاݢينڽ. فنچراݢم وارا فمودا هيبوران اکن بريکن فرتنجوقئن ترسبوة.,film,live_event,Seremban
332,UM-1957-02-14-6,177883,3978.0,1904.0,4720.0,1904.0,4720.0,5501.0,3978.0,5501.0,هاݢين ممبري فنراڠن برهو بڠ ڠن کنايککن چوکي ايت هڠݢ ڽببکن تيمبول کريتيک٢ سرت بيڠوڠکن اورڠ٢ کمفوڠ. سلنجوتڽ بليو برکات بهو هندقله فجابة فنراڠن ترسبوق بري فنراڠن يڠ چرݢس دان جاڠن هاڽ منايڠکن وايڠ٢ ݢمبر ڠ سوده باسي ايت ساج،. سلاين دري ايت مشوارت ݢوڠ ترسبوة تله مڠمبيل کفوتسن مرايو کفد کراجأن رسکتوان سفاي بنديرا نݢارا رمکتوان تانه ملايو يڠ اد کارڠ داو به کفد سبواه بندير ڠ بتول٢ برچورق مرد يکا کران ستڠه درفد چورق٢ نديرا ايت ماسيه بريأو فنجاجه مشوارة اݢوڠ اين تله جوݢ برستوجو مننتوة کراجأن رسکتوان سفاي مڠادکن فاسوقکن وانسار افبيل ملايا سوده رديکا کلق کوله اݢام باتو ݢاجه ملاک 13 فيبرواري - سکوله ݢام باتو ݢاجه، مرليمو، ملاك ڠ دديزيکن دڠن فر بلنجأن باڽق 500 تله دبوك دڠن رسمي وله توان حاج معطي دالم ساتو ستعادة يڠ دلڠسوڠکن بارو٢ ن. کيرا٢ 300 اورڠ فندودق٢ کمفوڠ ترسبوة دان فارا جمفوتن له مڽقسيکن فمبوکأن سکوله يت. سکوله اين بوله ممواق,film,other,
333,UM-1957-02-16-7,178939,332.0,4035.0,3393.0,4035.0,3393.0,8608.0,332.0,8608.0,"صمف ݢابه ي راوکير دکنا دڠراينا يال فربواکن اسيا رالما هوڽݢير، 125٥. اوکيرن ري دک مڠڤه ايکن ا  سم ريانابهايت يت فدناڽلمکڤ رڠبن سݢللکجمرما مرنس داله را يرڽاولم اصفت ادکشبوريه ]بور ڤ   سا بور  ل   اڠسس يڠميييه اداله سابور يڠ ترڠيليه مريتش. ڠرهيبالسکڤا  انتف ممليها کوليتمردکن بويڽ ريڠ   فوس ها رومم سمئوله"" مموبايت. للسب ڠويتيه ران جرسميکران ديي مڠشوڠ   مييت يمو لي هريشاء دانجرسسهسمات ک دم للسک سبرت٢ داڠة من کيتڠن کرلسية1 خيڠ - ݢراکنله ديي سمرکو، سمباݢيما ڽ بهونئ يڠ دعريبواء اولح رڠبرتا“وايڠتا بليحا ميئلد” بر. ل باکماڽ و درڤتي٢ بيڠڠيضيلس يڠ کدڠيربکيتبال صي4 بينت عممي.ايڠ.فر.  ستي سنام ڠݢرناکن سا بوڽ واڠي لکس يميمسه انق سبا کو سا وامن ليبر براذيس ",puppetry,op_ed,
334,UM-1957-02-16-7,178946,3524.0,5167.0,4284.0,5167.0,4284.0,8458.0,3524.0,8458.0,راڽيو جاکر تا (19.80 - 25.43 - 122 ميتر) جم 12.58 تڠهاري اين لمبارن انيتا1 فرخبران، 1.10 بوڽين٢ لوکو، 1.30 اورکيسة کرو نچوڠ کسوما، 2 فرخبران 2.1 اورکيسة ملايو ايراما ݢوڠ، 245 هڠݢ 3 فرخبران دان ريحة. (49.63-76.2 ميتر) جم 5 فتڠ لاݢو٢ هيبوران، 5.30 يندڠ فأوه سمبيلن،6 رمفاين وسنتارا، 618 تينجاون چارا يارن، 6.15 رواڠن فرايکانن 6.36 اورکيسة هاواين سوار! ستان. (49.63 -76.2 - 122 ميتر جم 7 مالم فرخبران، 7.10 ڠکامن سورتخبر، 7.20 لاݢو٢ تق، 730 هيبوران ستود يو جاکرتا، 8 فرخبران، 8.05 سيارر مرنته. 830 ايبو کوت هاري ن8.42 سفتانادا’ 9 ريفور تيس 91 وايڠ کولية، 10 فرخبران 19.1 هڠݢ 11 سمبوڠن وايڠ کولية داتن تمت. يسوق (7990 - ?490- 122 يتر) جم 7فاݢي فرخبران، 7.10 يڠݢو داتڠ، 7.30 لاݢو٢ بارة فرخبران، 810 فيليهن فندڠر فرخران، 9.10 اورکيس: ولينتڠ، 930 چريتا، 940 اڽين٢. 10 سيارن دري ݢدوڠ,puppetry,media_content,
335,UM-1957-02-18-7,179945,5786.0,2900.0,6554.0,2900.0,6554.0,5605.0,5786.0,5605.0,مشوارة اݢوڠ شريکة فرکبونن ملايو دفيرق کوالا لمفور 17 فيبرواري- مشوارةاݢوڠ شريکة کمفوڠ بارو دان فرکبونن ملايو، کريان دان لاما، فيرق، اکن دادکن دفڠݢوڠ وايڠ ݢمبر باݢن سراي فد 9 مرچ دڤن. شوارة ترسبوة اکن دبوک اوله منتري بسر فيرق، داتو. حاج عبدالوهاب أ. عبدالعزيڠز ن اسحاق، منتري فرتاتين فرسکتوان، اداله دچدو [لکن اکن حاضر دالم مشوادة ايت. دأتتارا ݢتتافن٢ يڠ اکن د بينچڠکن داݢم مشوارة ايت! يالله مرو نديڠکن قنريمأن رنچاڠن يم تاهون نبوک کمفوڠ بارودان فرکيونن ملايو دتانه يڠ سلواس 12000 ايکر دججاهن سلاما دان مموهن فينجاهن واڠ کفد کراجأن فرسکتوان سباڽق انم جوتا رڠݢية شريکة ترسبوة سکارڠ اين ممفو ڽأي لبه 2640 اورڠ اهل دان ممفو ڽأي مودل تاهو ننڽ,film,live_event,Kuala Lumpur
336,UM-1957-02-20-5,180827,3378.0,3723.0,4119.0,3723.0,4119.0,5671.0,3378.0,5671.0,ݢارا٢ ماين مرچون سئورڠ مريد سکوله يڠ تله مڠاکو ساله ممباکر مرچون دالم ڠݢوڠ وايڠ ݢمبر کاثي، سيڠافور فد فاݢي 2 فيبرواري يڠ لالو تلهم فرتتهکن سفاي برکلاکوان ايک سلما انم بولن دڠن جامير 825 اوله محکمه مجيسترية ڠ کأنم سيڠافورا کلمارين. تي چوڠ فة، مريد ترسبون له مڠاکو ساله کتيك اي هادفکن دمحکمه ترسبوة ود يڠݢو يڠ لالو. مي دترڠکن تله ممباݢر فافن مرچون دان منچمفقکنڽ ککاين فينتوفڠݢوڠ ايت. مرچون رسبوة تله ملتوف دان کاين يت ترباکر، تتافي سئورڠ يتيندنة تله برجاي مادمکن,film,other,
337,UM-1957-02-20-6,180866,2584.0,7199.0,3327.0,7199.0,3327.0,8502.0,2584.0,8502.0,يڠݢو ايت سلاين دري وايڠ٢ وفيرا“ وايڠ کولية دري کلنتن رسيلة، مأين ݢاسيڠ دان جوݢية تر تنديڠن٢ مياڽني دأن فکاين چتتيق جوݢ اݢن دادݢن أݢ ڤد 29 ݢأڽ 30 في أدکن ڤرلومبأن٢ کودا دان رماينن فولو برکودا. أيره٢ دالم بندر فکن ين٢ ر مبولاک دري 1هڠݢ 3 جون.,puppetry,live_event,
338,UM-1957-02-20-8,181023,860.0,2539.0,2379.0,2539.0,2379.0,3119.0,860.0,3119.0,کوررو٢ موڽا فينتس فوݢيڠ أ ممبنتو فقير٢ اکفاررية ج باتو فهة 19 فيبرواري - تونس مودا هيوران قارتي يڠ رديري دري ݢورو٢ مودا فاسوقکن فينتس فوديڠ اکن ڠادکن فرتنجوقين مالم انيکا ورن دفڠݢوڠ وايڠ ݢمبر فارية,film,live_event,
339,UM-1957-02-21-8,181581,3966.0,4104.0,4709.0,4104.0,4709.0,6930.0,3966.0,6930.0,فمودا فمودي فنوه سسق فڠݢوڠ ريکس ڠݢوڠ وايڠ ݢمبر ريکس سيڠافورا، فاݢي سمالم تله فنوه سسق دڠن فمودا فمودي يڠ مميناتي روق عند وول کران منونتون فيلم روق عند رول يڠ کدو برنام رروق فريتي بيبي کلوارن يو فيبر سل ينتر ناشيو فل ر تنجوقئن ترسبوة محڠ دخاصکن انتوق مريکئيت دان سبلوم فيلم ايت دفوتر اتو فر تنجوقئن تارين روق عند رول تله دادکن دهلامن فڠݢوڠ ريکس اوله بيري هيسلي دان راکنڽ ميس جيئيث او نسلو. 44 وروق فريتي يلم ييي  منچر بتأکن حال فمودا٢ دان فودي٢ دسکوڤه٢ يڠݢي دامريکا يڠ ترلالو عاشيقکن تارين روق عند رول دالم فيلماين 12 لاݢو تارين ايت اد دفردڠرکن,film,live_event,Singapore
340,UM-1957-02-22-4,181817,58.0,5623.0,2357.0,5623.0,2357.0,8451.0,58.0,8451.0,"خبار٢ دان مجله٢ مڠنأي فرتام، مڠحرامکن تارين سيکل رودا تيݢ جوهر بهارو. فرکارا ررسيقس“ سفرت اعلان وݢيل دالم اف بنتوق فون کامي جوݢ مڠوچفکن و باتن٢ دان سباݢيڽ. کدوا، مڠحرامکن بوکو٢ تريمکاسيه کفد ݢورو٢ ملايو کليم، ملارڠ کماسوقکن فيلم٢ وچه، ݢمبر٢ مجله يڠ جوهر يڠ تله سودي ممينجمکن يڠ مڠندوڠي کمبر٢ لوچه دان نايککن نفسو - سمأد کلوارن رومه کساتوانڽ انتوق تمفة کجاهتن٢ يڠ دلوار باتس، لايا اتو فون لوار نݢري. کامي برکمفول ݢمبر٢ برفلوق چيوم داعلان دمکين جوݢ برکنأن فڠݢوڠ٢ وايڠ، هندقله جوݢ دڠن فڠلوارن بوکو٢ وچنتا 3باتسکڽ. بهݢيا“ دان فڠارڠڽ کامي تيدق کأنم مڠهانوسکن فر تنجوقئن ”و انيتا يلوڤ66 لوف مڠوچفکن تريمکاسيه، اتو ""ربيوتي کو نتيسة“ دالم کران دافة منجاديکن قندوان سمنجق توليسن روانيتا ف چارا فون. کفد کامي سباݢي فناريق٢ کتوجه، مڠحرامکن سامسکالي در بيدور“ ترسيار درواڠن وداتيݢ، - ستيأو سها فرساتوان ان برتاجوقکن. راف ساج بوله بلاچوران دان فلاين٢ فرمفوان. رودا تيݢ جوهر بهارو. کدلافن، مڠادکن کيمفين اڽ، تافي جاڠن فصل نايك چوکي“ نمفقڽ تله برجيلا٢ شراحن٢ اݢام دمرات٢ تمفة   ول کفد فرکارا ساي داتڠ دالم نݢري دري سماس کسماس، تريمکاسيه کران تݢوران اولو“ سباݢي ساله سورڠ فڠلولا دأن ممبري نصيحة کفد ايبو دالم ساعة تانهأير کيت ياف يڠ ترفڠاروه دڠن فرجمفأن انق ملايو تڠکق کارڠ سدڠ مڠݢلݢق دڠن کمودرنن بارة سفاي مڠاول دسيڠافورا، ساي مڠوچفکن رݢولقيئن فوليتيک، ساي راس بريمکاسيه دأتس تݢوران افق٢ مريک. رکارا يڠ تيدق منداتڠکن سکينله فندافة ساي دالم سودارا ررايل. سي. موها، يڠ کبجيکن موأل کريسيس اخلاق دکالڠن عموم، جاڠنله قرسيار درواڠن اين تڠݢل 15 فنجڠکن٢ لاݢي، کران ماسيه فمودا - فمودي کيت. ساي فيبرواري يڠ لالو، سرت جوݢ اڽق فرکارا٢ يڠ هاروس فرچاي کالو کراجأن برتيندق کفد اهل٢ يڠ لاين. هالوسي دان دفرد بتکن نتوق مڠهافوسکنڽ، مك فياکية ساي معلومکن دسيني بهيوا هارف رنتيکن ايت تيدق اکن برتمبه ملواس فرجمفأن ترسبوة بلوم دافة سلاي ربحائن رساي داتڠ دولو“.- لاݢي. - احمد سامن، کوت دادکن سهڠݢ فد ماس يڠ اکن",other_or_undetermined,op_ed,
341,UM-1957-02-22-7,182023,3162.0,5642.0,3426.0,5642.0,3426.0,5741.0,3162.0,5741.0,وايڠ ݢمبر,film,other,
342,UM-1957-02-22-8,182100,894.0,1483.0,1634.0,1483.0,1634.0,4110.0,894.0,4110.0,رنته بر کو رروڠ دلوڠݢرکن دکڠکا براو کران فن فير کڠکا تبراو، جوهر بهارو 2 فيبرواري - توان حاج امين ن عمران، کتوا امنو بهاݢين جوهر بهارو، دان ببراف اورڠ ݢوي بهاݢين ترسبوة تله داتڠ کڤکا تبراو کران مرسميکن سبوکأن فن فير امنو چواڠن سيتو ببراف اورڠ فݢاوي قوم ايبو منو چواڠن بندر جوهر بهارو ڠ دکتوأي اوله چيء کتيجه نت حاج بکري دانچيء کلئوم لي، دان اهل٢ جوا تنکواس فرݢرقئن فمودا امنو جوهر هارو تله مڽومبڠکن تناݢ مريک نولڠ منجوال بوڠا کران فن فير ايت، کرا جأن جوهر تله ملوڠݢرکن فرنته رکوروڠ دکاواسنکڠکر براو دان اين ممبري فلواڠ کفد ندودق٢ دسيتو مڽقسيکن، تماش وڠݢيڠ، موسيق دان وايڠ ݢمبر,film,live_event,Johor Bahru
343,UM-1957-02-23-1,182139,4217.0,3439.0,5733.0,3439.0,5733.0,7262.0,4217.0,7262.0,فڠعمومن فريسيدنة سوکرنو ايت مروفاکن ساتو امانة بليو کفد سلوره رعية اندونيسيا انتوق مڽلامتکن ديموقرامي دان مڠا سي کسوليتن٢ فوليتيک دان کدأ. راهن يڠ سدڠ دهادفي اوله اندو نيسب کارڠ. فريسيدنة سوکرنو ممبواة فتء مومن ايت دري استان مرد يکم جاکرتا ددفن 900 اورڠ فميمفين فوليتيک، ترماموق بکس وݢيل ريسيدنة، محمد حتى، فڠليما٢ تترا دان برفوله٢ ريبو رعيا قدو نيسيا. امانتڽ ايت تله دفنچرکن کسلوره نݢري اوله رادبو يفبليک اندونيسيا. سموا فڠݢوڠ٢ وايڠ دان تمفة کرامين تل توتف انتوق مندڠر امافة فر يسيدنة ايت. منيمبڠ بتاف بسرڽ فرهاتين رعية ملايااتس اوچافن فريسيدن توݢر نو ايت، مک دباوه اين دسيارکن سدوتن فنوه اماية فر يسيد نة يفبليک اندونيسيا ايتن- ردالم ساعة٢ يڠ نݢاراکيت ددالم کسوليتن٢ اين، مک بايکدم اساڽ کيت، فميمڤين٢ رعية، برسام٢ مڽداري دان مرسفکن راس ککوا تيران هاتي کيت. برهوبڠ دڠن کسوليتن٢ بڠ دهادفي اوله ݢاراکيت ايت. بهوا نݢاراکيت دالم کسوليتن سوده دکتهوي اوله ودارا٢ سکلين دان سلوره رعية اندو نيسيا انصاف اکن حيل ايت کسوليتن يڠ دهادفي نݢارا کيت بوکن کسوليتن ببراف هاري ن ساج تتافي اداله کسوليتن لام يڠ تله ممونچق٢ داخر٢ اين وجوݢ سودارا٢ سکلين يڠ ماميڠ٢ منچنتأي نݢاراکيت ايڠين ڽلامتکن نݢارا. ساي فون لام سکالي برفيکر بݢيمان کيت دافة ڠاتسي کسوليتن اين. اخرڽ ترچافيله کبولاتن فيکران يڠ فد الم اين ساي فرسمبهکن کفد سودارا٢ سکلين دان سلوره رعية ندو نيسيا انتوق دفرتيمبڠکن دان دجاديکن باهن باݢي سودارا٢ توق منچاري جالن ݢونا مڠاتسي کسوليتن٢ ايت فد 15 فيبرواري 1957 تله داتڠ ديليݢاسي دري ليم فارتي ندوکوڠ فمرنته، وکيل٢ في. عين. أي نهضة العلماء في ايس ي. أي. فرکيندو دان کائوليک دان ددالم فرتموان ابت تله کموکاکن اومول، فيکران دان فرمنتأن٢ دري فارتي. ماسيڠ٢ سمواڽ مڠهندقکي اݢر سفاي کيت دانة براختيار ݢونا مڤأتسي کسوليتن٢ ديواس اين، کهندق يڠ کلوار دري هاتي يڠ سوچي ليا دان لوهور. اد. دانتارا مريک يڠ مڠهندقکي فراو باهن دان جوݢ فراو باهن کابينية مچارا ايتݢرال وڠکر تياڠ ساج تأ چوکف وتتکل ساي دڠرکن فرمنتأن٢ سرت اوسول وکيل٢ فار ي?ت ک تربايڠله دموک ساي مݢنف فرجواڠن رعية اندو نيسيا يڠ تله رفوله٢ تاهون. تيدق ساج فرݢرقئن ناشيو تل تاهون 1928، بهکن,other_or_undetermined,other,
344,UM-1957-02-23-4,182320,35.0,720.0,1531.0,720.0,1531.0,6180.0,35.0,6180.0,"کيبرکن بنديرا  فر سککتو ان فل 31 اوکسة سوده بارڠ تنتو کمرديکأن يڠ اکن کيت چافي دان شتهارکن کسلوره د نيا فد تاريخ 31 اوݢسة 1957 يڠ اکن داتڠ ت.اکن کيت را ياکن دان سمبوة دڠن سلايقڽ. دسيني ساي ايڠين منچادڠکن سفاي ستيف رومه دان باڠونن سلوره فلوسوق تانه ملايو، مڠيبرکن بنديرا رقاڤه ملايو فد هاري رمبوة. - توميران حاج سراج، سمره، باتو فهلة جوهر.     علامة بارو علامة فجابة امنو چواڠن  جالن کايو، سيڠافورا، يڠ سبنرڽ کڤل اياله نمبر 7-138’ جالن کايو، فو جين دان بوکنله 7-138، سبݢيمان سئو رڠ کتو  يڠ دسيارکن درواڠن اين سديکية هاري دولو.- ستيأو سها امنو امنو چواڠن جالن کايو، سليتر، منيليق دري فرکارا٢ سيڠافورا. کبجيکن عام يڠ داوسهاکن  وئه توان حاج عمر بن حاج شراحن اسراء دان معراج بدالله، ستيأوسها امنو چواڠن ببراف اورڠ فنشرح٢ اݢام رمس، کوݢوف، جوهر، مك ڠ ترکموک اکن برشرح دالم ݢامي برڤنداية بهوا بليوله داتو مجلس شراحن بوکنأن ڠ تواجرڽ منجادي وکيل دڠن اسراء دان معراج فد 27 تفيلة. فيبرواري اين دمسجد جامع"" کهيدوفن رعية جلات يڠ توڠي رمبي ملاك. توسه دان مندريتا قله دسياسة جوا تنکواس لمباݢ مسجد وله بليو. دان بليو ممبري يت مڽروکفد اورڠرامي سفاي رتولڠن، دڠن تيدق مڠمبيل قورة مڠحاضريڽ برسام٢. - ف٢ فأيده انتوق ديريڽ. فينا اسمأرا: مللاك. فرجلانن امنو چواڠن رسبوة، يڠ دولوڽ تيدق وچافن تنيمکاسيه ݢيتو لنچر دان چرݢس، کيني کامي باݢي فيهق مريد٢ له مندافة سمبوتن يڠ بايک توا دان ݢورو٢ سرت اورڠ٢ دري رعية. سباݢي بوقتيڽ افة دسقسيکن فد 1 فيبرواري کمفوڠ سوڠي بوروڠ، مڠوچنکن ڠ لالو. فرا يأن سمبوتن هاري ستيڠݢي٢ تريمکاسيه کفد فيهق يدريشن دادکن سچارا بسران٢ فجابة فرهوبڠ راي سلاڠور، ستعادة منايککن بنديرا امنو کران سودي منايڠکن وايڠ ݢمبردتمفة کامي بارو٢ اين. - چواڠن ترسبوة بوسرت دڠڽ کيريمن عيم. محمد مستور، اريس کحرمانن فمودا امنو تله دادکن. سکوله ملايو سوڠي بوروڠ. هاري ايت اداله هاري نڠ برسجاره دتمفة کامي فيمفينن توان حاج ايت. کامي مڠاڠݢف کداتڠن توان کامي بردعا دان برهارف حاج عمر يڠ بربهݢيا ايت ݢر توان حاج عمر برجواڠ اداله سفرت ففاته ,يڠ بولة تروسمنروس انتوق کمنتيڠن داتڠ مڠݢوليق دان يڠ فيفيه رعية جلات. فيمفينله دان  داقڠ ملايڠ“ فندوله رعية جلات يڠ سبنرڽ فراوباهن٢ دان کماجوان برکهندقکن فميمفين يڠ",film,other,
